ring,lon,lat
0,129.486956,35.738403
0,129.486998,35.738319
0,129.486919,35.738295
0,129.486944,35.738264
0,129.487008,35.738259
0,129.486979,35.738197
0,129.486974,35.738016
0,129.486855,35.737895
0,129.486812,35.737873
0,129.486773,35.737898
0,129.486718,35.737958
0,129.486711,35.738168
0,129.486616,35.738183
0,129.486434,35.738167
0,129.486395,35.738217
0,129.486395,35.738263
0,129.486447,35.738316
0,129.486568,35.738397
0,129.486737,35.738439
0,129.48675,35.738388
0,129.486769,35.738388
0,129.48682,35.738453
0,129.486935,35.738467
0,129.486956,35.738403
1,129.274451,36.079613
1,129.275082,36.079224
1,129.275207,36.079217
1,129.275266,36.079214
1,129.275596,36.079195
1,129.276205,36.079159
1,129.277034,36.077825
1,129.277218,36.077234
1,129.277579,36.076636
1,129.277617,36.076623
1,129.277973,36.076496
1,129.277983,36.076493
1,129.277992,36.076488
1,129.279353,36.075701
1,129.279417,36.075
1,129.280289,36.074608
1,129.281054,36.074698
1,129.281915,36.074197
1,129.282699,36.073712
1,129.282723,36.073697
1,129.282777,36.073596
1,129.282815,36.073526
1,129.283158,36.072886
1,129.284988,36.07186
1,129.28505,36.071825
1,129.285068,36.071254
1,129.285068,36.071234
1,129.285716,36.070858
1,129.28602,36.07031
1,129.28644,36.070032
1,129.286475,36.07001
1,129.28626,36.069864
1,129.28594,36.069648
1,129.285855,36.069446
1,129.285778,36.069262
1,129.285261,36.068429
1,129.285057,36.068222
1,129.285025,36.067985
1,129.284981,36.067422
1,129.284934,36.067244
1,129.284851,36.066926
1,129.284936,36.066553
1,129.285374,36.06566
1,129.285614,36.065491
1,129.285621,36.065477
1,129.285765,36.065206
1,129.285797,36.065183
1,129.286221,36.064879
1,129.286492,36.06435
1,129.286489,36.06433
1,129.286418,36.063915
1,129.286555,36.063614
1,129.286551,36.063597
1,129.286501,36.063382
1,129.286373,36.062876
1,129.286341,36.062707
1,129.286219,36.062079
1,129.2862,36.061865
1,129.286094,36.061874
1,129.285801,36.061898
1,129.2858,36.061898
1,129.285682,36.061842
1,129.28526,36.061641
1,129.284073,36.061903
1,129.282986,36.061985
1,129.28299,36.061949
1,129.283016,36.061677
1,129.282946,36.061382
1,129.282894,36.061213
1,129.28299,36.06105
1,129.283237,36.060659
1,129.282704,36.059824
1,129.282267,36.05955
1,129.281523,36.058944
1,129.281412,36.058843
1,129.280831,36.058367
1,129.280662,36.058011
1,129.280473,36.057616
1,129.280215,36.057507
1,129.28061,36.056934
1,129.280908,36.056503
1,129.281038,36.056115
1,129.281546,36.055904
1,129.28215,36.055222
1,129.282887,36.054403
1,129.283068,36.053452
1,129.283025,36.052687
1,129.283005,36.052413
1,129.283001,36.052266
1,129.282984,36.052051
1,129.283001,36.051116
1,129.283289,36.050868
1,129.283612,36.050565
1,129.28377,36.050422
1,129.28388,36.049291
1,129.28371,36.048904
1,129.283584,36.048575
1,129.284097,36.047359
1,129.284363,36.047219
1,129.284179,36.046428
1,129.282944,36.045781
1,129.282671,36.045501
1,129.283042,36.044816
1,129.283102,36.044225
1,129.282369,36.043556
1,129.282877,36.042994
1,129.282653,36.042289
1,129.282483,36.041865
1,129.281619,36.041398
1,129.281463,36.040736
1,129.281575,36.040525
1,129.281158,36.039639
1,129.280516,36.039228
1,129.2804,36.038101
1,129.280371,36.037838
1,129.280334,36.037834
1,129.280373,36.037785
1,129.2804,36.03775
1,129.280466,36.037667
1,129.280426,36.037624
1,129.280386,36.037582
1,129.280351,36.037534
1,129.280303,36.037468
1,129.280267,36.037482
1,129.280276,36.037442
1,129.280276,36.037432
1,129.280274,36.037391
1,129.280273,36.037351
1,129.280258,36.036793
1,129.27998,36.035998
1,129.279563,36.035242
1,129.278824,36.034632
1,129.278549,36.034049
1,129.278728,36.033538
1,129.279446,36.032613
1,129.279135,36.032058
1,129.278565,36.031793
1,129.278603,36.03107
1,129.278239,36.030495
1,129.278556,36.029945
1,129.278403,36.029768
1,129.277707,36.029175
1,129.276816,36.028684
1,129.277235,36.027369
1,129.27714,36.027234
1,129.277162,36.026946
1,129.277837,36.026717
1,129.278472,36.02625
1,129.278093,36.025742
1,129.278542,36.024822
1,129.279014,36.024366
1,129.279653,36.023933
1,129.279957,36.023702
1,129.280225,36.02342
1,129.280954,36.023275
1,129.281311,36.02329
1,129.281788,36.023122
1,129.282909,36.023551
1,129.283651,36.023462
1,129.284021,36.02282
1,129.284738,36.021569
1,129.284809,36.021437
1,129.285319,36.021266
1,129.285717,36.020658
1,129.286411,36.020486
1,129.286656,36.020403
1,129.286846,36.020339
1,129.287485,36.020123
1,129.28745,36.019628
1,129.287438,36.019611
1,129.287512,36.019577
1,129.287631,36.019523
1,129.288386,36.019294
1,129.288575,36.01892
1,129.288842,36.018394
1,129.288843,36.018359
1,129.288868,36.017795
1,129.288869,36.017777
1,129.289039,36.017584
1,129.289213,36.017387
1,129.289173,36.017168
1,129.289107,36.016816
1,129.289625,36.016654
1,129.290299,36.016437
1,129.291601,36.015592
1,129.2916,36.015589
1,129.29145,36.015041
1,129.291451,36.01504
1,129.291696,36.014699
1,129.292744,36.014501
1,129.292732,36.014456
1,129.292527,36.013683
1,129.292979,36.013297
1,129.293391,36.013208
1,129.29382,36.012917
1,129.293822,36.012915
1,129.293837,36.011674
1,129.294226,36.010628
1,129.294659,36.010186
1,129.29541,36.010714
1,129.295664,36.009854
1,129.295767,36.009164
1,129.296549,36.008224
1,129.296751,36.007534
1,129.296706,36.006858
1,129.296672,36.006516
1,129.296663,36.006512
1,129.296543,36.006468
1,129.296414,36.006421
1,129.296329,36.006348
1,129.296204,36.006241
1,129.296413,36.005617
1,129.296498,36.005234
1,129.296589,36.004821
1,129.296571,36.004801
1,129.295842,36.004014
1,129.295718,36.00385
1,129.295543,36.003618
1,129.295536,36.00361
1,129.296086,36.002927
1,129.296487,36.002626
1,129.296861,36.002435
1,129.297105,36.0021
1,129.298541,36.001787
1,129.298291,36.0006
1,129.298329,35.999624
1,129.298339,35.999367
1,129.298363,35.998766
1,129.298368,35.998631
1,129.298356,35.998495
1,129.298208,35.99687
1,129.297401,35.995787
1,129.297347,35.995715
1,129.297255,35.995592
1,129.29725,35.995584
1,129.297142,35.995438
1,129.29652,35.995324
1,129.296421,35.995308
1,129.295804,35.995206
1,129.295207,35.995168
1,129.294516,35.995178
1,129.294379,35.995162
1,129.293999,35.995143
1,129.293509,35.995181
1,129.293102,35.995368
1,129.292662,35.995753
1,129.292682,35.995708
1,129.292994,35.995013
1,129.293835,35.994806
1,129.29429,35.994713
1,129.294514,35.994668
1,129.294512,35.994194
1,129.294538,35.994184
1,129.295074,35.994276
1,129.295332,35.994308
1,129.295544,35.994322
1,129.295875,35.99432
1,129.296142,35.994304
1,129.296272,35.994297
1,129.296935,35.994285
1,129.297437,35.994313
1,129.29766,35.994361
1,129.297961,35.994389
1,129.298214,35.994399
1,129.298559,35.994413
1,129.29883,35.994437
1,129.299103,35.994457
1,129.299329,35.994483
1,129.299673,35.994499
1,129.300029,35.994545
1,129.300255,35.994591
1,129.300672,35.994661
1,129.301,35.994738
1,129.301551,35.994832
1,129.302077,35.994911
1,129.30334,35.995111
1,129.303346,35.995106
1,129.30338,35.995069
1,129.303427,35.995016
1,129.303934,35.994878
1,129.304019,35.994804
1,129.304308,35.994676
1,129.304464,35.994582
1,129.304469,35.994515
1,129.304301,35.994357
1,129.304261,35.994303
1,129.304272,35.994241
1,129.304308,35.994012
1,129.304191,35.993836
1,129.304135,35.993708
1,129.304131,35.993609
1,129.304205,35.993409
1,129.304174,35.993258
1,129.303932,35.993052
1,129.303905,35.992932
1,129.303937,35.992862
1,129.304162,35.992719
1,129.304214,35.99266
1,129.304213,35.992599
1,129.30418,35.992523
1,129.303982,35.99244
1,129.303785,35.992316
1,129.303684,35.992239
1,129.303601,35.992205
1,129.303279,35.992008
1,129.303224,35.991875
1,129.303238,35.991652
1,129.303351,35.991482
1,129.303369,35.991454
1,129.30352,35.991296
1,129.303622,35.991233
1,129.303713,35.991257
1,129.303902,35.991514
1,129.304143,35.99144
1,129.304217,35.991418
1,129.304219,35.991416
1,129.304283,35.991366
1,129.304413,35.991175
1,129.304436,35.99115
1,129.304503,35.991077
1,129.304616,35.990721
1,129.304617,35.990718
1,129.304623,35.990698
1,129.304623,35.990677
1,129.304624,35.990653
1,129.304669,35.990651
1,129.304687,35.99065
1,129.304736,35.990675
1,129.304744,35.990679
1,129.30485,35.990689
1,129.304919,35.990716
1,129.30493,35.990721
1,129.304979,35.990729
1,129.304979,35.990725
1,129.304981,35.990658
1,129.305001,35.990563
1,129.305001,35.990559
1,129.304997,35.990412
1,129.304988,35.990295
1,129.30498,35.990178
1,129.304949,35.990097
1,129.304918,35.990045
1,129.304875,35.989977
1,129.304848,35.989911
1,129.304825,35.989882
1,129.304807,35.98986
1,129.304754,35.989822
1,129.304749,35.989819
1,129.304741,35.989816
1,129.304638,35.989769
1,129.304575,35.989754
1,129.304554,35.989749
1,129.304523,35.989747
1,129.304491,35.989744
1,129.304473,35.989743
1,129.304458,35.989744
1,129.304356,35.989755
1,129.304291,35.989729
1,129.304143,35.989532
1,129.304061,35.989424
1,129.304001,35.989316
1,129.303934,35.989196
1,129.303872,35.989046
1,129.303843,35.988957
1,129.303827,35.988857
1,129.30378,35.988559
1,129.303765,35.988481
1,129.303642,35.988275
1,129.303593,35.988078
1,129.303583,35.988061
1,129.303545,35.987997
1,129.303437,35.987929
1,129.303337,35.987865
1,129.303168,35.987664
1,129.303182,35.987574
1,129.3032,35.987518
1,129.303177,35.987459
1,129.303126,35.9874
1,129.303117,35.987393
1,129.302932,35.987234
1,129.302814,35.98704
1,129.302743,35.986885
1,129.302741,35.986744
1,129.302759,35.986645
1,129.302839,35.986558
1,129.303015,35.986416
1,129.303077,35.986295
1,129.303065,35.986258
1,129.30304,35.986236
1,129.302989,35.986215
1,129.302762,35.986118
1,129.302416,35.986006
1,129.302273,35.985974
1,129.302019,35.985778
1,129.301952,35.985741
1,129.301682,35.985774
1,129.301448,35.985669
1,129.301331,35.985537
1,129.301233,35.985286
1,129.301131,35.98502
1,129.301114,35.984977
1,129.301095,35.984898
1,129.301127,35.984655
1,129.301168,35.984478
1,129.301169,35.98427
1,129.301244,35.984213
1,129.301297,35.984135
1,129.301358,35.984056
1,129.301402,35.984001
1,129.301441,35.983954
1,129.301549,35.983691
1,129.301631,35.983491
1,129.301624,35.98345
1,129.301599,35.983313
1,129.301737,35.983127
1,129.301747,35.982982
1,129.301914,35.982565
1,129.302015,35.982467
1,129.302004,35.98239
1,129.302006,35.982387
1,129.302047,35.98229
1,129.302108,35.982172
1,129.302138,35.982127
1,129.302149,35.982096
1,129.30211,35.982042
1,129.302086,35.982039
1,129.30213,35.981785
1,129.302197,35.981432
1,129.302251,35.981289
1,129.302291,35.98126
1,129.3025,35.981111
1,129.302578,35.980992
1,129.302678,35.980972
1,129.302712,35.980965
1,129.302739,35.98096
1,129.302888,35.980781
1,129.303022,35.980703
1,129.303118,35.980584
1,129.303311,35.980383
1,129.303452,35.980236
1,129.303538,35.980097
1,129.303655,35.979908
1,129.304415,35.979469
1,129.304455,35.979445
1,129.304488,35.979418
1,129.304657,35.979279
1,129.30504,35.978406
1,129.305042,35.978403
1,129.304799,35.977687
1,129.304558,35.976931
1,129.304932,35.976572
1,129.305402,35.976152
1,129.305623,35.975716
1,129.305784,35.975314
1,129.306871,35.973831
1,129.307022,35.972498
1,129.307422,35.972296
1,129.307577,35.971571
1,129.307829,35.971321
1,129.307977,35.971172
1,129.308058,35.971093
1,129.308151,35.971
1,129.308397,35.970437
1,129.308362,35.970204
1,129.308053,35.969669
1,129.308437,35.969418
1,129.3087,35.969296
1,129.30909,35.969115
1,129.310029,35.969203
1,129.31036,35.969235
1,129.311085,35.969276
1,129.311329,35.96929
1,129.311467,35.96905
1,129.311872,35.968746
1,129.31223,35.968299
1,129.312233,35.968276
1,129.312234,35.968264
1,129.312234,35.968259
1,129.312236,35.968241
1,129.312257,35.968031
1,129.31231,35.967509
1,129.312038,35.966535
1,129.312452,35.965513
1,129.312953,35.964499
1,129.31363,35.963514
1,129.313887,35.96314
1,129.314056,35.961949
1,129.314062,35.961908
1,129.314268,35.961688
1,129.314269,35.961687
1,129.314447,35.961496
1,129.314484,35.961226
1,129.314535,35.96084
1,129.314867,35.96036
1,129.314898,35.960311
1,129.315132,35.959878
1,129.31519,35.959772
1,129.315457,35.959554
1,129.316133,35.959443
1,129.316315,35.959367
1,129.317007,35.959106
1,129.317445,35.958913
1,129.31764,35.958805
1,129.317771,35.958697
1,129.318551,35.958118
1,129.318918,35.958129
1,129.31921,35.958137
1,129.319614,35.958149
1,129.319878,35.958157
1,129.319886,35.958157
1,129.31993,35.958158
1,129.319918,35.958121
1,129.319676,35.957381
1,129.319691,35.957317
1,129.319722,35.957186
1,129.319763,35.957007
1,129.319819,35.956768
1,129.31921,35.956174
1,129.319225,35.956146
1,129.319454,35.955734
1,129.319314,35.955222
1,129.31924,35.955179
1,129.319067,35.955079
1,129.318813,35.954931
1,129.318814,35.954898
1,129.318825,35.954569
1,129.318914,35.954389
1,129.31917,35.954209
1,129.319571,35.953927
1,129.319591,35.953913
1,129.320085,35.953834
1,129.320373,35.95366
1,129.320359,35.953631
1,129.320341,35.953593
1,129.320341,35.953592
1,129.320252,35.953406
1,129.320236,35.953373
1,129.320209,35.95324
1,129.320098,35.952676
1,129.320072,35.952546
1,129.320042,35.952396
1,129.319501,35.950565
1,129.319493,35.950541
1,129.318406,35.950513
1,129.318094,35.950229
1,129.317936,35.949901
1,129.317918,35.949893
1,129.31787,35.949872
1,129.317414,35.949666
1,129.317446,35.949583
1,129.317575,35.949249
1,129.317587,35.948997
1,129.31759,35.94892
1,129.317722,35.948417
1,129.317806,35.948094
1,129.317809,35.948084
1,129.317765,35.947878
1,129.317406,35.947772
1,129.317153,35.947502
1,129.31715,35.947499
1,129.317083,35.947238
1,129.317082,35.947232
1,129.316859,35.946363
1,129.316851,35.94633
1,129.317597,35.945125
1,129.319176,35.943673
1,129.319214,35.943637
1,129.319164,35.942711
1,129.319163,35.942697
1,129.319162,35.942675
1,129.320126,35.942305
1,129.321051,35.942269
1,129.321075,35.942268
1,129.321432,35.941676
1,129.322278,35.941572
1,129.322198,35.941062
1,129.322195,35.94104
1,129.322245,35.941035
1,129.322276,35.941031
1,129.322845,35.940971
1,129.322848,35.940971
1,129.323087,35.940658
1,129.323124,35.940575
1,129.32312,35.94057
1,129.322659,35.939974
1,129.322693,35.939918
1,129.322844,35.939669
1,129.323659,35.938856
1,129.325123,35.939019
1,129.325923,35.939108
1,129.327171,35.939138
1,129.327713,35.938863
1,129.327724,35.93885
1,129.328354,35.938061
1,129.328259,35.937608
1,129.328488,35.937086
1,129.329071,35.936545
1,129.329072,35.936543
1,129.329197,35.936427
1,129.329198,35.93642
1,129.329385,35.93542
1,129.329573,35.934672
1,129.329584,35.934669
1,129.329658,35.93465
1,129.330524,35.934428
1,129.331403,35.933534
1,129.331535,35.932093
1,129.332291,35.93136
1,129.33269,35.930556
1,129.332685,35.930309
1,129.332685,35.930304
1,129.332685,35.930302
1,129.332669,35.929542
1,129.331845,35.928415
1,129.330408,35.927685
1,129.329607,35.926577
1,129.32999,35.925379
1,129.32999,35.925378
1,129.330738,35.924764
1,129.331265,35.924332
1,129.33236,35.923232
1,129.332361,35.923231
1,129.332868,35.922722
1,129.332868,35.922702
1,129.332889,35.921702
1,129.33289,35.921658
1,129.333841,35.920842
1,129.334211,35.920525
1,129.334212,35.920516
1,129.334234,35.920312
1,129.334313,35.919597
1,129.334315,35.91958
1,129.334886,35.919427
1,129.335287,35.91932
1,129.335218,35.919093
1,129.335129,35.918803
1,129.335798,35.917945
1,129.335981,35.917711
1,129.336622,35.916158
1,129.336458,35.915635
1,129.335874,35.914627
1,129.335137,35.913567
1,129.335108,35.913526
1,129.33532,35.913056
1,129.335786,35.912022
1,129.33578,35.91202
1,129.333958,35.911289
1,129.333939,35.911282
1,129.333939,35.911276
1,129.333994,35.909475
1,129.333912,35.908498
1,129.333793,35.907143
1,129.333815,35.907085
1,129.33391,35.906836
1,129.333911,35.906834
1,129.334062,35.906439
1,129.333467,35.905669
1,129.333554,35.905377
1,129.333655,35.905042
1,129.333662,35.905017
1,129.333734,35.904699
1,129.334047,35.90332
1,129.334416,35.902825
1,129.334415,35.902822
1,129.334398,35.902793
1,129.334397,35.902792
1,129.333385,35.901055
1,129.333607,35.900287
1,129.333669,35.900073
1,129.334961,35.89956
1,129.335517,35.899292
1,129.33604,35.899138
1,129.336046,35.899136
1,129.335867,35.89824
1,129.335838,35.897805
1,129.335864,35.897518
1,129.336171,35.896898
1,129.336184,35.896873
1,129.336242,35.896832
1,129.336596,35.896583
1,129.337173,35.895987
1,129.338079,35.895408
1,129.338428,35.894857
1,129.338445,35.894849
1,129.33845,35.894847
1,129.338723,35.894729
1,129.338783,35.894703
1,129.338569,35.894384
1,129.338443,35.894135
1,129.338165,35.893862
1,129.337765,35.893738
1,129.337531,35.892688
1,129.337508,35.892586
1,129.337837,35.892373
1,129.338283,35.892207
1,129.338321,35.891746
1,129.338744,35.891149
1,129.339204,35.890316
1,129.340306,35.890256
1,129.34316,35.888461
1,129.343702,35.888087
1,129.346079,35.88847
1,129.346774,35.888582
1,129.348382,35.887933
1,129.349169,35.888219
1,129.349174,35.888226
1,129.34947,35.888705
1,129.349499,35.888753
1,129.349688,35.888823
1,129.349704,35.888848
1,129.350418,35.889958
1,129.350505,35.890094
1,129.350301,35.89053
1,129.350858,35.891429
1,129.350883,35.8914
1,129.351552,35.890638
1,129.352025,35.890502
1,129.352077,35.890487
1,129.35217,35.89046
1,129.352173,35.890456
1,129.352409,35.890088
1,129.353113,35.889695
1,129.353277,35.889476
1,129.353559,35.889168
1,129.353217,35.888094
1,129.353818,35.88687
1,129.354586,35.886668
1,129.354607,35.886676
1,129.355498,35.887009
1,129.355505,35.887008
1,129.355513,35.887005
1,129.355528,35.887001
1,129.357962,35.886311
1,129.358396,35.886188
1,129.359495,35.886617
1,129.359706,35.887182
1,129.360164,35.887305
1,129.360276,35.887788
1,129.361101,35.88806
1,129.361841,35.888304
1,129.361812,35.887556
1,129.362199,35.887394
1,129.362237,35.887377
1,129.362601,35.887224
1,129.36283,35.88621
1,129.362758,35.885537
1,129.362813,35.884564
1,129.363241,35.883877
1,129.362976,35.883012
1,129.363573,35.882605
1,129.36362,35.882573
1,129.36368,35.882532
1,129.364153,35.882102
1,129.364301,35.882068
1,129.364341,35.88206
1,129.364401,35.882049
1,129.364872,35.881952
1,129.365858,35.881751
1,129.365793,35.881721
1,129.365281,35.881491
1,129.365174,35.881406
1,129.363952,35.880465
1,129.363949,35.880453
1,129.363677,35.879374
1,129.363705,35.879258
1,129.363933,35.878321
1,129.364,35.877578
1,129.364001,35.877566
1,129.36368,35.876607
1,129.363239,35.876707
1,129.363249,35.876321
1,129.363251,35.876269
1,129.363257,35.876085
1,129.363262,35.875922
1,129.362859,35.875478
1,129.361979,35.87534
1,129.361906,35.875326
1,129.361089,35.875195
1,129.361402,35.874722
1,129.360609,35.874236
1,129.359618,35.874112
1,129.359544,35.874105
1,129.358487,35.87406
1,129.358449,35.874059
1,129.358411,35.874059
1,129.35805,35.874076
1,129.357705,35.874092
1,129.357558,35.874105
1,129.357379,35.87412
1,129.357298,35.874124
1,129.356737,35.874164
1,129.356024,35.873695
1,129.355295,35.872673
1,129.355286,35.872661
1,129.355483,35.872515
1,129.356021,35.872118
1,129.356108,35.872054
1,129.356724,35.87154
1,129.357007,35.87016
1,129.357599,35.869727
1,129.358405,35.869149
1,129.358809,35.868449
1,129.360222,35.867646
1,129.359773,35.867093
1,129.359748,35.8667
1,129.359449,35.866237
1,129.359554,35.864807
1,129.360066,35.864592
1,129.360113,35.864572
1,129.361203,35.864974
1,129.361661,35.865012
1,129.361707,35.865016
1,129.363468,35.864511
1,129.363514,35.864497
1,129.36412,35.864561
1,129.364225,35.864572
1,129.364245,35.864559
1,129.365083,35.863964
1,129.365563,35.863936
1,129.366139,35.864355
1,129.366941,35.863981
1,129.367299,35.864132
1,129.367969,35.865005
1,129.368001,35.865046
1,129.368019,35.865025
1,129.368665,35.864291
1,129.368551,35.863641
1,129.368719,35.862877
1,129.369259,35.862608
1,129.36977,35.862083
1,129.370171,35.861742
1,129.370741,35.861632
1,129.370783,35.861623
1,129.371868,35.860815
1,129.371947,35.860757
1,129.372733,35.861206
1,129.372854,35.861275
1,129.373685,35.861225
1,129.373882,35.8613
1,129.373885,35.862189
1,129.375285,35.86319
1,129.376781,35.863778
1,129.378158,35.864322
1,129.37937,35.864501
1,129.379399,35.864505
1,129.380042,35.864221
1,129.38055,35.863836
1,129.380869,35.863803
1,129.38157,35.863287
1,129.381875,35.863346
1,129.382169,35.863175
1,129.383044,35.862968
1,129.38343,35.862664
1,129.38386,35.862544
1,129.384936,35.86294
1,129.385129,35.863333
1,129.385413,35.863284
1,129.386934,35.863022
1,129.387417,35.863071
1,129.387792,35.863046
1,129.388046,35.86287
1,129.388137,35.862757
1,129.388361,35.862378
1,129.388651,35.862267
1,129.389294,35.862344
1,129.389794,35.862609
1,129.389976,35.862908
1,129.390083,35.863085
1,129.39009,35.863084
1,129.390591,35.863029
1,129.390832,35.863126
1,129.39091,35.863174
1,129.391014,35.863239
1,129.391016,35.86324
1,129.391132,35.863313
1,129.391198,35.863353
1,129.391552,35.863148
1,129.391545,35.863098
1,129.391468,35.862534
1,129.392488,35.862264
1,129.392506,35.862259
1,129.393104,35.861264
1,129.393054,35.861141
1,129.392971,35.860725
1,129.392903,35.860382
1,129.392825,35.860162
1,129.392744,35.860027
1,129.392895,35.859658
1,129.39295,35.859631
1,129.3936,35.859323
1,129.393614,35.859291
1,129.393633,35.859247
1,129.393845,35.858762
1,129.393861,35.858482
1,129.394033,35.858122
1,129.393632,35.856955
1,129.393767,35.856724
1,129.393798,35.856669
1,129.394153,35.856636
1,129.394659,35.856585
1,129.394675,35.856583
1,129.395838,35.856878
1,129.396844,35.857034
1,129.396833,35.857434
1,129.397555,35.857821
1,129.39815,35.858406
1,129.398758,35.858047
1,129.398768,35.858041
1,129.398798,35.858008
1,129.39895,35.857843
1,129.399148,35.857802
1,129.399391,35.857868
1,129.399752,35.857826
1,129.40002,35.857858
1,129.400576,35.857561
1,129.400743,35.857413
1,129.401017,35.857436
1,129.401154,35.857447
1,129.401519,35.857459
1,129.401763,35.857281
1,129.403006,35.858313
1,129.403834,35.858117
1,129.404931,35.858035
1,129.405197,35.85809
1,129.405495,35.858151
1,129.407046,35.857842
1,129.407209,35.858097
1,129.407488,35.858446
1,129.407755,35.858782
1,129.407778,35.858926
1,129.407781,35.858944
1,129.407811,35.859129
1,129.408218,35.859672
1,129.408283,35.859759
1,129.408801,35.860038
1,129.409327,35.860372
1,129.409693,35.86074
1,129.410527,35.861438
1,129.410514,35.861467
1,129.410384,35.861784
1,129.410487,35.862475
1,129.409564,35.86306
1,129.409612,35.863117
1,129.41026,35.863894
1,129.41021,35.864464
1,129.410216,35.864689
1,129.410225,35.865035
1,129.409982,35.86538
1,129.409908,35.865485
1,129.410253,35.86591
1,129.410342,35.866021
1,129.41035,35.86603
1,129.410951,35.866116
1,129.410966,35.866118
1,129.411172,35.866388
1,129.411161,35.866394
1,129.410108,35.866946
1,129.409942,35.867332
1,129.409841,35.868055
1,129.409885,35.868783
1,129.409895,35.868948
1,129.410119,35.869338
1,129.410277,35.869611
1,129.410255,35.870156
1,129.410251,35.870255
1,129.410391,35.870521
1,129.411049,35.870993
1,129.411403,35.871217
1,129.411935,35.871915
1,129.412017,35.872136
1,129.412051,35.872186
1,129.412058,35.872196
1,129.412141,35.872505
1,129.41278,35.872654
1,129.412986,35.873329
1,129.413101,35.873706
1,129.413131,35.874336
1,129.413465,35.874603
1,129.414024,35.874925
1,129.414493,35.875984
1,129.414792,35.876335
1,129.415436,35.876558
1,129.416086,35.876847
1,129.416538,35.876892
1,129.416614,35.877293
1,129.41719,35.87744
1,129.417192,35.87744
1,129.417421,35.877499
1,129.417968,35.87759
1,129.41797,35.877591
1,129.418087,35.87761
1,129.418101,35.877612
1,129.419998,35.877071
1,129.420016,35.877066
1,129.420694,35.877481
1,129.420894,35.877571
1,129.421384,35.877905
1,129.421296,35.878349
1,129.421303,35.878972
1,129.421218,35.879568
1,129.421186,35.87979
1,129.421177,35.879852
1,129.421048,35.880044
1,129.420997,35.880309
1,129.420962,35.880486
1,129.420957,35.880514
1,129.420189,35.880612
1,129.420347,35.880928
1,129.420371,35.880977
1,129.420392,35.881268
1,129.420512,35.881585
1,129.419932,35.881731
1,129.419953,35.882311
1,129.420453,35.88246
1,129.420606,35.882563
1,129.421269,35.884051
1,129.421289,35.884042
1,129.422035,35.883675
1,129.422747,35.883843
1,129.423498,35.88402
1,129.424022,35.883899
1,129.424969,35.884168
1,129.425314,35.884223
1,129.425788,35.884021
1,129.426006,35.88365
1,129.426743,35.883512
1,129.427413,35.883491
1,129.428156,35.882766
1,129.428124,35.881662
1,129.428511,35.881547
1,129.429159,35.881597
1,129.429487,35.881483
1,129.430092,35.880555
1,129.430077,35.880134
1,129.431036,35.880262
1,129.431968,35.87989
1,129.43273,35.87976
1,129.433323,35.879828
1,129.433846,35.879689
1,129.434095,35.879623
1,129.434101,35.879622
1,129.434457,35.880028
1,129.43478,35.880024
1,129.435095,35.879889
1,129.435587,35.879421
1,129.436063,35.879053
1,129.436507,35.879101
1,129.436701,35.879121
1,129.436718,35.879102
1,129.436801,35.879009
1,129.436985,35.878805
1,129.437218,35.878383
1,129.437252,35.878005
1,129.437549,35.87745
1,129.4377,35.876922
1,129.43772,35.876852
1,129.437725,35.876373
1,129.43758,35.87603
1,129.437118,35.875131
1,129.437107,35.875111
1,129.437103,35.875103
1,129.437114,35.875097
1,129.437116,35.875095
1,129.437416,35.874918
1,129.437711,35.874744
1,129.437701,35.874428
1,129.438028,35.874156
1,129.438279,35.873947
1,129.438377,35.873736
1,129.439297,35.873115
1,129.439345,35.873083
1,129.439349,35.873079
1,129.439772,35.872636
1,129.439781,35.872622
1,129.439796,35.872596
1,129.439923,35.872174
1,129.440087,35.871982
1,129.440085,35.871427
1,129.440085,35.871399
1,129.440069,35.87109
1,129.440068,35.871059
1,129.440082,35.870729
1,129.44032,35.870122
1,129.440717,35.868783
1,129.440734,35.86878
1,129.441211,35.868682
1,129.441485,35.868554
1,129.44152,35.868517
1,129.441685,35.86834
1,129.442077,35.868137
1,129.442133,35.868107
1,129.442135,35.868105
1,129.44238,35.867741
1,129.442525,35.867526
1,129.443143,35.867087
1,129.44364,35.867044
1,129.443823,35.867028
1,129.444318,35.866908
1,129.444811,35.866754
1,129.445334,35.866784
1,129.445337,35.866784
1,129.445343,35.866779
1,129.445429,35.866701
1,129.445877,35.866299
1,129.446256,35.865822
1,129.446346,35.865599
1,129.44651,35.865194
1,129.44619,35.864862
1,129.446153,35.864759
1,129.446093,35.864591
1,129.445654,35.864144
1,129.445653,35.864142
1,129.44532,35.863803
1,129.445285,35.862862
1,129.445304,35.862818
1,129.445463,35.862441
1,129.445478,35.862431
1,129.445889,35.862172
1,129.446493,35.860876
1,129.446316,35.860107
1,129.446043,35.859438
1,129.445996,35.858979
1,129.446297,35.85856
1,129.447036,35.858328
1,129.447136,35.857883
1,129.447148,35.85761
1,129.447653,35.857697
1,129.448018,35.857895
1,129.448723,35.858072
1,129.448741,35.858076
1,129.449113,35.857604
1,129.448935,35.857076
1,129.448945,35.856968
1,129.448709,35.856676
1,129.448525,35.856204
1,129.448348,35.855999
1,129.448033,35.855099
1,129.448261,35.854972
1,129.448222,35.854868
1,129.448195,35.854797
1,129.448252,35.854729
1,129.448231,35.854661
1,129.448244,35.854597
1,129.448244,35.854552
1,129.448283,35.854512
1,129.448237,35.854469
1,129.448255,35.854423
1,129.44829,35.854381
1,129.448364,35.854356
1,129.448369,35.854327
1,129.448378,35.854249
1,129.448479,35.854175
1,129.448519,35.85403
1,129.448528,35.853876
1,129.448523,35.853738
1,129.448521,35.853712
1,129.448524,35.853629
1,129.448509,35.853476
1,129.448472,35.853099
1,129.448445,35.852836
1,129.448854,35.852364
1,129.449395,35.852263
1,129.449358,35.851953
1,129.449132,35.851893
1,129.448974,35.85174
1,129.449088,35.851397
1,129.449188,35.851354
1,129.449154,35.851242
1,129.449208,35.851123
1,129.4492,35.850998
1,129.449454,35.850726
1,129.449936,35.850417
1,129.450151,35.849993
1,129.449838,35.849351
1,129.449905,35.849181
1,129.449947,35.849179
1,129.450706,35.849144
1,129.45072,35.849131
1,129.450734,35.849119
1,129.450995,35.848882
1,129.451814,35.848376
1,129.452354,35.847856
1,129.452405,35.847863
1,129.452762,35.847916
1,129.452815,35.847904
1,129.452827,35.847901
1,129.453002,35.847861
1,129.453005,35.84786
1,129.453401,35.847769
1,129.453438,35.847752
1,129.454064,35.84746
1,129.454438,35.847084
1,129.454513,35.84706
1,129.454559,35.847046
1,129.455208,35.846843
1,129.455224,35.846849
1,129.455857,35.847118
1,129.456678,35.847047
1,129.457661,35.846961
1,129.45852,35.847058
1,129.459584,35.84815
1,129.460016,35.8485
1,129.460906,35.849222
1,129.462073,35.84899
1,129.463017,35.848965
1,129.463486,35.848952
1,129.464952,35.848716
1,129.46556,35.849303
1,129.466169,35.849223
1,129.466194,35.849219
1,129.466873,35.850063
1,129.466877,35.850068
1,129.466973,35.850199
1,129.46795,35.851229
1,129.468347,35.851259
1,129.468367,35.851244
1,129.469782,35.850149
1,129.469804,35.850142
1,129.469921,35.850101
1,129.470065,35.850051
1,129.470363,35.849963
1,129.471077,35.850016
1,129.471731,35.850002
1,129.472272,35.849807
1,129.4731,35.849996
1,129.47319,35.850038
1,129.473596,35.85029
1,129.474074,35.850285
1,129.47414,35.850284
1,129.474496,35.850034
1,129.474505,35.850028
1,129.47455,35.850033
1,129.474774,35.85006
1,129.475198,35.85011
1,129.475211,35.850111
1,129.475753,35.850674
1,129.475758,35.850679
1,129.475925,35.850771
1,129.47622,35.850932
1,129.476224,35.850938
1,129.476448,35.851356
1,129.477121,35.851575
1,129.478052,35.851877
1,129.478831,35.852691
1,129.480341,35.853147
1,129.481742,35.851515
1,129.482423,35.851108
1,129.48244,35.851104
1,129.482599,35.85106
1,129.483215,35.850889
1,129.483573,35.850648
1,129.483575,35.850647
1,129.484343,35.85013
1,129.484442,35.849994
1,129.484898,35.849199
1,129.485982,35.848112
1,129.486168,35.847465
1,129.487029,35.846297
1,129.487531,35.845455
1,129.488859,35.844705
1,129.489135,35.844193
1,129.489577,35.843937
1,129.490124,35.843423
1,129.490137,35.843411
1,129.491101,35.843173
1,129.491684,35.843159
1,129.492261,35.842853
1,129.492657,35.842919
1,129.493195,35.843009
1,129.493858,35.843097
1,129.494688,35.842413
1,129.494693,35.842408
1,129.494862,35.842259
1,129.495251,35.84187
1,129.495787,35.841548
1,129.495831,35.841546
1,129.496371,35.841522
1,129.496495,35.841516
1,129.496502,35.841519
1,129.496504,35.84152
1,129.497134,35.841803
1,129.497194,35.841786
1,129.497259,35.841768
1,129.497525,35.841693
1,129.49753,35.841685
1,129.497787,35.841275
1,129.497989,35.840826
1,129.498661,35.840599
1,129.498663,35.840598
1,129.498712,35.840582
1,129.498713,35.840579
1,129.498844,35.840257
1,129.499693,35.840131
1,129.500379,35.839884
1,129.500585,35.840006
1,129.501109,35.839984
1,129.501655,35.840452
1,129.502112,35.840709
1,129.503097,35.84039
1,129.503318,35.840464
1,129.503503,35.840371
1,129.503505,35.840371
1,129.503987,35.840128
1,129.504017,35.840113
1,129.504397,35.840218
1,129.504714,35.840306
1,129.505626,35.840088
1,129.506283,35.839206
1,129.507648,35.838984
1,129.507538,35.838709
1,129.507826,35.838342
1,129.507829,35.838339
1,129.508285,35.838411
1,129.508289,35.838411
1,129.509274,35.838566
1,129.509425,35.838589
1,129.509445,35.838592
1,129.50955,35.838638
1,129.50983,35.838759
1,129.51142,35.838926
1,129.51232,35.839612
1,129.512355,35.839639
1,129.51319,35.839685
1,129.513599,35.839833
1,129.51399,35.839975
1,129.514502,35.840221
1,129.514464,35.840226
1,129.514495,35.840243
1,129.515162,35.840619
1,129.515318,35.840708
1,129.515792,35.841047
1,129.515866,35.841098
1,129.516172,35.841293
1,129.516436,35.841499
1,129.516721,35.841672
1,129.5169,35.84175
1,129.5173,35.841877
1,129.517288,35.841776
1,129.517331,35.841749
1,129.517372,35.841749
1,129.517363,35.841837
1,129.517362,35.841844
1,129.517381,35.841848
1,129.517668,35.841921
1,129.517713,35.841892
1,129.518322,35.84103
1,129.518886,35.840081
1,129.519039,35.839798
1,129.519148,35.839554
1,129.519188,35.839429
1,129.519208,35.83939
1,129.519281,35.839118
1,129.519228,35.839106
1,129.519059,35.83907
1,129.519059,35.839075
1,129.519029,35.839302
1,129.519005,35.83939
1,129.518982,35.839354
1,129.518979,35.839284
1,129.518961,35.83925
1,129.518945,35.839236
1,129.518929,35.839227
1,129.518962,35.839222
1,129.518993,35.839114
1,129.518907,35.839098
1,129.518825,35.839124
1,129.518673,35.83914
1,129.518649,35.839135
1,129.518674,35.839125
1,129.518727,35.839118
1,129.518764,35.839108
1,129.518871,35.83908
1,129.518926,35.839065
1,129.518998,35.839042
1,129.519322,35.839075
1,129.519601,35.838652
1,129.519639,35.838596
1,129.519919,35.838256
1,129.520042,35.838048
1,129.520208,35.837826
1,129.520111,35.837771
1,129.520124,35.83776
1,129.520043,35.837691
1,129.520013,35.837716
1,129.519923,35.837665
1,129.519932,35.837657
1,129.519881,35.837625
1,129.519763,35.837584
1,129.519661,35.837546
1,129.519546,35.837524
1,129.519334,35.837518
1,129.519299,35.837581
1,129.519283,35.837579
1,129.519231,35.837569
1,129.519221,35.837476
1,129.518915,35.837453
1,129.518908,35.83748
1,129.518896,35.837481
1,129.518576,35.837385
1,129.518571,35.837411
1,129.518493,35.837396
1,129.518473,35.837429
1,129.518339,35.837374
1,129.518308,35.837406
1,129.51821,35.837351
1,129.518123,35.837302
1,129.518061,35.837247
1,129.518032,35.837231
1,129.51796,35.837189
1,129.517776,35.837108
1,129.51772,35.837072
1,129.517668,35.837034
1,129.517557,35.836941
1,129.517611,35.836912
1,129.517587,35.836877
1,129.517634,35.836839
1,129.517779,35.83672
1,129.517861,35.836652
1,129.517958,35.8366
1,129.518316,35.836398
1,129.518563,35.83626
1,129.518798,35.836131
1,129.518751,35.836073
1,129.518555,35.836184
1,129.51816,35.836406
1,129.517808,35.836603
1,129.517826,35.836623
1,129.517762,35.836676
1,129.517595,35.836815
1,129.517591,35.836817
1,129.517434,35.836629
1,129.517294,35.836675
1,129.517174,35.836369
1,129.517088,35.836144
1,129.517008,35.836133
1,129.516911,35.836035
1,129.516769,35.835946
1,129.516543,35.835804
1,129.516408,35.835833
1,129.516332,35.835719
1,129.516239,35.835717
1,129.516188,35.835716
1,129.516033,35.835497
1,129.516037,35.835475
1,129.516036,35.835428
1,129.515951,35.835295
1,129.515885,35.835256
1,129.515821,35.835168
1,129.515743,35.835162
1,129.515709,35.835126
1,129.515652,35.835141
1,129.515556,35.835105
1,129.51547,35.835073
1,129.515468,35.835065
1,129.51579,35.834937
1,129.515806,35.834926
1,129.515896,35.834844
1,129.515277,35.834328
1,129.514757,35.833897
1,129.51465,35.833612
1,129.514642,35.833553
1,129.514524,35.833263
1,129.514231,35.832682
1,129.513988,35.832271
1,129.513942,35.832195
1,129.513794,35.83175
1,129.513719,35.83149
1,129.513633,35.831195
1,129.513338,35.831177
1,129.513211,35.831215
1,129.513197,35.831189
1,129.513242,35.831143
1,129.513271,35.831062
1,129.513387,35.830873
1,129.51338,35.830798
1,129.513371,35.830716
1,129.513173,35.830525
1,129.513041,35.830388
1,129.512891,35.830232
1,129.512756,35.830089
1,129.512654,35.829875
1,129.512617,35.829794
1,129.512468,35.829546
1,129.512283,35.829404
1,129.512144,35.829364
1,129.512114,35.829339
1,129.51207,35.829259
1,129.512098,35.829217
1,129.512146,35.829198
1,129.512107,35.829151
1,129.512097,35.829094
1,129.512021,35.828941
1,129.512165,35.828701
1,129.512394,35.828665
1,129.51235,35.82852
1,129.511678,35.828152
1,129.511625,35.828168
1,129.511532,35.828051
1,129.511524,35.827939
1,129.511492,35.827902
1,129.511473,35.827879
1,129.51146,35.827835
1,129.511369,35.827697
1,129.511324,35.827648
1,129.511362,35.827554
1,129.511525,35.827137
1,129.511743,35.826537
1,129.511745,35.826468
1,129.511679,35.826471
1,129.511679,35.826517
1,129.511317,35.827515
1,129.511177,35.827395
1,129.511037,35.8273
1,129.511043,35.827291
1,129.510848,35.827201
1,129.510713,35.827156
1,129.510384,35.826932
1,129.51032,35.826778
1,129.510299,35.826558
1,129.510334,35.826382
1,129.510329,35.826326
1,129.510294,35.826295
1,129.510292,35.826271
1,129.510278,35.826258
1,129.510304,35.826249
1,129.510149,35.826136
1,129.510134,35.82613
1,129.510014,35.826028
1,129.510012,35.826018
1,129.510053,35.826006
1,129.509992,35.82581
1,129.509981,35.825811
1,129.509994,35.82577
1,129.510075,35.825557
1,129.510111,35.82548
1,129.510139,35.825207
1,129.510124,35.825165
1,129.510099,35.82514
1,129.510094,35.825126
1,129.510013,35.825046
1,129.509948,35.825061
1,129.509849,35.824974
1,129.509803,35.824951
1,129.509735,35.824888
1,129.50968,35.82486
1,129.509607,35.824823
1,129.509424,35.824784
1,129.509346,35.8248
1,129.509109,35.824685
1,129.509054,35.824657
1,129.509028,35.824618
1,129.508803,35.824446
1,129.508607,35.824276
1,129.508559,35.824214
1,129.508399,35.824113
1,129.508362,35.824038
1,129.508468,35.82408
1,129.508523,35.823725
1,129.508547,35.823467
1,129.50855,35.82328
1,129.508477,35.823192
1,129.508356,35.823111
1,129.50826,35.82308
1,129.508089,35.823078
1,129.507989,35.823066
1,129.507948,35.822891
1,129.507912,35.822816
1,129.507669,35.82267
1,129.507541,35.822562
1,129.507539,35.82256
1,129.507512,35.822537
1,129.507457,35.822459
1,129.50742,35.822372
1,129.507407,35.822281
1,129.507403,35.822242
1,129.507398,35.822205
1,129.507414,35.822156
1,129.507483,35.822085
1,129.507496,35.822104
1,129.507553,35.822195
1,129.507611,35.822351
1,129.507772,35.822477
1,129.507944,35.822564
1,129.508309,35.822802
1,129.50843,35.822328
1,129.508567,35.821699
1,129.508775,35.821173
1,129.508935,35.820798
1,129.50911,35.820506
1,129.508989,35.820757
1,129.508848,35.821076
1,129.508929,35.820992
1,129.508954,35.821001
1,129.508874,35.821081
1,129.508843,35.821155
1,129.508774,35.821321
1,129.508748,35.821383
1,129.508692,35.821528
1,129.508592,35.821784
1,129.508555,35.821865
1,129.50841,35.822631
1,129.508683,35.822518
1,129.508868,35.822328
1,129.508953,35.822039
1,129.509019,35.821802
1,129.509059,35.82169
1,129.509113,35.821547
1,129.509159,35.821409
1,129.509308,35.821117
1,129.509113,35.821052
1,129.50935,35.821051
1,129.509395,35.821013
1,129.509493,35.820739
1,129.509596,35.820453
1,129.509623,35.820397
1,129.509649,35.820343
1,129.509589,35.820321
1,129.509546,35.820308
1,129.510067,35.820097
1,129.510205,35.819864
1,129.510516,35.819408
1,129.510577,35.819318
1,129.510822,35.819074
1,129.511022,35.818871
1,129.51117,35.818731
1,129.511426,35.818475
1,129.511629,35.81819
1,129.511719,35.818063
1,129.51183,35.817904
1,129.511977,35.8177
1,129.512013,35.817649
1,129.512083,35.817571
1,129.512194,35.817434
1,129.512609,35.816971
1,129.512648,35.816943
1,129.512681,35.816919
1,129.512742,35.816888
1,129.512797,35.816868
1,129.51297,35.816813
1,129.512863,35.816575
1,129.51288,35.816581
1,129.513188,35.816662
1,129.513293,35.816581
1,129.513314,35.816416
1,129.513323,35.816213
1,129.513277,35.816047
1,129.513211,35.816001
1,129.51312,35.816057
1,129.513015,35.816079
1,129.512996,35.816032
1,129.512817,35.815765
1,129.512875,35.815737
1,129.512781,35.815636
1,129.512827,35.81556
1,129.512682,35.815192
1,129.51305,35.814321
1,129.512964,35.814297
1,129.512652,35.815034
1,129.512594,35.815053
1,129.512545,35.815127
1,129.51246,35.815135
1,129.512467,35.815248
1,129.512345,35.815322
1,129.512304,35.815324
1,129.5122,35.81531
1,129.512073,35.81524
1,129.512066,35.815233
1,129.512068,35.815179
1,129.511579,35.814801
1,129.511567,35.814757
1,129.511499,35.814663
1,129.511411,35.814547
1,129.511281,35.81439
1,129.511183,35.814255
1,129.511116,35.814166
1,129.511088,35.814104
1,129.51108,35.814083
1,129.510998,35.813992
1,129.510948,35.813904
1,129.510915,35.813838
1,129.510863,35.813751
1,129.510838,35.813724
1,129.510697,35.813543
1,129.510654,35.813404
1,129.510664,35.813355
1,129.510614,35.813246
1,129.510633,35.81318
1,129.510515,35.813021
1,129.510499,35.812841
1,129.510513,35.812804
1,129.510499,35.812712
1,129.510488,35.812692
1,129.510474,35.812647
1,129.510328,35.812494
1,129.510298,35.812389
1,129.51018,35.811984
1,129.510126,35.811838
1,129.510078,35.811719
1,129.510089,35.811356
1,129.510105,35.811054
1,129.510278,35.810779
1,129.510377,35.810742
1,129.510474,35.810581
1,129.510459,35.810505
1,129.510626,35.810231
1,129.510654,35.810188
1,129.510647,35.810161
1,129.510584,35.810056
1,129.510546,35.809939
1,129.510549,35.80978
1,129.510634,35.809503
1,129.510808,35.809096
1,129.510911,35.808795
1,129.511045,35.808584
1,129.511163,35.808449
1,129.511262,35.808421
1,129.511335,35.808445
1,129.511408,35.808458
1,129.511507,35.808442
1,129.511567,35.808414
1,129.511607,35.808381
1,129.511639,35.808316
1,129.511533,35.808298
1,129.511521,35.80814
1,129.51163,35.808136
1,129.511759,35.808011
1,129.51179,35.807897
1,129.511761,35.807769
1,129.511718,35.807596
1,129.511635,35.807414
1,129.511628,35.807345
1,129.511573,35.807253
1,129.511516,35.807131
1,129.511517,35.807036
1,129.51154,35.80691
1,129.511468,35.806849
1,129.511389,35.806841
1,129.511273,35.806907
1,129.511042,35.806957
1,129.510874,35.806992
1,129.510626,35.80715
1,129.510504,35.807202
1,129.510393,35.807247
1,129.510373,35.807117
1,129.510269,35.807084
1,129.510094,35.807197
1,129.510032,35.807121
1,129.51012,35.807069
1,129.509998,35.80693
1,129.509917,35.806977
1,129.509637,35.80663
1,129.508813,35.805619
1,129.508702,35.805675
1,129.508765,35.805752
1,129.508782,35.805743
1,129.508947,35.805945
1,129.508975,35.805933
1,129.509426,35.806486
1,129.509564,35.806641
1,129.509597,35.80668
1,129.509613,35.8067
1,129.50903,35.806969
1,129.509126,35.807079
1,129.507864,35.807804
1,129.507462,35.808039
1,129.50701,35.8083
1,129.506227,35.808763
1,129.506112,35.80876
1,129.505552,35.808748
1,129.505022,35.808413
1,129.504042,35.807794
1,129.503985,35.807749
1,129.503666,35.807534
1,129.503528,35.807442
1,129.503295,35.806949
1,129.503145,35.806634
1,129.503212,35.806613
1,129.502816,35.805775
1,129.502853,35.805306
1,129.502966,35.80506
1,129.503161,35.804646
1,129.503735,35.804632
1,129.504022,35.804581
1,129.504604,35.80448
1,129.504583,35.804383
1,129.504553,35.804255
1,129.504699,35.804215
1,129.50473,35.804302
1,129.504739,35.8043
1,129.504922,35.804252
1,129.504929,35.80425
1,129.504936,35.804268
1,129.505044,35.804566
1,129.505767,35.805201
1,129.505901,35.805318
1,129.506703,35.806021
1,129.506792,35.80595
1,129.506823,35.805947
1,129.506915,35.806024
1,129.507046,35.805926
1,129.506636,35.805569
1,129.506281,35.805237
1,129.505521,35.804571
1,129.505482,35.804568
1,129.505035,35.804174
1,129.505006,35.804114
1,129.504872,35.803671
1,129.504838,35.803527
1,129.50483,35.803501
1,129.504808,35.803456
1,129.504741,35.803416
1,129.504332,35.803047
1,129.504226,35.803048
1,129.504202,35.803027
1,129.504189,35.803037
1,129.504174,35.803048
1,129.504099,35.803049
1,129.504168,35.803002
1,129.504002,35.802858
1,129.503833,35.802711
1,129.503693,35.802611
1,129.503662,35.802627
1,129.503629,35.802597
1,129.50359,35.80256
1,129.503522,35.802526
1,129.503511,35.802521
1,129.503446,35.802487
1,129.503437,35.802483
1,129.503377,35.802447
1,129.503373,35.802444
1,129.50334,35.802423
1,129.503301,35.802398
1,129.503294,35.802392
1,129.503229,35.80235
1,129.503211,35.802339
1,129.503148,35.802305
1,129.503134,35.802322
1,129.503101,35.802304
1,129.503063,35.802248
1,129.502999,35.802154
1,129.502912,35.802053
1,129.502778,35.802003
1,129.502648,35.801955
1,129.502671,35.801938
1,129.502733,35.801889
1,129.502742,35.801882
1,129.502957,35.801739
1,129.502972,35.801729
1,129.503002,35.801757
1,129.502989,35.801766
1,129.502775,35.80191
1,129.502815,35.801944
1,129.502871,35.801989
1,129.503037,35.802123
1,129.503166,35.802228
1,129.503261,35.802303
1,129.503492,35.802452
1,129.503708,35.802554
1,129.503702,35.802391
1,129.503018,35.801743
1,129.502599,35.801342
1,129.502108,35.801286
1,129.502099,35.801285
1,129.501916,35.801358
1,129.50169,35.801428
1,129.501421,35.80147
1,129.501339,35.801469
1,129.501253,35.801453
1,129.501243,35.801465
1,129.501093,35.801457
1,129.50095,35.801444
1,129.500795,35.801413
1,129.500665,35.801382
1,129.500542,35.80133
1,129.500033,35.800971
1,129.50003,35.800967
1,129.499763,35.800778
1,129.499643,35.800667
1,129.499377,35.800361
1,129.499268,35.800207
1,129.499123,35.799949
1,129.499057,35.799824
1,129.498949,35.799556
1,129.498931,35.799416
1,129.498936,35.799405
1,129.498935,35.79877
1,129.498664,35.798774
1,129.498492,35.798828
1,129.498563,35.79891
1,129.498549,35.798949
1,129.498592,35.799013
1,129.4986,35.799035
1,129.498629,35.799147
1,129.498637,35.799193
1,129.498626,35.799251
1,129.498596,35.79935
1,129.49856,35.799467
1,129.498472,35.799467
1,129.498449,35.799467
1,129.498474,35.799435
1,129.498504,35.799397
1,129.498515,35.799346
1,129.498477,35.799346
1,129.49842,35.799346
1,129.498384,35.799327
1,129.498445,35.799337
1,129.498489,35.799252
1,129.49851,35.799211
1,129.498488,35.799115
1,129.498533,35.799073
1,129.498486,35.798985
1,129.498442,35.798936
1,129.49843,35.798939
1,129.498431,35.798885
1,129.498348,35.798894
1,129.498351,35.798835
1,129.498355,35.798768
1,129.498497,35.798693
1,129.498549,35.798664
1,129.498559,35.798686
1,129.498621,35.798577
1,129.498629,35.798576
1,129.498604,35.798712
1,129.498661,35.798709
1,129.498761,35.798594
1,129.498768,35.798583
1,129.498807,35.798517
1,129.498823,35.798488
1,129.498844,35.798453
1,129.498885,35.798353
1,129.498937,35.798226
1,129.498909,35.798211
1,129.498955,35.798042
1,129.498928,35.798036
1,129.499082,35.797764
1,129.499666,35.797043
1,129.500124,35.796384
1,129.500301,35.795573
1,129.500404,35.794555
1,129.50052,35.79431
1,129.5012,35.793939
1,129.501373,35.793818
1,129.501338,35.793663
1,129.501267,35.793622
1,129.50102,35.793461
1,129.501028,35.79346
1,129.500302,35.79324
1,129.499664,35.793013
1,129.49942,35.792893
1,129.498457,35.792599
1,129.498131,35.792232
1,129.498176,35.791234
1,129.497904,35.790854
1,129.497728,35.790755
1,129.497392,35.790795
1,129.496665,35.791142
1,129.496264,35.791493
1,129.496158,35.7917
1,129.496124,35.791737
1,129.496074,35.791757
1,129.496074,35.791743
1,129.496074,35.791527
1,129.496004,35.791388
1,129.495989,35.79084
1,129.495977,35.790612
1,129.495971,35.790461
1,129.495965,35.790296
1,129.495959,35.790161
1,129.49595,35.789933
1,129.495886,35.789824
1,129.495724,35.789539
1,129.495653,35.789413
1,129.495548,35.789228
1,129.495479,35.789107
1,129.495313,35.788966
1,129.495207,35.788875
1,129.495141,35.788819
1,129.495082,35.788768
1,129.495008,35.788822
1,129.495059,35.788841
1,129.495411,35.789152
1,129.49566,35.789596
1,129.495832,35.789908
1,129.49585,35.790408
1,129.49587,35.79084
1,129.495896,35.791553
1,129.495897,35.791605
1,129.495808,35.791659
1,129.495758,35.791721
1,129.495763,35.791733
1,129.495686,35.791759
1,129.49568,35.79178
1,129.495619,35.791795
1,129.495617,35.791875
1,129.495552,35.791896
1,129.495539,35.791896
1,129.49549,35.791791
1,129.49524,35.791876
1,129.495053,35.791895
1,129.494609,35.791921
1,129.49451,35.791912
1,129.494147,35.791723
1,129.493821,35.791552
1,129.493622,35.791448
1,129.493543,35.791379
1,129.493433,35.791255
1,129.493325,35.791138
1,129.493367,35.791098
1,129.493225,35.790992
1,129.493442,35.7908
1,129.493473,35.790796
1,129.493727,35.790569
1,129.493901,35.79041
1,129.494087,35.790246
1,129.49404,35.790213
1,129.493874,35.790359
1,129.493754,35.790463
1,129.493532,35.790661
1,129.493459,35.790724
1,129.493434,35.790752
1,129.493401,35.790777
1,129.493328,35.790839
1,129.493273,35.790892
1,129.493191,35.790966
1,129.493142,35.79101
1,129.493066,35.791081
1,129.49303,35.791111
1,129.49307,35.791148
1,129.492963,35.791168
1,129.492873,35.79121
1,129.492766,35.791268
1,129.492653,35.791332
1,129.492333,35.790974
1,129.492259,35.79089
1,129.492242,35.790871
1,129.492255,35.790862
1,129.492372,35.790782
1,129.492376,35.790779
1,129.492514,35.790687
1,129.492471,35.790618
1,129.492415,35.790528
1,129.492358,35.79046
1,129.492292,35.790366
1,129.492246,35.790386
1,129.492136,35.790435
1,129.492127,35.790418
1,129.492232,35.790363
1,129.492276,35.790334
1,129.492231,35.790268
1,129.492186,35.790287
1,129.492175,35.790271
1,129.492219,35.790248
1,129.492182,35.790195
1,129.492085,35.79006
1,129.492031,35.789961
1,129.491932,35.789795
1,129.49191,35.789759
1,129.491862,35.789682
1,129.491795,35.789697
1,129.49178,35.78967
1,129.491837,35.789648
1,129.491707,35.789481
1,129.491649,35.78941
1,129.491626,35.789351
1,129.491627,35.789295
1,129.491603,35.789253
1,129.491548,35.789246
1,129.491545,35.789239
1,129.491613,35.789216
1,129.491612,35.789211
1,129.491572,35.789117
1,129.491505,35.788965
1,129.491488,35.788919
1,129.491473,35.78888
1,129.491455,35.788835
1,129.491423,35.788752
1,129.491396,35.788682
1,129.491386,35.788655
1,129.491365,35.788574
1,129.491356,35.788549
1,129.49136,35.788516
1,129.49127,35.788183
1,129.491264,35.788149
1,129.491236,35.788003
1,129.491156,35.788016
1,129.491154,35.787961
1,129.491136,35.787916
1,129.49111,35.787691
1,129.491082,35.787133
1,129.490999,35.786547
1,129.491013,35.786395
1,129.491027,35.786252
1,129.491027,35.785885
1,129.491026,35.785862
1,129.491027,35.785626
1,129.491027,35.785311
1,129.490712,35.785273
1,129.490676,35.784924
1,129.48974,35.785078
1,129.490246,35.784889
1,129.49044,35.784842
1,129.490433,35.784712
1,129.490713,35.784685
1,129.490713,35.784424
1,129.490645,35.784329
1,129.490614,35.784307
1,129.490709,35.784063
1,129.490761,35.783754
1,129.490807,35.783702
1,129.490869,35.78356
1,129.490912,35.783027
1,129.490912,35.782379
1,129.490928,35.782327
1,129.490962,35.782113
1,129.490697,35.782061
1,129.490447,35.782012
1,129.490371,35.782027
1,129.490413,35.781945
1,129.490472,35.781913
1,129.490507,35.781888
1,129.490526,35.781891
1,129.49087,35.781955
1,129.491128,35.782003
1,129.491526,35.782046
1,129.491526,35.78208
1,129.491623,35.782083
1,129.491623,35.781993
1,129.491579,35.781992
1,129.491628,35.781746
1,129.49172,35.781754
1,129.491735,35.781666
1,129.491646,35.781657
1,129.491662,35.781572
1,129.491723,35.781585
1,129.491728,35.78156
1,129.491849,35.781582
1,129.491845,35.781604
1,129.491883,35.781609
1,129.491888,35.781593
1,129.491908,35.781595
1,129.491959,35.781496
1,129.491878,35.781464
1,129.491849,35.781462
1,129.491871,35.781384
1,129.491892,35.781309
1,129.491918,35.781263
1,129.491953,35.781202
1,129.491974,35.781138
1,129.49202,35.78103
1,129.492068,35.780917
1,129.492118,35.780812
1,129.492172,35.780702
1,129.492122,35.780681
1,129.492213,35.780506
1,129.492256,35.780402
1,129.492287,35.780265
1,129.492292,35.780244
1,129.492302,35.780189
1,129.492276,35.780185
1,129.492289,35.780112
1,129.492221,35.780111
1,129.4921,35.780154
1,129.491933,35.780211
1,129.491833,35.780245
1,129.491849,35.780152
1,129.491849,35.780148
1,129.491909,35.78007
1,129.492009,35.780069
1,129.49212,35.780063
1,129.492158,35.780047
1,129.492244,35.780042
1,129.492336,35.780022
1,129.492366,35.780017
1,129.492431,35.779853
1,129.492485,35.779876
1,129.492568,35.779908
1,129.492588,35.779869
1,129.492507,35.779813
1,129.492454,35.779797
1,129.492384,35.779767
1,129.492234,35.779698
1,129.492122,35.779638
1,129.492099,35.779625
1,129.492089,35.779639
1,129.492053,35.779604
1,129.492106,35.779532
1,129.492255,35.779478
1,129.492286,35.779462
1,129.492144,35.779577
1,129.49219,35.779598
1,129.492277,35.779637
1,129.492444,35.7797
1,129.492516,35.779722
1,129.492498,35.779747
1,129.492634,35.779798
1,129.492682,35.779656
1,129.492791,35.779476
1,129.492793,35.779474
1,129.492811,35.779479
1,129.492872,35.779373
1,129.492938,35.7794
1,129.492982,35.779344
1,129.493019,35.779295
1,129.493078,35.779217
1,129.493141,35.77913
1,129.493237,35.778998
1,129.49331,35.778889
1,129.49337,35.7788
1,129.493455,35.778671
1,129.493599,35.778408
1,129.493664,35.778289
1,129.493695,35.778226
1,129.493841,35.777856
1,129.493885,35.777752
1,129.493961,35.777575
1,129.493985,35.777516
1,129.494196,35.777008
1,129.495326,35.777079
1,129.495463,35.777074
1,129.495682,35.777048
1,129.495675,35.777003
1,129.495538,35.777019
1,129.49534,35.777028
1,129.494989,35.777008
1,129.495077,35.776894
1,129.495011,35.77688
1,129.494911,35.777002
1,129.494215,35.776962
1,129.494238,35.776907
1,129.494104,35.776843
1,129.494314,35.776641
1,129.494331,35.776652
1,129.494403,35.776703
1,129.494441,35.776689
1,129.494532,35.776613
1,129.494568,35.776569
1,129.494613,35.776516
1,129.494649,35.776512
1,129.494682,35.77648
1,129.494625,35.776432
1,129.494605,35.776426
1,129.494618,35.776394
1,129.494912,35.776172
1,129.495037,35.776217
1,129.495076,35.77624
1,129.495158,35.776406
1,129.495292,35.776605
1,129.495319,35.776593
1,129.495191,35.776395
1,129.495109,35.77623
1,129.495129,35.776189
1,129.495129,35.776131
1,129.495042,35.776117
1,129.495075,35.776045
1,129.495083,35.776018
1,129.49505,35.776007
1,129.494861,35.775933
1,129.49485,35.775928
1,129.49482,35.775859
1,129.494717,35.775669
1,129.494687,35.775591
1,129.494669,35.775522
1,129.494656,35.775432
1,129.494653,35.775317
1,129.494655,35.775274
1,129.494841,35.774929
1,129.494871,35.774884
1,129.494936,35.774809
1,129.495278,35.774462
1,129.495229,35.774434
1,129.495251,35.7744
1,129.495336,35.774257
1,129.495343,35.774245
1,129.49541,35.774102
1,129.495524,35.773856
1,129.495576,35.773788
1,129.495649,35.773611
1,129.49576,35.773394
1,129.495847,35.773278
1,129.495894,35.773216
1,129.49591,35.773195
1,129.495949,35.773209
1,129.496155,35.773229
1,129.496254,35.773216
1,129.496362,35.773248
1,129.496425,35.773102
1,129.496342,35.773078
1,129.496366,35.772895
1,129.496296,35.772882
1,129.496256,35.772839
1,129.496287,35.772613
1,129.496446,35.772608
1,129.49645,35.772577
1,129.496467,35.772453
1,129.496261,35.772334
1,129.496272,35.77225
1,129.496302,35.772102
1,129.496295,35.772015
1,129.496261,35.771976
1,129.496139,35.771793
1,129.496134,35.771782
1,129.496075,35.771631
1,129.496031,35.771571
1,129.495984,35.771556
1,129.495919,35.771542
1,129.495812,35.77156
1,129.495735,35.771548
1,129.49572,35.771503
1,129.495585,35.771466
1,129.495521,35.771383
1,129.495418,35.771308
1,129.495361,35.771347
1,129.494905,35.770653
1,129.494733,35.770531
1,129.494068,35.770241
1,129.494064,35.770093
1,129.493939,35.768984
1,129.49386,35.768718
1,129.493677,35.7681
1,129.493609,35.768008
1,129.493551,35.767896
1,129.493571,35.767526
1,129.493562,35.76745
1,129.493286,35.767543
1,129.493397,35.767327
1,129.4934,35.767324
1,129.49399,35.767139
1,129.493987,35.766966
1,129.493951,35.766737
1,129.493783,35.766354
1,129.493733,35.766105
1,129.493698,35.765896
1,129.493689,35.765809
1,129.493696,35.765788
1,129.493785,35.765577
1,129.493831,35.765465
1,129.493897,35.765315
1,129.494093,35.765102
1,129.494129,35.765124
1,129.494224,35.764993
1,129.494237,35.764958
1,129.494245,35.764914
1,129.494245,35.764833
1,129.494242,35.764756
1,129.494225,35.764676
1,129.494208,35.764638
1,129.494146,35.764555
1,129.494103,35.764501
1,129.494083,35.76447
1,129.494057,35.76441
1,129.493995,35.76427
1,129.493964,35.764193
1,129.493974,35.76403
1,129.493988,35.763925
1,129.494003,35.763855
1,129.494016,35.763796
1,129.494066,35.763572
1,129.494098,35.763435
1,129.494123,35.763251
1,129.49412,35.763133
1,129.494087,35.762926
1,129.494045,35.762795
1,129.494038,35.762595
1,129.494049,35.762443
1,129.494071,35.762123
1,129.494138,35.762116
1,129.494115,35.762002
1,129.494101,35.761974
1,129.494054,35.761889
1,129.493984,35.761751
1,129.493918,35.761633
1,129.493906,35.76158
1,129.493923,35.761546
1,129.493933,35.761549
1,129.493985,35.761434
1,129.494032,35.761328
1,129.494076,35.761228
1,129.494077,35.761226
1,129.494161,35.761039
1,129.494186,35.760982
1,129.494169,35.760912
1,129.494139,35.760779
1,129.494118,35.760681
1,129.494099,35.760603
1,129.494051,35.760609
1,129.493988,35.760378
1,129.493887,35.760067
1,129.493808,35.759821
1,129.493768,35.759694
1,129.493741,35.759611
1,129.493674,35.759625
1,129.49374,35.759822
1,129.493767,35.759904
1,129.493755,35.759905
1,129.493776,35.759965
1,129.493809,35.760069
1,129.493838,35.760158
1,129.493863,35.760239
1,129.493893,35.76033
1,129.493929,35.760449
1,129.493958,35.760575
1,129.49399,35.760705
1,129.49403,35.760859
1,129.494051,35.760935
1,129.494003,35.761064
1,129.493975,35.761143
1,129.493928,35.761253
1,129.493867,35.761392
1,129.493799,35.761358
1,129.49369,35.761304
1,129.493657,35.761281
1,129.49358,35.76123
1,129.493551,35.76121
1,129.493501,35.761167
1,129.493434,35.76111
1,129.493364,35.761052
1,129.493327,35.761002
1,129.493302,35.760981
1,129.493259,35.760944
1,129.493184,35.76088
1,129.493023,35.760783
1,129.492879,35.760695
1,129.492821,35.760655
1,129.492688,35.760565
1,129.492674,35.760549
1,129.492619,35.760531
1,129.492639,35.760459
1,129.492417,35.760428
1,129.492385,35.760494
1,129.492297,35.760484
1,129.492241,35.760529
1,129.492219,35.760549
1,129.492184,35.760586
1,129.492123,35.760617
1,129.492151,35.760636
1,129.492026,35.760661
1,129.491973,35.760626
1,129.491929,35.760597
1,129.49205,35.760554
1,129.492168,35.760454
1,129.492086,35.760433
1,129.492085,35.760425
1,129.492017,35.76038
1,129.491913,35.760313
1,129.491776,35.760223
1,129.491658,35.760146
1,129.491581,35.760096
1,129.491549,35.760073
1,129.49148,35.759993
1,129.491426,35.759928
1,129.491393,35.759888
1,129.491357,35.759846
1,129.491332,35.759801
1,129.491275,35.759681
1,129.491195,35.759508
1,129.491155,35.759421
1,129.491043,35.759458
1,129.491029,35.759425
1,129.491139,35.759388
1,129.491093,35.75921
1,129.491068,35.759106
1,129.491043,35.75901
1,129.491027,35.758949
1,129.490924,35.758966
1,129.490916,35.758897
1,129.490905,35.758789
1,129.4909,35.758707
1,129.4909,35.758541
1,129.490897,35.758187
1,129.490896,35.758094
1,129.49102,35.758061
1,129.49112,35.757758
1,129.491217,35.757437
1,129.491179,35.756958
1,129.491179,35.756951
1,129.491196,35.756832
1,129.491208,35.756751
1,129.491225,35.75638
1,129.491229,35.756308
1,129.491187,35.75631
1,129.491192,35.756168
1,129.491197,35.756129
1,129.491299,35.756133
1,129.491318,35.755993
1,129.491341,35.755803
1,129.491304,35.755801
1,129.491316,35.755602
1,129.491319,35.755566
1,129.491344,35.755268
1,129.491345,35.755225
1,129.491354,35.755104
1,129.491317,35.755102
1,129.491223,35.755097
1,129.491125,35.755061
1,129.490989,35.755038
1,129.490974,35.755165
1,129.490969,35.755209
1,129.490968,35.755188
1,129.490978,35.754997
1,129.490983,35.754923
1,129.491012,35.754848
1,129.490993,35.754993
1,129.491005,35.754995
1,129.49117,35.755025
1,129.491184,35.755027
1,129.49122,35.755047
1,129.49131,35.755052
1,129.491358,35.755057
1,129.491359,35.754995
1,129.491367,35.754906
1,129.491376,35.754832
1,129.491392,35.754754
1,129.491443,35.754761
1,129.491454,35.754722
1,129.491419,35.75468
1,129.491443,35.754609
1,129.491534,35.754629
1,129.491569,35.754525
1,129.491601,35.754409
1,129.49189,35.754128
1,129.491916,35.754125
1,129.492104,35.754098
1,129.492209,35.754056
1,129.492401,35.753936
1,129.492646,35.753786
1,129.492712,35.753747
1,129.492783,35.753703
1,129.492841,35.753668
1,129.492943,35.753605
1,129.493013,35.753562
1,129.493063,35.753531
1,129.493127,35.753492
1,129.493212,35.753439
1,129.493296,35.753388
1,129.493354,35.753352
1,129.493347,35.753284
1,129.493338,35.75323
1,129.493353,35.753211
1,129.493419,35.753132
1,129.493478,35.753061
1,129.493528,35.753084
1,129.493613,35.753124
1,129.493666,35.75305
1,129.493736,35.752952
1,129.493804,35.752856
1,129.493878,35.752754
1,129.493974,35.75262
1,129.494037,35.752533
1,129.493946,35.752494
1,129.493963,35.752474
1,129.49399,35.752441
1,129.494034,35.752447
1,129.494086,35.752458
1,129.494205,35.752365
1,129.494238,35.752284
1,129.494196,35.752291
1,129.494075,35.752227
1,129.493853,35.75211
1,129.493705,35.752058
1,129.493611,35.751986
1,129.493478,35.751978
1,129.493376,35.75202
1,129.49323,35.75202
1,129.493212,35.752017
1,129.493063,35.751991
1,129.49282,35.751915
1,129.492707,35.751862
1,129.492634,35.751824
1,129.492601,35.751806
1,129.492544,35.751746
1,129.492459,35.751712
1,129.492365,35.751673
1,129.492303,35.751623
1,129.492165,35.751506
1,129.492126,35.751463
1,129.492095,35.751429
1,129.492141,35.751349
1,129.49209,35.751292
1,129.492015,35.751307
1,129.491993,35.751264
1,129.491962,35.751168
1,129.491894,35.751161
1,129.491833,35.751159
1,129.491774,35.751154
1,129.491698,35.751116
1,129.491662,35.751106
1,129.491613,35.751099
1,129.491548,35.751029
1,129.491515,35.750993
1,129.491562,35.750977
1,129.491543,35.750945
1,129.491512,35.750863
1,129.491446,35.750836
1,129.491397,35.750827
1,129.491339,35.750814
1,129.491277,35.750765
1,129.491266,35.750722
1,129.491196,35.750647
1,129.49117,35.750569
1,129.491125,35.750503
1,129.491083,35.75044
1,129.49102,35.750381
1,129.490975,35.750348
1,129.490898,35.75029
1,129.490823,35.75019
1,129.490758,35.750064
1,129.490736,35.749974
1,129.490828,35.749929
1,129.490847,35.749893
1,129.490804,35.749756
1,129.490742,35.749561
1,129.490674,35.749525
1,129.490586,35.74948
1,129.490509,35.749478
1,129.490454,35.749458
1,129.490394,35.749462
1,129.490367,35.749429
1,129.490301,35.749409
1,129.490254,35.749364
1,129.490166,35.749296
1,129.490123,35.749249
1,129.490104,35.749211
1,129.490072,35.749152
1,129.49002,35.749106
1,129.489968,35.749073
1,129.4899,35.749035
1,129.489829,35.748995
1,129.489731,35.748982
1,129.489698,35.74894
1,129.489675,35.748907
1,129.489589,35.748859
1,129.489487,35.748782
1,129.48943,35.748767
1,129.489384,35.748795
1,129.489319,35.748789
1,129.489251,35.748756
1,129.489215,35.748695
1,129.489129,35.748641
1,129.48901,35.74863
1,129.488967,35.748619
1,129.488924,35.74857
1,129.488881,35.748518
1,129.48884,35.74849
1,129.488762,35.748402
1,129.48875,35.748397
1,129.488815,35.748335
1,129.488822,35.74832
1,129.488845,35.7483
1,129.488838,35.748294
1,129.488855,35.748282
1,129.48884,35.748261
1,129.488801,35.748243
1,129.488756,35.748211
1,129.488737,35.748227
1,129.488721,35.748211
1,129.488589,35.748308
1,129.488438,35.748184
1,129.488339,35.74824
1,129.488316,35.748236
1,129.488289,35.7482
1,129.488269,35.748179
1,129.488334,35.748128
1,129.488213,35.74799
1,129.488167,35.748007
1,129.488165,35.747977
1,129.488141,35.747914
1,129.488123,35.747899
1,129.488157,35.747885
1,129.488098,35.74776
1,129.488041,35.747772
1,129.488037,35.747766
1,129.488027,35.747668
1,129.488038,35.747581
1,129.488074,35.747546
1,129.488032,35.747484
1,129.487884,35.74739
1,129.487901,35.747324
1,129.48789,35.747269
1,129.487838,35.747195
1,129.487824,35.747123
1,129.487753,35.747052
1,129.487649,35.747015
1,129.487569,35.747037
1,129.48759,35.746991
1,129.48753,35.746985
1,129.487454,35.746963
1,129.487381,35.746957
1,129.487228,35.746906
1,129.487199,35.746892
1,129.487201,35.746866
1,129.487155,35.746829
1,129.487122,35.746815
1,129.487058,35.746798
1,129.487045,35.746774
1,129.486991,35.746763
1,129.487022,35.746694
1,129.486997,35.746668
1,129.486962,35.746676
1,129.486904,35.74667
1,129.486885,35.746678
1,129.486848,35.74666
1,129.486775,35.746562
1,129.486805,35.746446
1,129.486755,35.746405
1,129.486736,35.746353
1,129.48675,35.746311
1,129.486726,35.746292
1,129.486737,35.746257
1,129.486742,35.746212
1,129.48684,35.746146
1,129.486805,35.746034
1,129.486829,35.746004
1,129.486786,35.745905
1,129.48679,35.745838
1,129.486769,35.745802
1,129.486976,35.745636
1,129.487,35.745627
1,129.487313,35.745223
1,129.487248,35.745183
1,129.486942,35.745579
1,129.486714,35.745758
1,129.486535,35.745875
1,129.486509,35.745858
1,129.486451,35.745814
1,129.48634,35.745801
1,129.486264,35.745762
1,129.485979,35.745665
1,129.486039,35.745613
1,129.485958,35.745492
1,129.485872,35.745431
1,129.485868,35.745427
1,129.485802,35.745353
1,129.485694,35.745311
1,129.485544,35.745287
1,129.485345,35.745212
1,129.485093,35.744837
1,129.485107,35.744748
1,129.485115,35.744632
1,129.485077,35.74459
1,129.484903,35.744507
1,129.484637,35.744348
1,129.484509,35.744096
1,129.484441,35.744032
1,129.48432,35.744003
1,129.484247,35.743982
1,129.484062,35.743944
1,129.483762,35.743932
1,129.4836,35.743909
1,129.483247,35.743727
1,129.483155,35.743693
1,129.483092,35.743677
1,129.483052,35.743673
1,129.482933,35.743204
1,129.482764,35.742634
1,129.482741,35.742373
1,129.482739,35.742347
1,129.482706,35.742034
1,129.482754,35.741886
1,129.482911,35.741883
1,129.482828,35.741712
1,129.483021,35.74156
1,129.483042,35.741543
1,129.483111,35.741518
1,129.483142,35.741482
1,129.483234,35.741455
1,129.483255,35.741183
1,129.48338,35.74119
1,129.483457,35.741194
1,129.48348,35.741056
1,129.483528,35.74077
1,129.483551,35.740635
1,129.483557,35.740579
1,129.483679,35.740179
1,129.483761,35.739909
1,129.483828,35.739339
1,129.483982,35.738982
1,129.484017,35.738904
1,129.48406,35.738803
1,129.484153,35.738595
1,129.484215,35.738454
1,129.484208,35.738422
1,129.484297,35.738239
1,129.484321,35.738191
1,129.484386,35.73806
1,129.484403,35.738024
1,129.484405,35.737988
1,129.484414,35.737836
1,129.48442,35.737727
1,129.484401,35.737701
1,129.484367,35.737576
1,129.484347,35.737501
1,129.484343,35.737488
1,129.484249,35.737356
1,129.484179,35.737256
1,129.484019,35.73721
1,129.483955,35.737175
1,129.48387,35.737153
1,129.483805,35.737136
1,129.483751,35.737122
1,129.483841,35.736661
1,129.483574,35.736637
1,129.483738,35.736614
1,129.483908,35.73659
1,129.483994,35.736583
1,129.484161,35.736569
1,129.484426,35.736554
1,129.484503,35.736203
1,129.484577,35.735836
1,129.484316,35.735783
1,129.484243,35.73578
1,129.484158,35.735776
1,129.484137,35.735775
1,129.484103,35.735877
1,129.484042,35.735858
1,129.484063,35.735839
1,129.484113,35.735756
1,129.484139,35.735714
1,129.484186,35.735723
1,129.484258,35.735737
1,129.48426,35.735737
1,129.484397,35.73577
1,129.484622,35.735796
1,129.48468,35.735434
1,129.484707,35.735194
1,129.484728,35.735087
1,129.484865,35.734594
1,129.484962,35.734237
1,129.484882,35.734197
1,129.485198,35.733977
1,129.485378,35.733862
1,129.485485,35.733683
1,129.485346,35.733619
1,129.485105,35.733492
1,129.485086,35.733322
1,129.485332,35.733034
1,129.48526,35.732589
1,129.485233,35.732571
1,129.485178,35.732534
1,129.485295,35.732261
1,129.485304,35.732075
1,129.485256,35.732079
1,129.485251,35.732041
1,129.485252,35.731986
1,129.485296,35.731982
1,129.485373,35.731976
1,129.48533,35.731521
1,129.485508,35.731149
1,129.485446,35.730833
1,129.485549,35.730438
1,129.485826,35.730201
1,129.485943,35.72988
1,129.486025,35.729565
1,129.485479,35.729443
1,129.485232,35.729465
1,129.485134,35.729381
1,129.485043,35.72923
1,129.485097,35.729231
1,129.485088,35.729176
1,129.485056,35.729142
1,129.484931,35.729061
1,129.484841,35.729006
1,129.484828,35.72895
1,129.484754,35.728761
1,129.484696,35.72871
1,129.484719,35.728655
1,129.484697,35.728632
1,129.484657,35.728617
1,129.484494,35.728677
1,129.484476,35.72867
1,129.484438,35.728657
1,129.484399,35.728624
1,129.484401,35.728593
1,129.484406,35.728528
1,129.484348,35.728493
1,129.484331,35.728483
1,129.484253,35.728419
1,129.484226,35.728397
1,129.484183,35.728382
1,129.484183,35.728339
1,129.484207,35.728313
1,129.484206,35.728302
1,129.484199,35.728244
1,129.484162,35.728208
1,129.48414,35.728185
1,129.484144,35.728146
1,129.484111,35.728129
1,129.484066,35.728104
1,129.48401,35.728072
1,129.483909,35.728013
1,129.483794,35.727929
1,129.483696,35.727867
1,129.483623,35.727792
1,129.483599,35.727735
1,129.483626,35.72766
1,129.483614,35.727613
1,129.483585,35.727566
1,129.48359,35.727547
1,129.483607,35.72742
1,129.483602,35.727333
1,129.483622,35.727286
1,129.483617,35.727238
1,129.483552,35.72721
1,129.48351,35.727171
1,129.483479,35.72713
1,129.483483,35.727031
1,129.483442,35.726963
1,129.483282,35.726516
1,129.482676,35.725976
1,129.482499,35.725754
1,129.482407,35.725638
1,129.482016,35.725678
1,129.481933,35.725598
1,129.4819,35.725559
1,129.481816,35.725539
1,129.481717,35.725496
1,129.481661,35.725427
1,129.481628,35.725378
1,129.481608,35.725328
1,129.481562,35.725276
1,129.48154,35.725211
1,129.48154,35.725078
1,129.481562,35.724827
1,129.481596,35.724647
1,129.481607,35.724545
1,129.481676,35.72437
1,129.481842,35.724391
1,129.481867,35.724218
1,129.481903,35.723981
1,129.481799,35.723997
1,129.481804,35.72398
1,129.481799,35.723942
1,129.481799,35.723912
1,129.481795,35.723886
1,129.481879,35.723869
1,129.481756,35.723517
1,129.481671,35.723424
1,129.481631,35.723338
1,129.481486,35.723405
1,129.481471,35.723408
1,129.481493,35.723347
1,129.481539,35.723338
1,129.481622,35.723314
1,129.481545,35.723158
1,129.481411,35.722866
1,129.481332,35.722889
1,129.481316,35.722859
1,129.481286,35.722775
1,129.481232,35.722691
1,129.481226,35.72264
1,129.481186,35.722583
1,129.481185,35.722523
1,129.481185,35.722456
1,129.481198,35.72242
1,129.48118,35.722346
1,129.481159,35.722311
1,129.481131,35.722265
1,129.481082,35.722237
1,129.480929,35.722083
1,129.480898,35.722055
1,129.480854,35.722017
1,129.480892,35.721994
1,129.48093,35.721876
1,129.480983,35.721832
1,129.48096,35.721731
1,129.480948,35.721625
1,129.48096,35.721555
1,129.481018,35.721491
1,129.481026,35.721194
1,129.481077,35.721186
1,129.481129,35.721025
1,129.481083,35.720869
1,129.481011,35.720816
1,129.480952,35.72072
1,129.480863,35.720444
1,129.480845,35.720267
1,129.480851,35.720228
1,129.48086,35.720215
1,129.480894,35.720157
1,129.480787,35.719957
1,129.480654,35.719666
1,129.48061,35.719492
1,129.480578,35.719478
1,129.480573,35.71945
1,129.480636,35.719428
1,129.480595,35.719353
1,129.48049,35.719279
1,129.480306,35.719095
1,129.480165,35.719024
1,129.480003,35.718898
1,129.479429,35.718429
1,129.479426,35.718331
1,129.479359,35.718274
1,129.479307,35.718255
1,129.479289,35.718214
1,129.479234,35.718128
1,129.479094,35.71784
1,129.478725,35.717533
1,129.478666,35.71747
1,129.47863,35.717394
1,129.478586,35.717308
1,129.478435,35.717196
1,129.478353,35.71713
1,129.478332,35.717049
1,129.478178,35.717027
1,129.478193,35.71698
1,129.478206,35.716951
1,129.478255,35.716845
1,129.478279,35.716731
1,129.478296,35.716837
1,129.478303,35.716873
1,129.478353,35.716863
1,129.478309,35.716633
1,129.478305,35.716633
1,129.4783,35.716607
1,129.478314,35.716528
1,129.478325,35.716509
1,129.478282,35.716316
1,129.478279,35.716111
1,129.478294,35.716043
1,129.478317,35.715842
1,129.478312,35.715783
1,129.47832,35.715729
1,129.478321,35.715581
1,129.478356,35.715376
1,129.478367,35.71516
1,129.478335,35.715107
1,129.478347,35.71489
1,129.478389,35.714176
1,129.478391,35.714139
1,129.478394,35.714098
1,129.478419,35.714108
1,129.47843,35.714104
1,129.478575,35.714058
1,129.478696,35.713961
1,129.478891,35.713724
1,129.478974,35.713425
1,129.479008,35.713373
1,129.479028,35.71334
1,129.479132,35.713176
1,129.479229,35.713089
1,129.479222,35.713024
1,129.479193,35.712792
1,129.479091,35.71272
1,129.478977,35.712673
1,129.478719,35.712524
1,129.478386,35.712267
1,129.478226,35.712163
1,129.478093,35.712055
1,129.478031,35.712012
1,129.478007,35.712008
1,129.477955,35.711951
1,129.477899,35.711898
1,129.477867,35.711875
1,129.477784,35.711799
1,129.4777,35.711675
1,129.477603,35.711448
1,129.477576,35.71137
1,129.477556,35.711332
1,129.477539,35.711319
1,129.477512,35.711305
1,129.477458,35.711187
1,129.477435,35.711147
1,129.477358,35.710979
1,129.477317,35.710864
1,129.477229,35.710703
1,129.477161,35.710625
1,129.477075,35.710578
1,129.47607,35.710242
1,129.476012,35.710218
1,129.475902,35.710168
1,129.47577,35.710134
1,129.475658,35.710086
1,129.475613,35.710033
1,129.475549,35.71001
1,129.475507,35.709994
1,129.475355,35.709925
1,129.475326,35.709887
1,129.475244,35.709828
1,129.475098,35.70974
1,129.474891,35.709645
1,129.474687,35.709578
1,129.474445,35.709458
1,129.474407,35.709438
1,129.474323,35.709379
1,129.474157,35.709273
1,129.473963,35.709091
1,129.473888,35.709002
1,129.473793,35.708917
1,129.473721,35.708806
1,129.4737,35.708758
1,129.473595,35.708525
1,129.473543,35.708422
1,129.47347,35.70828
1,129.473388,35.708121
1,129.473338,35.708079
1,129.473241,35.707997
1,129.4732,35.70797
1,129.47315,35.707925
1,129.473086,35.707905
1,129.473035,35.707838
1,129.472993,35.707819
1,129.472738,35.707722
1,129.472654,35.707657
1,129.472432,35.707469
1,129.472196,35.70727
1,129.472186,35.707076
1,129.472178,35.706933
1,129.472135,35.706724
1,129.472121,35.706646
1,129.472054,35.706461
1,129.472028,35.706326
1,129.471978,35.70632
1,129.471935,35.706328
1,129.47189,35.706335
1,129.471898,35.706224
1,129.471904,35.706154
1,129.471507,35.706056
1,129.471407,35.706031
1,129.47151,35.705948
1,129.47157,35.705881
1,129.471629,35.705844
1,129.471735,35.705776
1,129.471838,35.705734
1,129.471885,35.70571
1,129.471977,35.705711
1,129.471958,35.70549
1,129.471895,35.704776
1,129.471895,35.704746
1,129.471905,35.704398
1,129.471908,35.704236
1,129.471932,35.704074
1,129.472036,35.703368
1,129.472071,35.703225
1,129.472172,35.703211
1,129.472185,35.703195
1,129.472321,35.703221
1,129.472346,35.703137
1,129.47235,35.703123
1,129.472365,35.703074
1,129.472379,35.70303
1,129.472392,35.702984
1,129.472403,35.702948
1,129.472408,35.70294
1,129.472439,35.702933
1,129.472493,35.702823
1,129.472505,35.702776
1,129.472468,35.702749
1,129.472458,35.702742
1,129.472474,35.702701
1,129.472522,35.702573
1,129.472557,35.702481
1,129.47262,35.702316
1,129.47264,35.702265
1,129.472635,35.702182
1,129.472628,35.702046
1,129.472559,35.702009
1,129.472547,35.702002
1,129.472466,35.701985
1,129.472569,35.701956
1,129.472742,35.702026
1,129.472793,35.701815
1,129.472974,35.701164
1,129.472997,35.701081
1,129.47304,35.70088
1,129.4731,35.70069
1,129.473208,35.700614
1,129.473233,35.700537
1,129.473317,35.700294
1,129.473388,35.700101
1,129.473446,35.699952
1,129.473508,35.699824
1,129.473635,35.699597
1,129.473738,35.699446
1,129.473903,35.699234
1,129.474289,35.698832
1,129.474439,35.698717
1,129.474485,35.698622
1,129.47468,35.698433
1,129.474909,35.698131
1,129.47519,35.697906
1,129.475717,35.697563
1,129.475764,35.697471
1,129.475775,35.697457
1,129.475785,35.697405
1,129.475771,35.697379
1,129.475884,35.697161
1,129.475753,35.696971
1,129.475675,35.696857
1,129.475559,35.696688
1,129.475522,35.696629
1,129.475468,35.696469
1,129.475456,35.696432
1,129.475284,35.695906
1,129.475275,35.695885
1,129.475126,35.695164
1,129.475107,35.695109
1,129.475018,35.695113
1,129.474884,35.695131
1,129.47481,35.695142
1,129.474886,35.695016
1,129.474896,35.694999
1,129.475053,35.695008
1,129.475158,35.695015
1,129.475162,35.695015
1,129.475186,35.695016
1,129.475238,35.695022
1,129.475308,35.694834
1,129.475379,35.694643
1,129.475522,35.694375
1,129.475573,35.694258
1,129.475566,35.694126
1,129.475327,35.693571
1,129.475358,35.693552
1,129.475494,35.693399
1,129.47572,35.693151
1,129.476147,35.692682
1,129.476428,35.692365
1,129.476632,35.69214
1,129.476645,35.692142
1,129.476681,35.692095
1,129.476853,35.691716
1,129.476997,35.691403
1,129.477346,35.690645
1,129.477344,35.690618
1,129.477338,35.690605
1,129.477328,35.690597
1,129.477314,35.690591
1,129.477299,35.690588
1,129.477276,35.690588
1,129.477262,35.690595
1,129.477249,35.690606
1,129.47724,35.690619
1,129.476881,35.691403
1,129.476731,35.691733
1,129.476591,35.692031
1,129.476556,35.692077
1,129.475815,35.69289
1,129.475803,35.692929
1,129.475585,35.693173
1,129.474596,35.69199
1,129.474214,35.691526
1,129.474228,35.691462
1,129.474241,35.691408
1,129.474132,35.691392
1,129.474118,35.691447
1,129.474077,35.691614
1,129.474162,35.691971
1,129.47389,35.692018
1,129.47379,35.691614
1,129.473742,35.691416
1,129.473733,35.691404
1,129.473721,35.691355
1,129.473735,35.691303
1,129.473784,35.691117
1,129.473947,35.69095
1,129.474231,35.691001
1,129.474163,35.691269
1,129.474271,35.691289
1,129.474692,35.691055
1,129.474921,35.690926
1,129.474801,35.690778
1,129.475186,35.690562
1,129.474942,35.690261
1,129.474882,35.690187
1,129.474949,35.690158
1,129.474963,35.690184
1,129.474968,35.690225
1,129.475147,35.690203
1,129.475138,35.69001
1,129.475165,35.689989
1,129.475164,35.689976
1,129.476242,35.690254
1,129.476285,35.690259
1,129.476302,35.690255
1,129.476321,35.690248
1,129.476336,35.69023
1,129.476333,35.690206
1,129.476326,35.690186
1,129.47631,35.690177
1,129.47629,35.690167
1,129.475148,35.689875
1,129.475032,35.689823
1,129.474895,35.689578
1,129.474884,35.689308
1,129.474932,35.688908
1,129.474906,35.688688
1,129.474932,35.688512
1,129.47493,35.688504
1,129.474921,35.688447
1,129.474841,35.688313
1,129.474706,35.688161
1,129.474717,35.688133
1,129.474657,35.688033
1,129.474574,35.687923
1,129.474536,35.687807
1,129.474435,35.687519
1,129.47441,35.687405
1,129.47433,35.687337
1,129.474289,35.687252
1,129.474229,35.687117
1,129.474194,35.686952
1,129.474251,35.686885
1,129.474293,35.686847
1,129.474374,35.686771
1,129.474565,35.686756
1,129.474645,35.686417
1,129.474597,35.686332
1,129.474455,35.68608
1,129.47431,35.685855
1,129.474032,35.685815
1,129.473892,35.685794
1,129.473723,35.685637
1,129.473682,35.685599
1,129.473424,35.685326
1,129.473385,35.685245
1,129.47327,35.685006
1,129.473119,35.684838
1,129.472927,35.68457
1,129.472783,35.684263
1,129.472745,35.684214
1,129.472593,35.684038
1,129.472389,35.683735
1,129.472266,35.683477
1,129.472224,35.683458
1,129.472208,35.683309
1,129.472186,35.683177
1,129.472087,35.683066
1,129.471951,35.6829
1,129.471874,35.682736
1,129.471827,35.682596
1,129.471769,35.682616
1,129.471633,35.682636
1,129.471598,35.682582
1,129.471578,35.682549
1,129.47164,35.682422
1,129.471694,35.682395
1,129.471633,35.682225
1,129.471613,35.682077
1,129.471632,35.681978
1,129.471659,35.681941
1,129.471639,35.681811
1,129.471669,35.681722
1,129.471697,35.681616
1,129.471499,35.681609
1,129.471375,35.68151
1,129.471289,35.681473
1,129.471254,35.681369
1,129.471271,35.681319
1,129.471277,35.681264
1,129.471263,35.681176
1,129.471277,35.681097
1,129.471317,35.681005
1,129.471341,35.680955
1,129.471441,35.680891
1,129.471468,35.680847
1,129.471501,35.680756
1,129.471504,35.680669
1,129.471486,35.680625
1,129.471221,35.680665
1,129.471145,35.680638
1,129.471107,35.680598
1,129.471004,35.680543
1,129.470959,35.680551
1,129.470756,35.680547
1,129.470705,35.680495
1,129.470611,35.680386
1,129.470512,35.680231
1,129.470477,35.680105
1,129.470498,35.68005
1,129.470496,35.679944
1,129.470529,35.679896
1,129.47054,35.679794
1,129.470426,35.67975
1,129.47055,35.679564
1,129.470565,35.679542
1,129.470427,35.679481
1,129.470201,35.679382
1,129.470097,35.679328
1,129.46999,35.679268
1,129.469499,35.679204
1,129.469458,35.679267
1,129.469451,35.679298
1,129.469442,35.679297
1,129.469324,35.679301
1,129.46926,35.679311
1,129.469149,35.679356
1,129.469051,35.679409
1,129.468912,35.679392
1,129.46882,35.679424
1,129.468641,35.679574
1,129.468517,35.679636
1,129.468026,35.679811
1,129.467868,35.679799
1,129.467343,35.679682
1,129.46734,35.679944
1,129.467235,35.679892
1,129.467216,35.679882
1,129.467067,35.679861
1,129.466905,35.679832
1,129.466789,35.679791
1,129.466599,35.679766
1,129.466425,35.679681
1,129.466421,35.679677
1,129.466381,35.679629
1,129.466196,35.679533
1,129.466084,35.679427
1,129.465993,35.679296
1,129.465948,35.679202
1,129.465823,35.679093
1,129.465729,35.67905
1,129.465572,35.678936
1,129.465521,35.679009
1,129.465396,35.679035
1,129.465285,35.678871
1,129.465173,35.678708
1,129.465124,35.678639
1,129.465062,35.678502
1,129.464939,35.678434
1,129.464833,35.678395
1,129.464692,35.678386
1,129.464666,35.678369
1,129.464624,35.678342
1,129.46457,35.678349
1,129.464569,35.678325
1,129.464631,35.67829
1,129.464771,35.678287
1,129.464724,35.678213
1,129.464656,35.678105
1,129.46462,35.678077
1,129.464575,35.678044
1,129.464491,35.678062
1,129.464151,35.677468
1,129.46409,35.677399
1,129.464062,35.677358
1,129.464034,35.677315
1,129.464159,35.677313
1,129.464149,35.677204
1,129.464147,35.677175
1,129.464115,35.67703
1,129.46405,35.677033
1,129.463905,35.677064
1,129.463902,35.677061
1,129.463906,35.676984
1,129.463941,35.677035
1,129.464024,35.677006
1,129.46418,35.676936
1,129.464226,35.676902
1,129.4642,35.676782
1,129.464181,35.67675
1,129.464198,35.676715
1,129.464315,35.676945
1,129.464486,35.676858
1,129.464467,35.676805
1,129.464391,35.676694
1,129.464351,35.676707
1,129.464312,35.676608
1,129.464279,35.676532
1,129.464314,35.676435
1,129.464323,35.676359
1,129.464328,35.676285
1,129.464318,35.676212
1,129.464305,35.676138
1,129.464277,35.676035
1,129.464194,35.675725
1,129.464075,35.67527
1,129.464042,35.675103
1,129.463969,35.674735
1,129.463895,35.674379
1,129.463837,35.674083
1,129.463786,35.673822
1,129.46377,35.673745
1,129.463769,35.673695
1,129.463765,35.673632
1,129.463761,35.673556
1,129.463755,35.673492
1,129.463794,35.67345
1,129.463804,35.673419
1,129.463823,35.673357
1,129.463832,35.673209
1,129.463843,35.673041
1,129.463872,35.672605
1,129.463897,35.672543
1,129.464,35.671817
1,129.464063,35.671485
1,129.464097,35.671312
1,129.463993,35.671276
1,129.464152,35.670784
1,129.464458,35.669821
1,129.464518,35.669663
1,129.464558,35.669546
1,129.464917,35.669127
1,129.464989,35.668984
1,129.465053,35.668814
1,129.465105,35.668639
1,129.465084,35.668476
1,129.465069,35.668358
1,129.465052,35.668299
1,129.465069,35.6682
1,129.465107,35.667591
1,129.465125,35.667316
1,129.465009,35.667084
1,129.464971,35.667034
1,129.464888,35.666918
1,129.464775,35.666802
1,129.464727,35.666771
1,129.46463,35.666723
1,129.464501,35.666701
1,129.464158,35.66664
1,129.463964,35.666606
1,129.463914,35.666595
1,129.463753,35.666561
1,129.463397,35.666486
1,129.463288,35.666464
1,129.462916,35.666388
1,129.46273,35.666349
1,129.46263,35.666223
1,129.46251,35.666041
1,129.462518,35.666037
1,129.462447,35.665924
1,129.462266,35.665476
1,129.462167,35.665498
1,129.462211,35.665607
1,129.462225,35.665605
1,129.462326,35.665861
1,129.462551,35.666224
1,129.462631,35.666328
1,129.462394,35.666277
1,129.462375,35.666349
1,129.462284,35.66635
1,129.462125,35.666352
1,129.461876,35.666377
1,129.461585,35.666441
1,129.461134,35.666538
1,129.460882,35.666592
1,129.46086,35.666528
1,129.4608,35.666538
1,129.460737,35.666534
1,129.460309,35.666401
1,129.460216,35.666332
1,129.460069,35.666223
1,129.460014,35.666288
1,129.45994,35.66623
1,129.459969,35.666212
1,129.459856,35.666098
1,129.459806,35.666139
1,129.459773,35.666121
1,129.459875,35.666043
1,129.459785,35.665955
1,129.459697,35.665889
1,129.459574,35.66581
1,129.45944,35.665743
1,129.459392,35.66573
1,129.459339,35.665734
1,129.459262,35.66575
1,129.45916,35.665807
1,129.459109,35.665851
1,129.458961,35.665932
1,129.458967,35.665938
1,129.458915,35.66598
1,129.458831,35.666054
1,129.458561,35.666261
1,129.458548,35.666285
1,129.458534,35.666312
1,129.458669,35.66645
1,129.45863,35.666523
1,129.458579,35.666585
1,129.45844,35.666707
1,129.458443,35.666756
1,129.458448,35.66676
1,129.458419,35.666791
1,129.458329,35.666778
1,129.458324,35.666777
1,129.458184,35.666809
1,129.458164,35.666817
1,129.457963,35.666862
1,129.457929,35.66687
1,129.457766,35.666871
1,129.457709,35.666862
1,129.457305,35.66679
1,129.457219,35.666784
1,129.457228,35.666762
1,129.456911,35.666691
1,129.456767,35.666687
1,129.456714,35.666812
1,129.456656,35.666808
1,129.456691,35.666683
1,129.456428,35.66664
1,129.456411,35.666633
1,129.456344,35.666603
1,129.456302,35.666584
1,129.456156,35.666551
1,129.456042,35.666526
1,129.456015,35.666519
1,129.456001,35.666513
1,129.455969,35.6665
1,129.455609,35.666361
1,129.455538,35.666325
1,129.455492,35.666302
1,129.455459,35.666286
1,129.455361,35.666251
1,129.455221,35.666225
1,129.455198,35.666221
1,129.45509,35.666184
1,129.454961,35.666106
1,129.454922,35.666091
1,129.454819,35.666036
1,129.454817,35.666005
1,129.454802,35.665964
1,129.454734,35.665926
1,129.454684,35.665916
1,129.454614,35.665915
1,129.454572,35.665906
1,129.454525,35.665881
1,129.454409,35.665828
1,129.454243,35.66573
1,129.454193,35.665689
1,129.454119,35.665603
1,129.454001,35.665545
1,129.453966,35.665516
1,129.453937,35.665494
1,129.453846,35.665467
1,129.453704,35.665372
1,129.453474,35.665221
1,129.453272,35.66505
1,129.452959,35.664958
1,129.452704,35.664925
1,129.452493,35.664107
1,129.452592,35.664007
1,129.452661,35.663841
1,129.45264,35.663362
1,129.452586,35.66279
1,129.452582,35.662656
1,129.452564,35.662525
1,129.452388,35.662157
1,129.452226,35.661816
1,129.452069,35.661484
1,129.452004,35.661132
1,129.451936,35.660772
1,129.451803,35.660459
1,129.45166,35.660121
1,129.451635,35.659838
1,129.451478,35.659673
1,129.451265,35.659618
1,129.451232,35.659604
1,129.451376,35.659583
1,129.451537,35.659514
1,129.451547,35.65951
1,129.451555,35.659507
1,129.451601,35.659606
1,129.451625,35.659628
1,129.451632,35.659659
1,129.451647,35.659678
1,129.451867,35.659611
1,129.451788,35.659421
1,129.451696,35.659445
1,129.451648,35.659458
1,129.451675,35.659412
1,129.451699,35.659371
1,129.451657,35.659265
1,129.451615,35.65916
1,129.451602,35.659128
1,129.451542,35.658978
1,129.451477,35.658888
1,129.45157,35.658718
1,129.451567,35.658486
1,129.451563,35.658457
1,129.451595,35.658488
1,129.451403,35.657432
1,129.451136,35.657515
1,129.451272,35.65733
1,129.451415,35.65709
1,129.451562,35.656901
1,129.451469,35.656572
1,129.451222,35.656414
1,129.451125,35.656294
1,129.450967,35.655903
1,129.450862,35.655664
1,129.45096,35.655669
1,129.451097,35.655684
1,129.451211,35.655615
1,129.451174,35.655496
1,129.451123,35.655326
1,129.450823,35.654899
1,129.450567,35.654552
1,129.450554,35.654361
1,129.450606,35.654412
1,129.450673,35.65444
1,129.45085,35.65472
1,129.450947,35.654678
1,129.451012,35.654649
1,129.450974,35.65458
1,129.450964,35.654518
1,129.450933,35.654439
1,129.450862,35.654378
1,129.450792,35.654398
1,129.450407,35.653793
1,129.450275,35.653444
1,129.450217,35.653456
1,129.450186,35.653363
1,129.450186,35.653346
1,129.450262,35.653214
1,129.450219,35.653114
1,129.450159,35.653124
1,129.450108,35.653046
1,129.450124,35.653041
1,129.450111,35.652998
1,129.450182,35.652985
1,129.45003,35.65276
1,129.449959,35.652667
1,129.44996,35.652636
1,129.450132,35.652604
1,129.450872,35.652465
1,129.450977,35.652137
1,129.451122,35.651775
1,129.451022,35.651752
1,129.450894,35.652065
1,129.450763,35.652395
1,129.450099,35.652521
1,129.449841,35.652571
1,129.449777,35.652471
1,129.449818,35.652451
1,129.44978,35.652397
1,129.449729,35.652372
1,129.449687,35.652274
1,129.449634,35.652148
1,129.449578,35.652008
1,129.449537,35.651881
1,129.449533,35.651852
1,129.449532,35.651852
1,129.449516,35.651738
1,129.449519,35.651648
1,129.449535,35.651538
1,129.449565,35.651332
1,129.44946,35.651318
1,129.449457,35.651248
1,129.449564,35.651254
1,129.449582,35.651068
1,129.449626,35.651018
1,129.449518,35.651033
1,129.449477,35.65103
1,129.449479,35.651014
1,129.449267,35.651024
1,129.449175,35.651046
1,129.449127,35.651052
1,129.44913,35.651062
1,129.449132,35.651073
1,129.44908,35.651081
1,129.448883,35.651098
1,129.448663,35.651123
1,129.448604,35.65114
1,129.448408,35.651218
1,129.448052,35.651417
1,129.447999,35.651444
1,129.447913,35.651481
1,129.447877,35.651504
1,129.447769,35.65157
1,129.447652,35.651654
1,129.447349,35.651878
1,129.447216,35.652
1,129.447061,35.652142
1,129.446905,35.652293
1,129.446681,35.652462
1,129.446561,35.652528
1,129.446393,35.652632
1,129.446239,35.652687
1,129.446002,35.65282
1,129.446015,35.652867
1,129.446026,35.652929
1,129.446032,35.653016
1,129.445655,35.653121
1,129.445479,35.653245
1,129.445337,35.65343
1,129.444783,35.653726
1,129.444635,35.653757
1,129.444386,35.653886
1,129.444271,35.653931
1,129.444155,35.653916
1,129.443797,35.653969
1,129.443653,35.654104
1,129.443594,35.65415
1,129.44348,35.654191
1,129.443239,35.6542
1,129.443149,35.654232
1,129.442814,35.654413
1,129.44261,35.654566
1,129.442521,35.654612
1,129.442512,35.654578
1,129.44235,35.654671
1,129.442039,35.654957
1,129.44201,35.654932
1,129.441986,35.65493
1,129.441906,35.654822
1,129.441845,35.654733
1,129.441802,35.654711
1,129.441752,35.654679
1,129.44129,35.654587
1,129.440595,35.654662
1,129.440021,35.654901
1,129.439598,35.655099
1,129.439388,35.655196
1,129.439308,35.655234
1,129.439299,35.655238
1,129.439269,35.655245
1,129.439041,35.65516
1,129.437678,35.654666
1,129.437387,35.65456
1,129.437166,35.654416
1,129.437156,35.65441
1,129.436874,35.654238
1,129.436511,35.653646
1,129.436475,35.653314
1,129.435933,35.652975
1,129.435262,35.652558
1,129.435079,35.652446
1,129.435068,35.65245
1,129.434435,35.652688
1,129.433875,35.65329
1,129.433631,35.653553
1,129.433555,35.653657
1,129.433282,35.654045
1,129.433097,35.654308
1,129.433092,35.654323
1,129.433084,35.654345
1,129.433115,35.65509
1,129.433126,35.655331
1,129.43283,35.655947
1,129.432811,35.656404
1,129.432801,35.656647
1,129.432795,35.656646
1,129.432124,35.656598
1,129.431757,35.656569
1,129.431665,35.65654
1,129.431299,35.656408
1,129.431073,35.656286
1,129.430082,35.655844
1,129.42973,35.655772
1,129.429556,35.655785
1,129.428944,35.655606
1,129.42861,35.655587
1,129.428539,35.655606
1,129.428399,35.65558
1,129.428379,35.655648
1,129.428186,35.656292
1,129.42808,35.656684
1,129.427932,35.656766
1,129.427874,35.656816
1,129.427517,35.656891
1,129.427333,35.656965
1,129.42701,35.657131
1,129.42677,35.65718
1,129.426423,35.657144
1,129.425745,35.65717
1,129.425078,35.657539
1,129.424767,35.65766
1,129.424551,35.657762
1,129.424503,35.657769
1,129.424298,35.65786
1,129.423587,35.658162
1,129.42313,35.658386
1,129.422679,35.658626
1,129.421812,35.659152
1,129.421384,35.659337
1,129.420353,35.659438
1,129.420309,35.659461
1,129.420137,35.65951
1,129.420045,35.659552
1,129.420034,35.65964
1,129.419886,35.659769
1,129.419827,35.659873
1,129.419753,35.65998
1,129.419466,35.660233
1,129.41889,35.660471
1,129.418781,35.660518
1,129.418664,35.660518
1,129.417916,35.660501
1,129.417779,35.660505
1,129.417499,35.660516
1,129.417443,35.660557
1,129.417427,35.660566
1,129.416976,35.661175
1,129.416759,35.661339
1,129.416295,35.661653
1,129.415786,35.661929
1,129.414684,35.66241
1,129.414393,35.662665
1,129.414358,35.662695
1,129.41419,35.662771
1,129.413576,35.663006
1,129.412687,35.663244
1,129.41217,35.663386
1,129.411515,35.663627
1,129.41097,35.663827
1,129.410511,35.663848
1,129.410496,35.66385
1,129.410271,35.663872
1,129.410217,35.663867
1,129.410172,35.663862
1,129.40995,35.663782
1,129.409868,35.663753
1,129.409708,35.663694
1,129.409549,35.663651
1,129.409507,35.663643
1,129.409283,35.663593
1,129.409218,35.663575
1,129.409113,35.663558
1,129.408909,35.663558
1,129.408759,35.663559
1,129.408677,35.66356
1,129.408629,35.663561
1,129.40853,35.663563
1,129.408438,35.663565
1,129.408359,35.663567
1,129.408291,35.663568
1,129.408202,35.66357
1,129.408079,35.66357
1,129.407965,35.663574
1,129.407877,35.663577
1,129.407582,35.663353
1,129.406847,35.662818
1,129.406676,35.662797
1,129.406627,35.662797
1,129.406545,35.662788
1,129.406242,35.662777
1,129.406118,35.662778
1,129.405669,35.662812
1,129.405248,35.662837
1,129.405119,35.662848
1,129.405004,35.662893
1,129.404989,35.662898
1,129.404959,35.662905
1,129.404893,35.662931
1,129.40483,35.662934
1,129.404743,35.662928
1,129.404686,35.662915
1,129.40455,35.662917
1,129.40374,35.662913
1,129.403661,35.662923
1,129.403518,35.66294
1,129.403417,35.662968
1,129.403353,35.662995
1,129.403193,35.663066
1,129.403151,35.663071
1,129.403106,35.663127
1,129.403103,35.663144
1,129.403036,35.663249
1,129.402998,35.663302
1,129.402925,35.663502
1,129.402915,35.663538
1,129.402895,35.663574
1,129.402876,35.663598
1,129.402839,35.66367
1,129.402817,35.663826
1,129.402808,35.66385
1,129.402714,35.663984
1,129.402618,35.664107
1,129.402567,35.664149
1,129.402523,35.664185
1,129.40239,35.66431
1,129.402302,35.664451
1,129.402235,35.664506
1,129.4022,35.664599
1,129.402144,35.664671
1,129.402098,35.664692
1,129.40206,35.664727
1,129.402031,35.664755
1,129.402026,35.664761
1,129.401999,35.664805
1,129.401989,35.664866
1,129.401975,35.664921
1,129.401966,35.664957
1,129.401964,35.664961
1,129.401957,35.664973
1,129.401896,35.665088
1,129.401886,35.665102
1,129.401844,35.665152
1,129.401811,35.665191
1,129.401783,35.665233
1,129.401758,35.665271
1,129.401749,35.665299
1,129.401739,35.665337
1,129.401664,35.665428
1,129.401642,35.665467
1,129.401576,35.665576
1,129.401566,35.665596
1,129.401517,35.665722
1,129.401502,35.665749
1,129.401495,35.665765
1,129.401461,35.665841
1,129.401452,35.665861
1,129.401451,35.665864
1,129.401449,35.665868
1,129.401441,35.665901
1,129.401429,35.665949
1,129.401425,35.665962
1,129.401421,35.665973
1,129.401379,35.666079
1,129.401373,35.666098
1,129.401358,35.666136
1,129.401347,35.666168
1,129.401324,35.666213
1,129.401319,35.666222
1,129.401271,35.666289
1,129.401241,35.666329
1,129.4012,35.666397
1,129.401183,35.666488
1,129.401161,35.666538
1,129.401112,35.666591
1,129.401035,35.66664
1,129.400997,35.666672
1,129.400991,35.666676
1,129.400958,35.666712
1,129.400928,35.666745
1,129.400866,35.666836
1,129.400834,35.666871
1,129.400811,35.666939
1,129.400806,35.666952
1,129.400803,35.666963
1,129.400802,35.666966
1,129.4008,35.666984
1,129.400794,35.667036
1,129.400794,35.667043
1,129.400797,35.667059
1,129.400803,35.667086
1,129.400795,35.6671
1,129.400764,35.667152
1,129.400751,35.667174
1,129.400736,35.667202
1,129.400733,35.667206
1,129.400728,35.667212
1,129.400696,35.667236
1,129.40063,35.667257
1,129.400579,35.667282
1,129.400561,35.667289
1,129.400525,35.667301
1,129.400395,35.667349
1,129.400386,35.667354
1,129.400305,35.66741
1,129.400154,35.667442
1,129.400151,35.667444
1,129.400113,35.66748
1,129.400079,35.667508
1,129.399996,35.667573
1,129.399943,35.667563
1,129.399882,35.667568
1,129.399793,35.667574
1,129.399779,35.667577
1,129.399715,35.667593
1,129.399647,35.667599
1,129.399506,35.667579
1,129.399493,35.667576
1,129.399468,35.667567
1,129.399461,35.667565
1,129.399453,35.667566
1,129.399442,35.667568
1,129.399351,35.66758
1,129.399265,35.667592
1,129.399216,35.667598
1,129.399178,35.667617
1,129.399102,35.667653
1,129.399075,35.667673
1,129.39901,35.667721
1,129.398944,35.66775
1,129.398925,35.66776
1,129.398899,35.667773
1,129.398879,35.667773
1,129.398811,35.66777
1,129.398808,35.667769
1,129.398768,35.66775
1,129.398738,35.667761
1,129.398706,35.667774
1,129.398627,35.667802
1,129.398562,35.667782
1,129.398508,35.667789
1,129.398469,35.667795
1,129.398387,35.667811
1,129.398331,35.667813
1,129.398006,35.667809
1,129.397749,35.667788
1,129.397602,35.667767
1,129.39739,35.667752
1,129.397285,35.667787
1,129.397217,35.667813
1,129.397177,35.667838
1,129.397107,35.667882
1,129.396991,35.667944
1,129.396909,35.667958
1,129.396644,35.667953
1,129.396612,35.667944
1,129.396468,35.667916
1,129.39646,35.667916
1,129.396431,35.667916
1,129.396405,35.667922
1,129.396373,35.667942
1,129.396362,35.667959
1,129.396353,35.667976
1,129.396252,35.668006
1,129.396226,35.668013
1,129.396223,35.668018
1,129.396212,35.668051
1,129.396144,35.668093
1,129.396016,35.668102
1,129.395825,35.668051
1,129.395812,35.668047
1,129.395613,35.668044
1,129.39533,35.668016
1,129.394637,35.668053
1,129.394175,35.668038
1,129.393664,35.668054
1,129.393623,35.66808
1,129.393466,35.668342
1,129.392909,35.668585
1,129.392451,35.668518
1,129.391958,35.668485
1,129.389808,35.669125
1,129.388777,35.669311
1,129.388491,35.669576
1,129.387774,35.669856
1,129.387515,35.669949
1,129.387453,35.66996
1,129.387437,35.669963
1,129.387242,35.669969
1,129.386961,35.669977
1,129.386951,35.66998
1,129.386939,35.669983
1,129.386415,35.67034
1,129.386408,35.670341
1,129.386396,35.670344
1,129.385829,35.670276
1,129.385809,35.670277
1,129.385804,35.670277
1,129.385188,35.670385
1,129.383971,35.670575
1,129.3832,35.67098
1,129.381849,35.671185
1,129.381818,35.671177
1,129.380761,35.670998
1,129.3793,35.670584
1,129.378728,35.670407
1,129.377948,35.670191
1,129.377781,35.670149
1,129.377645,35.670136
1,129.377379,35.670091
1,129.376475,35.669895
1,129.376151,35.669824
1,129.37612,35.669831
1,129.375391,35.669771
1,129.374503,35.669694
1,129.372654,35.669227
1,129.372776,35.67013
1,129.372774,35.670155
1,129.37214,35.671187
1,129.371733,35.671848
1,129.371596,35.672094
1,129.371337,35.672303
1,129.371071,35.672494
1,129.370926,35.672612
1,129.370572,35.672897
1,129.370558,35.672902
1,129.370547,35.672907
1,129.369996,35.672976
1,129.369588,35.673028
1,129.369489,35.673041
1,129.369314,35.673035
1,129.368763,35.673016
1,129.368202,35.672996
1,129.368123,35.673039
1,129.367862,35.673184
1,129.367601,35.673833
1,129.367478,35.674138
1,129.367461,35.674194
1,129.367354,35.674518
1,129.367288,35.674719
1,129.367161,35.674846
1,129.366904,35.675102
1,129.366728,35.675278
1,129.366722,35.675281
1,129.366715,35.675285
1,129.366368,35.675367
1,129.366087,35.675433
1,129.365751,35.675529
1,129.365206,35.675684
1,129.365177,35.67568
1,129.365093,35.675694
1,129.365055,35.675699
1,129.365015,35.675747
1,129.364178,35.676741
1,129.364171,35.676771
1,129.364163,35.676785
1,129.364209,35.677261
1,129.364297,35.677821
1,129.364344,35.678126
1,129.364354,35.678253
1,129.364261,35.678418
1,129.364205,35.678504
1,129.364183,35.678532
1,129.364093,35.678646
1,129.364097,35.678902
1,129.364078,35.678898
1,129.364074,35.678934
1,129.363159,35.678634
1,129.361233,35.678811
1,129.360554,35.678883
1,129.360064,35.679135
1,129.359918,35.679176
1,129.359252,35.679366
1,129.358431,35.67921
1,129.358115,35.679239
1,129.357724,35.679277
1,129.357672,35.679282
1,129.357613,35.679316
1,129.357478,35.679395
1,129.357003,35.679405
1,129.356631,35.679414
1,129.35644,35.679267
1,129.355991,35.679395
1,129.355832,35.67944
1,129.355375,35.679369
1,129.355077,35.679324
1,129.354974,35.679308
1,129.354964,35.679308
1,129.35496,35.679307
1,129.353907,35.679376
1,129.353559,35.67938
1,129.353426,35.679197
1,129.353137,35.678784
1,129.352521,35.678595
1,129.352045,35.678718
1,129.351716,35.678598
1,129.351405,35.678485
1,129.351223,35.678406
1,129.351123,35.678352
1,129.35061,35.678035
1,129.349838,35.677764
1,129.34972,35.677703
1,129.349233,35.67747
1,129.34898,35.677316
1,129.348751,35.677178
1,129.348641,35.677086
1,129.348363,35.676857
1,129.3483,35.676757
1,129.348013,35.67627
1,129.347919,35.675825
1,129.347858,35.675526
1,129.347741,35.675505
1,129.347616,35.675484
1,129.347595,35.675481
1,129.347588,35.675479
1,129.347503,35.67545
1,129.347254,35.67534
1,129.346907,35.674727
1,129.346438,35.674264
1,129.346395,35.673977
1,129.346115,35.673864
1,129.345867,35.67392
1,129.344719,35.673574
1,129.344372,35.673142
1,129.344235,35.672983
1,129.343984,35.672708
1,129.343518,35.672317
1,129.343263,35.67194
1,129.343136,35.671861
1,129.343022,35.671758
1,129.342973,35.671572
1,129.342957,35.671475
1,129.342321,35.671201
1,129.341841,35.670714
1,129.341561,35.670674
1,129.341018,35.670433
1,129.340509,35.669908
1,129.340058,35.669637
1,129.339907,35.669641
1,129.339886,35.669639
1,129.339813,35.669664
1,129.339573,35.669616
1,129.338795,35.66955
1,129.338468,35.669421
1,129.338118,35.669278
1,129.337912,35.669229
1,129.337321,35.669127
1,129.337155,35.669108
1,129.33708,35.669115
1,129.33706,35.669115
1,129.33685,35.669207
1,129.336655,35.669186
1,129.336649,35.669186
1,129.336441,35.669185
1,129.336276,35.669184
1,129.336191,35.669183
1,129.336082,35.66917
1,129.335911,35.66915
1,129.335805,35.669137
1,129.33577,35.669133
1,129.335763,35.669133
1,129.335741,35.669137
1,129.335632,35.669211
1,129.33535,35.669376
1,129.334954,35.669548
1,129.334771,35.669611
1,129.334281,35.66974
1,129.334168,35.66977
1,129.334131,35.669758
1,129.334089,35.669761
1,129.333996,35.669633
1,129.333914,35.669519
1,129.333826,35.669399
1,129.333782,35.669202
1,129.333726,35.668941
1,129.333669,35.66868
1,129.333655,35.668651
1,129.333651,35.668647
1,129.333599,35.668584
1,129.333519,35.668488
1,129.333456,35.668413
1,129.333246,35.668161
1,129.333191,35.668094
1,129.333159,35.668056
1,129.333143,35.668037
1,129.333131,35.668022
1,129.33312,35.668009
1,129.3331,35.667982
1,129.333146,35.667707
1,129.333181,35.667487
1,129.333207,35.667333
1,129.333218,35.667265
1,129.33322,35.667256
1,129.333218,35.667236
1,129.333164,35.667133
1,129.333044,35.666902
1,129.332862,35.666768
1,129.332711,35.666656
1,129.332611,35.666583
1,129.332553,35.66654
1,129.332551,35.666537
1,129.332545,35.666528
1,129.332567,35.666263
1,129.332595,35.665886
1,129.332779,35.665563
1,129.332866,35.665408
1,129.332869,35.665398
1,129.332874,35.665221
1,129.332864,35.665201
1,129.332854,35.665164
1,129.332726,35.665071
1,129.332557,35.665042
1,129.332408,35.665096
1,129.332046,35.665219
1,129.33168,35.665348
1,129.331452,35.665422
1,129.331266,35.665482
1,129.331031,35.665557
1,129.331025,35.665551
1,129.331018,35.665545
1,129.330945,35.665484
1,129.33086,35.665411
1,129.330746,35.665327
1,129.330492,35.66514
1,129.330408,35.665104
1,129.330348,35.665076
1,129.330324,35.665036
1,129.330303,35.665003
1,129.330269,35.664964
1,129.330194,35.664852
1,129.330073,35.664713
1,129.33,35.664641
1,129.329824,35.664402
1,129.329856,35.66428
1,129.329889,35.66415
1,129.329898,35.664127
1,129.330043,35.663989
1,129.330224,35.663815
1,129.330203,35.663771
1,129.330172,35.66373
1,129.330153,35.663709
1,129.330091,35.663642
1,129.329997,35.663596
1,129.329811,35.663526
1,129.329742,35.663506
1,129.329679,35.663493
1,129.329638,35.663482
1,129.329506,35.663427
1,129.329368,35.663316
1,129.329284,35.663232
1,129.329173,35.663134
1,129.329108,35.663076
1,129.329091,35.663063
1,129.329094,35.663061
1,129.329098,35.663059
1,129.329051,35.663006
1,129.328983,35.662972
1,129.32893,35.662951
1,129.328867,35.662938
1,129.328851,35.662889
1,129.328801,35.662842
1,129.328754,35.662798
1,129.328736,35.662781
1,129.328711,35.662757
1,129.32864,35.662689
1,129.328629,35.66266
1,129.328628,35.66264
1,129.328627,35.662607
1,129.328626,35.66259
1,129.328625,35.662582
1,129.32861,35.662573
1,129.328613,35.662519
1,129.328627,35.662413
1,129.328678,35.662081
1,129.328681,35.661306
1,129.328683,35.660574
1,129.328685,35.66045
1,129.328686,35.660409
1,129.329083,35.660513
1,129.329408,35.660592
1,129.329741,35.660427
1,129.329902,35.660348
1,129.329942,35.660328
1,129.329962,35.660318
1,129.330029,35.660285
1,129.330047,35.660274
1,129.33016,35.659962
1,129.329875,35.659824
1,129.329882,35.659461
1,129.329888,35.659146
1,129.329834,35.658987
1,129.329765,35.658761
1,129.329638,35.658652
1,129.329237,35.658301
1,129.32907,35.658176
1,129.328728,35.658263
1,129.328236,35.658575
1,129.327821,35.658836
1,129.327412,35.65864
1,129.326985,35.658423
1,129.326672,35.658162
1,129.326518,35.658084
1,129.326253,35.65797
1,129.325645,35.657716
1,129.325287,35.657836
1,129.325267,35.657845
1,129.325204,35.657897
1,129.325107,35.657964
1,129.324836,35.658088
1,129.324491,35.658241
1,129.324154,35.658371
1,129.324065,35.658406
1,129.323646,35.658589
1,129.323117,35.658318
1,129.322656,35.658089
1,129.322234,35.658127
1,129.321752,35.657789
1,129.32132,35.657493
1,129.321067,35.657352
1,129.320882,35.657244
1,129.320766,35.657084
1,129.320714,35.656676
1,129.320691,35.656674
1,129.320215,35.656625
1,129.319985,35.656551
1,129.3195,35.656393
1,129.319358,35.656358
1,129.319268,35.656382
1,129.319143,35.656413
1,129.319116,35.656418
1,129.31911,35.656437
1,129.319091,35.656514
1,129.319068,35.656609
1,129.31905,35.656683
1,129.319026,35.656745
1,129.319013,35.656782
1,129.318999,35.656805
1,129.318963,35.656918
1,129.318981,35.656981
1,129.31909,35.657198
1,129.31923,35.657314
1,129.319195,35.65752
1,129.319195,35.657603
1,129.319139,35.657829
1,129.319117,35.657922
1,129.319105,35.657932
1,129.318673,35.658296
1,129.318532,35.658415
1,129.318435,35.658497
1,129.318207,35.658689
1,129.31813,35.658754
1,129.318048,35.658805
1,129.317951,35.65885
1,129.317428,35.659087
1,129.317367,35.659108
1,129.316994,35.659211
1,129.316784,35.659269
1,129.316571,35.65933
1,129.316483,35.659354
1,129.316128,35.65929
1,129.315927,35.659122
1,129.315419,35.658696
1,129.314877,35.65823
1,129.314573,35.658538
1,129.314131,35.658986
1,129.313669,35.659451
1,129.313309,35.65973
1,129.312625,35.660254
1,129.312209,35.660218
1,129.311803,35.660333
1,129.311142,35.660524
1,129.310467,35.660194
1,129.310466,35.660193
1,129.310229,35.659989
1,129.309908,35.659709
1,129.309621,35.659456
1,129.309159,35.658989
1,129.309153,35.658583
1,129.309147,35.658517
1,129.308963,35.658286
1,129.308592,35.658185
1,129.308238,35.658067
1,129.307996,35.657862
1,129.307841,35.65773
1,129.307747,35.657653
1,129.307739,35.657639
1,129.307731,35.657626
1,129.30773,35.657539
1,129.307729,35.657479
1,129.307729,35.657453
1,129.307731,35.657428
1,129.307736,35.657372
1,129.307744,35.657342
1,129.307759,35.657278
1,129.307759,35.657239
1,129.307717,35.657176
1,129.307705,35.657162
1,129.307447,35.65719
1,129.307406,35.657196
1,129.306878,35.657312
1,129.306058,35.65749
1,129.305694,35.65757
1,129.305114,35.657308
1,129.304489,35.657174
1,129.30432,35.657022
1,129.304273,35.657006
1,129.304089,35.656659
1,129.30408,35.656642
1,129.30405,35.656385
1,129.304124,35.655733
1,129.304099,35.65562
1,129.30407,35.655472
1,129.30406,35.655394
1,129.304016,35.655065
1,129.303912,35.654868
1,129.303865,35.654778
1,129.30385,35.654749
1,129.303844,35.654738
1,129.303836,35.654712
1,129.303803,35.654386
1,129.303789,35.654248
1,129.303741,35.653765
1,129.303744,35.65373
1,129.303999,35.652845
1,129.304032,35.652682
1,129.304069,35.652506
1,129.304067,35.652368
1,129.304063,35.651738
1,129.304055,35.6517
1,129.303993,35.651671
1,129.303933,35.651647
1,129.303893,35.651654
1,129.303558,35.651684
1,129.30338,35.651699
1,129.302954,35.651709
1,129.302595,35.651717
1,129.302395,35.651512
1,129.302356,35.651472
1,129.302147,35.651259
1,129.30208,35.651189
1,129.302075,35.651179
1,129.302074,35.65117
1,129.302062,35.651049
1,129.302053,35.650963
1,129.302053,35.650956
1,129.30228,35.650765
1,129.302542,35.650543
1,129.302748,35.650372
1,129.303004,35.65024
1,129.303313,35.65008
1,129.303338,35.65005
1,129.303345,35.650042
1,129.30338,35.649905
1,129.303377,35.649866
1,129.303371,35.649787
1,129.303376,35.649747
1,129.303379,35.649716
1,129.303355,35.649697
1,129.303,35.649421
1,129.302991,35.649402
1,129.302989,35.649395
1,129.303018,35.648909
1,129.303037,35.648586
1,129.303066,35.648366
1,129.303064,35.648345
1,129.303059,35.648303
1,129.302971,35.648122
1,129.30294,35.647805
1,129.302937,35.647778
1,129.302776,35.647809
1,129.302529,35.648019
1,129.301699,35.648084
1,129.301651,35.64808
1,129.300788,35.647976
1,129.300438,35.647838
1,129.29973,35.64744
1,129.29965,35.647402
1,129.299417,35.647383
1,129.299175,35.647383
1,129.299069,35.647442
1,129.298784,35.647623
1,129.298713,35.647665
1,129.298632,35.647674
1,129.298606,35.647677
1,129.29858,35.647705
1,129.298525,35.647689
1,129.298543,35.647658
1,129.298562,35.647583
1,129.298526,35.647597
1,129.298504,35.647606
1,129.298451,35.647586
1,129.298444,35.647597
1,129.29837,35.647647
1,129.298064,35.647323
1,129.29787,35.647145
1,129.297644,35.64697
1,129.29742,35.646796
1,129.297052,35.64651
1,129.296993,35.646461
1,129.296936,35.6458
1,129.296843,35.64515
1,129.296838,35.645119
1,129.296532,35.644976
1,129.296497,35.644953
1,129.296274,35.644771
1,129.296266,35.644756
1,129.296257,35.644741
1,129.296242,35.644388
1,129.296234,35.644214
1,129.296237,35.644189
1,129.296246,35.644129
1,129.296369,35.643738
1,129.296382,35.643686
1,129.296415,35.643557
1,129.296417,35.643522
1,129.296423,35.643513
1,129.296422,35.643476
1,129.296421,35.643445
1,129.296256,35.643503
1,129.296089,35.643561
1,129.295861,35.643777
1,129.295821,35.643815
1,129.295715,35.643876
1,129.295557,35.643967
1,129.294897,35.644105
1,129.294765,35.644187
1,129.29455,35.64432
1,129.294365,35.644573
1,129.29386,35.64477
1,129.293833,35.64478
1,129.293086,35.644974
1,129.293,35.644996
1,129.29193,35.644973
1,129.291544,35.645199
1,129.291248,35.64552
1,129.290933,35.645958
1,129.290907,35.646033
1,129.290864,35.646155
1,129.290675,35.646249
1,129.290496,35.646248
1,129.290185,35.646248
1,129.290077,35.64632
1,129.290082,35.646331
1,129.290107,35.646389
1,129.290196,35.646589
1,129.290242,35.646694
1,129.290275,35.646768
1,129.290324,35.646876
1,129.290328,35.646883
1,129.290323,35.646932
1,129.290315,35.647017
1,129.290138,35.647383
1,129.290147,35.647404
1,129.290166,35.647446
1,129.290197,35.647517
1,129.290236,35.647606
1,129.290199,35.64773
1,129.290156,35.647872
1,129.289885,35.647991
1,129.289601,35.648069
1,129.289323,35.648278
1,129.289221,35.648366
1,129.289175,35.64849
1,129.289091,35.648551
1,129.289057,35.648588
1,129.28902,35.648628
1,129.288966,35.648648
1,129.288938,35.648659
1,129.288885,35.648678
1,129.288826,35.648714
1,129.288741,35.648766
1,129.288728,35.648776
1,129.288701,35.648798
1,129.288665,35.64881
1,129.288617,35.648827
1,129.288587,35.648855
1,129.28852,35.648814
1,129.288429,35.648759
1,129.288416,35.648778
1,129.288399,35.648804
1,129.28835,35.648843
1,129.288339,35.648852
1,129.288315,35.648867
1,129.288267,35.648898
1,129.288212,35.648942
1,129.288202,35.648946
1,129.288138,35.648969
1,129.287886,35.649076
1,129.287878,35.649079
1,129.287866,35.649064
1,129.287847,35.64904
1,129.287798,35.649081
1,129.287797,35.649099
1,129.287726,35.649118
1,129.287609,35.649145
1,129.287597,35.649148
1,129.28743,35.6492
1,129.287379,35.64921
1,129.287238,35.649238
1,129.287217,35.649232
1,129.287203,35.649229
1,129.2872,35.64923
1,129.287158,35.649244
1,129.287086,35.649292
1,129.287143,35.649333
1,129.287153,35.649341
1,129.287174,35.649369
1,129.287178,35.649376
1,129.287187,35.649389
1,129.287192,35.649397
1,129.287199,35.649428
1,129.287077,35.649459
1,129.286917,35.64952
1,129.286814,35.649555
1,129.286703,35.649632
1,129.286574,35.649709
1,129.286451,35.649782
1,129.286427,35.649797
1,129.286374,35.649831
1,129.286336,35.649847
1,129.286313,35.64986
1,129.28629,35.649873
1,129.28628,35.649885
1,129.286253,35.649915
1,129.286179,35.649943
1,129.286164,35.649979
1,129.286051,35.650042
1,129.285979,35.650053
1,129.285904,35.6501
1,129.285879,35.650159
1,129.285841,35.650179
1,129.285814,35.650194
1,129.285675,35.650252
1,129.285632,35.650271
1,129.285502,35.650328
1,129.28552,35.650358
1,129.28555,35.65041
1,129.285407,35.650528
1,129.284225,35.650794
1,129.283762,35.650856
1,129.283227,35.65133
1,129.283154,35.651395
1,129.283011,35.651641
1,129.282944,35.651696
1,129.28294,35.6517
1,129.282899,35.651733
1,129.282748,35.651666
1,129.282671,35.651632
1,129.282668,35.65163
1,129.282638,35.651617
1,129.282609,35.651604
1,129.282649,35.651581
1,129.282666,35.651571
1,129.282654,35.651568
1,129.282562,35.651544
1,129.282555,35.651542
1,129.282546,35.65154
1,129.282528,35.651526
1,129.282485,35.651491
1,129.282449,35.651475
1,129.282376,35.651442
1,129.28168,35.651173
1,129.281666,35.651168
1,129.281381,35.650885
1,129.281165,35.650671
1,129.28111,35.650616
1,129.281091,35.650596
1,129.280886,35.650372
1,129.280715,35.650185
1,129.280703,35.650173
1,129.280677,35.650143
1,129.280655,35.650119
1,129.280152,35.650186
1,129.278842,35.650734
1,129.278251,35.65107
1,129.278124,35.651142
1,129.277768,35.651744
1,129.277444,35.652014
1,129.27711,35.652214
1,129.276381,35.652534
1,129.276208,35.652853
1,129.275024,35.653073
1,129.275017,35.653075
1,129.274951,35.653087
1,129.274948,35.653087
1,129.273818,35.652745
1,129.273497,35.652647
1,129.273232,35.652567
1,129.272838,35.652384
1,129.272733,35.652336
1,129.272693,35.652317
1,129.272318,35.652144
1,129.272261,35.652117
1,129.272174,35.652077
1,129.271901,35.651951
1,129.271793,35.651901
1,129.271554,35.65179
1,129.271387,35.651713
1,129.271376,35.651707
1,129.27137,35.651704
1,129.271362,35.651701
1,129.271351,35.651696
1,129.271338,35.65169
1,129.271336,35.651689
1,129.269786,35.651083
1,129.269777,35.651079
1,129.26969,35.65114
1,129.269074,35.651562
1,129.267947,35.652468
1,129.266741,35.652664
1,129.266252,35.652864
1,129.265514,35.653561
1,129.265476,35.653596
1,129.260445,35.654638
1,129.260139,35.65477
1,129.259878,35.654883
1,129.259826,35.655379
1,129.259825,35.65539
1,129.259802,35.655609
1,129.259797,35.655657
1,129.259502,35.656015
1,129.258173,35.657388
1,129.257744,35.658924
1,129.257691,35.65896
1,129.255504,35.660456
1,129.255499,35.660506
1,129.255498,35.660512
1,129.255373,35.661742
1,129.255195,35.662579
1,129.255026,35.663747
1,129.255026,35.663749
1,129.255026,35.663751
1,129.255008,35.664105
1,129.254974,35.664803
1,129.254966,35.66498
1,129.254824,35.665902
1,129.254784,35.666162
1,129.25476,35.666313
1,129.254753,35.666359
1,129.254746,35.666404
1,129.254745,35.666412
1,129.254764,35.66642
1,129.255416,35.666693
1,129.255423,35.666697
1,129.256421,35.668259
1,129.256537,35.668924
1,129.257829,35.670121
1,129.258816,35.670823
1,129.25882,35.670827
1,129.259033,35.671037
1,129.259098,35.671101
1,129.259105,35.671107
1,129.259186,35.671248
1,129.259296,35.671438
1,129.25958,35.672005
1,129.25972,35.672284
1,129.259721,35.672293
1,129.259847,35.673696
1,129.259921,35.674043
1,129.260021,35.674403
1,129.2603,35.675414
1,129.260782,35.676994
1,129.260976,35.678632
1,129.261032,35.67907
1,129.26103,35.679071
1,129.259512,35.680062
1,129.259562,35.680323
1,129.259587,35.680453
1,129.258687,35.682248
1,129.258643,35.683112
1,129.25941,35.683703
1,129.260302,35.684227
1,129.261865,35.68532
1,129.261874,35.685336
1,129.26212,35.685804
1,129.262186,35.685929
1,129.262184,35.68594
1,129.261812,35.687722
1,129.262026,35.688816
1,129.262292,35.689615
1,129.262296,35.689628
1,129.262439,35.690059
1,129.262485,35.690376
1,129.262544,35.690787
1,129.262545,35.69079
1,129.26259,35.691105
1,129.262593,35.691127
1,129.262589,35.691161
1,129.262538,35.691566
1,129.262319,35.691783
1,129.261879,35.693403
1,129.260081,35.694969
1,129.259864,35.696242
1,129.259757,35.696886
1,129.259382,35.697629
1,129.259355,35.697683
1,129.259336,35.697719
1,129.259118,35.698135
1,129.258746,35.698394
1,129.25856,35.698525
1,129.258253,35.698723
1,129.258215,35.698775
1,129.258094,35.698944
1,129.2573,35.700022
1,129.25685,35.700703
1,129.25633,35.700849
1,129.253447,35.701614
1,129.253017,35.701728
1,129.252333,35.701803
1,129.251809,35.701859
1,129.250951,35.701973
1,129.249807,35.701778
1,129.249265,35.701756
1,129.247941,35.702088
1,129.246985,35.701766
1,129.246921,35.701745
1,129.246918,35.701746
1,129.246432,35.701942
1,129.243962,35.702609
1,129.24215,35.70314
1,129.241368,35.703868
1,129.239451,35.704049
1,129.238429,35.703879
1,129.238155,35.704031
1,129.238105,35.704058
1,129.236504,35.703932
1,129.236501,35.703931
1,129.234777,35.703795
1,129.234054,35.70387
1,129.234008,35.703875
1,129.233716,35.704216
1,129.233558,35.70486
1,129.233463,35.705245
1,129.233697,35.705578
1,129.233729,35.705623
1,129.23371,35.706067
1,129.233706,35.706148
1,129.23346,35.706539
1,129.233441,35.706574
1,129.233416,35.706622
1,129.233389,35.706671
1,129.233367,35.706712
1,129.233344,35.706755
1,129.233319,35.706801
1,129.233297,35.706843
1,129.233272,35.706889
1,129.233245,35.706938
1,129.233214,35.706996
1,129.233185,35.707049
1,129.233164,35.707089
1,129.23315,35.707114
1,129.233136,35.707157
1,129.23311,35.707238
1,129.233098,35.707276
1,129.233083,35.707321
1,129.233068,35.707367
1,129.233047,35.70743
1,129.233035,35.707467
1,129.233019,35.707517
1,129.233003,35.707565
1,129.232991,35.707603
1,129.232983,35.707629
1,129.232703,35.70765
1,129.231764,35.708437
1,129.23088,35.708766
1,129.230684,35.708693
1,129.229893,35.708813
1,129.22833,35.70929
1,129.227427,35.709195
1,129.226849,35.708899
1,129.226464,35.708634
1,129.224366,35.709561
1,129.223035,35.710906
1,129.222811,35.711097
1,129.22259,35.711286
1,129.222423,35.711428
1,129.221871,35.711996
1,129.221672,35.712909
1,129.22143,35.713113
1,129.220955,35.713513
1,129.220898,35.71356
1,129.220497,35.713898
1,129.220496,35.713899
1,129.220488,35.713906
1,129.2201,35.714074
1,129.219621,35.713842
1,129.219342,35.713707
1,129.218982,35.713687
1,129.218958,35.713674
1,129.218947,35.713668
1,129.218007,35.713172
1,129.217544,35.713495
1,129.216907,35.713938
1,129.216647,35.714065
1,129.215796,35.714962
1,129.215589,35.714999
1,129.215042,35.715338
1,129.214628,35.715594
1,129.21419,35.715552
1,129.213839,35.715593
1,129.213225,35.716027
1,129.21143,35.717396
1,129.211428,35.717421
1,129.211427,35.717436
1,129.211422,35.717498
1,129.211539,35.717854
1,129.211539,35.717855
1,129.210969,35.718155
1,129.210945,35.718139
1,129.210921,35.718109
1,129.210858,35.718055
1,129.210789,35.718048
1,129.210697,35.718157
1,129.210636,35.718252
1,129.210611,35.718283
1,129.210587,35.718314
1,129.210531,35.718317
1,129.210468,35.718355
1,129.210404,35.718352
1,129.21033,35.718348
1,129.210319,35.718359
1,129.210268,35.718411
1,129.210248,35.718428
1,129.210222,35.71845
1,129.210219,35.718449
1,129.210084,35.718403
1,129.210188,35.718268
1,129.210163,35.718261
1,129.210056,35.718403
1,129.210051,35.718407
1,129.210046,35.718413
1,129.210013,35.71845
1,129.209887,35.718464
1,129.209823,35.718475
1,129.209788,35.718482
1,129.209785,35.718482
1,129.209722,35.718509
1,129.209589,35.7186
1,129.209575,35.71861
1,129.209567,35.718615
1,129.209527,35.718634
1,129.209452,35.718642
1,129.20939,35.718622
1,129.209382,35.718642
1,129.209366,35.718651
1,129.209369,35.718653
1,129.209374,35.718655
1,129.209433,35.718687
1,129.209454,35.718718
1,129.209458,35.718724
1,129.20946,35.718744
1,129.20946,35.718747
1,129.209462,35.718764
1,129.209459,35.718799
1,129.209458,35.718805
1,129.209391,35.718856
1,129.20937,35.718857
1,129.209308,35.71883
1,129.209289,35.718851
1,129.209281,35.71886
1,129.20926,35.718895
1,129.209243,35.718943
1,129.209241,35.718946
1,129.209243,35.718973
1,129.209245,35.719023
1,129.209257,35.719048
1,129.209263,35.719071
1,129.209265,35.719103
1,129.20926,35.719113
1,129.209251,35.719133
1,129.209248,35.719162
1,129.209244,35.719166
1,129.209232,35.719181
1,129.209231,35.719228
1,129.209233,35.719233
1,129.209236,35.71924
1,129.209239,35.719247
1,129.20925,35.719292
1,129.209257,35.719341
1,129.209259,35.719358
1,129.209239,35.719387
1,129.209238,35.719388
1,129.209223,35.719409
1,129.209223,35.719439
1,129.209223,35.719446
1,129.209223,35.71945
1,129.209228,35.719459
1,129.209269,35.719526
1,129.209286,35.719548
1,129.209292,35.719556
1,129.209295,35.71956
1,129.20931,35.719606
1,129.209308,35.719641
1,129.209305,35.719675
1,129.20929,35.719713
1,129.209282,35.719735
1,129.209251,35.719795
1,129.209288,35.719855
1,129.209317,35.719886
1,129.209322,35.719892
1,129.209442,35.719988
1,129.209448,35.719996
1,129.209467,35.720023
1,129.209549,35.720137
1,129.209531,35.720148
1,129.209345,35.720258
1,129.209295,35.720287
1,129.209184,35.720386
1,129.209025,35.720449
1,129.208989,35.720467
1,129.208968,35.720477
1,129.208919,35.720512
1,129.20889,35.720533
1,129.208857,35.720568
1,129.208834,35.720586
1,129.208791,35.720606
1,129.208695,35.720656
1,129.208653,35.720672
1,129.208677,35.720726
1,129.208715,35.720757
1,129.208734,35.720773
1,129.208735,35.720774
1,129.208757,35.720785
1,129.208833,35.720822
1,129.208869,35.720865
1,129.208939,35.72108
1,129.20863,35.721169
1,129.208228,35.721236
1,129.207134,35.721415
1,129.207105,35.72142
1,129.207102,35.72142
1,129.207051,35.721422
1,129.206582,35.721435
1,129.20658,35.721435
1,129.205466,35.721174
1,129.205249,35.721095
1,129.20524,35.721084
1,129.205182,35.72101
1,129.205104,35.72095
1,129.205092,35.720941
1,129.205089,35.720938
1,129.204647,35.720606
1,129.204275,35.720327
1,129.203973,35.720101
1,129.203489,35.719739
1,129.203184,35.719616
1,129.202212,35.719227
1,129.201701,35.718887
1,129.201699,35.718883
1,129.201572,35.718706
1,129.201235,35.718236
1,129.201147,35.718071
1,129.201142,35.718063
1,129.201081,35.71795
1,129.200971,35.717589
1,129.200916,35.717412
1,129.200917,35.717405
1,129.20092,35.71737
1,129.200994,35.716492
1,129.200971,35.716308
1,129.200965,35.716254
1,129.200913,35.716153
1,129.200829,35.715988
1,129.200603,35.715796
1,129.2006,35.715795
1,129.200594,35.715793
1,129.200304,35.715686
1,129.200095,35.715609
1,129.199986,35.715569
1,129.199883,35.715531
1,129.199708,35.715425
1,129.199651,35.715391
1,129.198446,35.714663
1,129.198435,35.714656
1,129.198095,35.71445
1,129.198069,35.714512
1,129.197998,35.71468
1,129.197871,35.715074
1,129.19786,35.715129
1,129.197844,35.715204
1,129.197798,35.715456
1,129.197773,35.715593
1,129.197761,35.715631
1,129.197755,35.715648
1,129.197646,35.715794
1,129.197166,35.716104
1,129.196063,35.716338
1,129.194912,35.716752
1,129.194326,35.716795
1,129.193684,35.716856
1,129.19344,35.716968
1,129.193428,35.717003
1,129.193386,35.717127
1,129.193306,35.717363
1,129.19331,35.717372
1,129.193324,35.717403
1,129.193352,35.71746
1,129.193433,35.717631
1,129.193502,35.717765
1,129.193435,35.717818
1,129.192839,35.718295
1,129.192732,35.718414
1,129.19266,35.718441
1,129.192521,35.718491
1,129.192462,35.718513
1,129.192419,35.718528
1,129.192314,35.718567
1,129.192252,35.718589
1,129.192143,35.718629
1,129.190811,35.718865
1,129.18851,35.719245
1,129.186671,35.719515
1,129.186649,35.719518
1,129.186647,35.719534
1,129.186501,35.720627
1,129.186235,35.721284
1,129.185575,35.721767
1,129.185496,35.721825
1,129.183556,35.722843
1,129.183444,35.722869
1,129.183421,35.722874
1,129.183142,35.722939
1,129.181724,35.723668
1,129.181293,35.723789
1,129.18127,35.723638
1,129.181164,35.723529
1,129.181174,35.723314
1,129.181218,35.722377
1,129.181023,35.721684
1,129.18097,35.721496
1,129.180857,35.721309
1,129.18061,35.720901
1,129.180226,35.720404
1,129.178799,35.719339
1,129.178767,35.719173
1,129.178751,35.719089
1,129.178767,35.719025
1,129.178849,35.71871
1,129.178779,35.718032
1,129.178575,35.717657
1,129.178548,35.717573
1,129.178498,35.717417
1,129.178432,35.717213
1,129.178038,35.716974
1,129.177444,35.716546
1,129.177266,35.716387
1,129.177214,35.71634
1,129.177151,35.716215
1,129.177075,35.716062
1,129.176817,35.7159
1,129.176457,35.715655
1,129.176184,35.715688
1,129.175675,35.715749
1,129.175491,35.715687
1,129.175172,35.71558
1,129.174946,35.715257
1,129.174688,35.714889
1,129.174252,35.714887
1,129.174195,35.714874
1,129.173492,35.714725
1,129.17329,35.714464
1,129.172963,35.714042
1,129.172574,35.713918
1,129.172387,35.713859
1,129.172324,35.713871
1,129.172014,35.71393
1,129.172012,35.71393
1,129.171941,35.713943
1,129.171073,35.71465
1,129.171066,35.714651
1,129.170224,35.714787
1,129.170048,35.714816
1,129.169211,35.714951
1,129.168126,35.715543
1,129.168102,35.715542
1,129.167554,35.715516
1,129.167365,35.715518
1,129.166865,35.715525
1,129.166844,35.715525
1,129.165826,35.715
1,129.165313,35.714955
1,129.165012,35.715036
1,129.164876,35.715073
1,129.16464,35.714998
1,129.164636,35.714997
1,129.164107,35.714827
1,129.164088,35.71483
1,129.164084,35.71483
1,129.16306,35.714968
1,129.16188,35.715126
1,129.160315,35.71481
1,129.160183,35.715018
1,129.160112,35.715256
1,129.160047,35.715473
1,129.159763,35.715668
1,129.159485,35.715859
1,129.159393,35.71601
1,129.159303,35.716252
1,129.159183,35.716572
1,129.159029,35.716984
1,129.15892,35.717294
1,129.158546,35.717444
1,129.158336,35.717528
1,129.158052,35.717642
1,129.157912,35.717754
1,129.157599,35.718007
1,129.157508,35.718171
1,129.157369,35.718419
1,129.157195,35.71873
1,129.157082,35.718934
1,129.156956,35.71916
1,129.156879,35.719371
1,129.156624,35.719477
1,129.156377,35.71958
1,129.156276,35.719764
1,129.155796,35.720156
1,129.155581,35.720331
1,129.155341,35.720528
1,129.155158,35.720677
1,129.154833,35.720942
1,129.154651,35.721133
1,129.154395,35.721401
1,129.154241,35.721653
1,129.154049,35.721968
1,129.153827,35.722017
1,129.153616,35.722064
1,129.153169,35.722003
1,129.152869,35.721963
1,129.152731,35.722056
1,129.152605,35.722141
1,129.15244,35.722252
1,129.152126,35.72235
1,129.151642,35.722501
1,129.151397,35.722577
1,129.151034,35.722799
1,129.150909,35.722848
1,129.150773,35.722865
1,129.150337,35.723055
1,129.150052,35.723179
1,129.149903,35.723272
1,129.149837,35.723313
1,129.149585,35.723471
1,129.149435,35.723472
1,129.149074,35.723474
1,129.14873,35.723476
1,129.148725,35.723476
1,129.14849,35.723661
1,129.147542,35.724407
1,129.147214,35.724665
1,129.147207,35.724665
1,129.146759,35.724687
1,129.146733,35.724697
1,129.146724,35.7247
1,129.146723,35.724701
1,129.146131,35.72492
1,129.146113,35.724919
1,129.144533,35.724827
1,129.142047,35.72435
1,129.141309,35.724103
1,129.140988,35.723852
1,129.141042,35.72345
1,129.141056,35.723344
1,129.140939,35.723183
1,129.140491,35.722564
1,129.14038,35.722494
1,129.140224,35.722394
1,129.140032,35.722283
1,129.13998,35.722252
1,129.139909,35.722232
1,129.138399,35.721788
1,129.137535,35.720699
1,129.139499,35.718263
1,129.139515,35.718243
1,129.139496,35.718229
1,129.13793,35.717082
1,129.137562,35.716285
1,129.136569,35.715482
1,129.136354,35.714984
1,129.136109,35.71442
1,129.135933,35.713955
1,129.135811,35.713633
1,129.135996,35.713466
1,129.136028,35.713442
1,129.13645,35.713112
1,129.136778,35.712865
1,129.136731,35.712848
1,129.13588,35.712549
1,129.135293,35.712342
1,129.134193,35.712115
1,129.134192,35.712115
1,129.134163,35.712109
1,129.13409,35.712383
1,129.13409,35.712384
1,129.134075,35.712387
1,129.134045,35.712392
1,129.134032,35.712394
1,129.134001,35.7124
1,129.133993,35.712401
1,129.133884,35.71242
1,129.133878,35.712421
1,129.133839,35.712428
1,129.133832,35.712429
1,129.133628,35.712465
1,129.13362,35.712466
1,129.133615,35.712467
1,129.133609,35.712468
1,129.133603,35.712469
1,129.133568,35.712475
1,129.133555,35.712477
1,129.133549,35.712478
1,129.133547,35.712479
1,129.133544,35.712479
1,129.133461,35.712494
1,129.133452,35.712495
1,129.133445,35.712497
1,129.133441,35.712497
1,129.133438,35.712498
1,129.133435,35.712499
1,129.133376,35.712509
1,129.132405,35.712678
1,129.132337,35.712684
1,129.131801,35.712727
1,129.13175,35.712731
1,129.131583,35.712744
1,129.131473,35.712753
1,129.131367,35.712761
1,129.131325,35.712764
1,129.131321,35.712765
1,129.131277,35.712768
1,129.131243,35.712758
1,129.13124,35.712757
1,129.131238,35.712757
1,129.13103,35.712695
1,129.130664,35.712587
1,129.130614,35.712572
1,129.130237,35.712653
1,129.130186,35.712664
1,129.130155,35.71267
1,129.129867,35.713016
1,129.129175,35.713189
1,129.129161,35.713196
1,129.129153,35.713199
1,129.129065,35.713223
1,129.129051,35.713227
1,129.128906,35.713294
1,129.128899,35.713319
1,129.12889,35.713354
1,129.128873,35.713421
1,129.128838,35.713466
1,129.128764,35.7135
1,129.12876,35.713501
1,129.128689,35.713516
1,129.128652,35.713522
1,129.128635,35.713531
1,129.128386,35.713648
1,129.128082,35.713791
1,129.127878,35.713887
1,129.12777,35.713938
1,129.127688,35.713977
1,129.127583,35.714023
1,129.127576,35.714026
1,129.127536,35.714044
1,129.127371,35.714118
1,129.127364,35.71412
1,129.1273,35.714037
1,129.127216,35.713935
1,129.127213,35.713932
1,129.127212,35.71393
1,129.127209,35.713927
1,129.127143,35.71396
1,129.127128,35.713967
1,129.127121,35.71397
1,129.127118,35.713972
1,129.127121,35.71398
1,129.127132,35.714015
1,129.127099,35.714052
1,129.12707,35.714084
1,129.126992,35.714036
1,129.126434,35.713695
1,129.126244,35.713593
1,129.126205,35.713573
1,129.126187,35.713473
1,129.126163,35.713344
1,129.126157,35.713311
1,129.126157,35.71331
1,129.126156,35.713307
1,129.126156,35.713306
1,129.126148,35.713263
1,129.126145,35.713248
1,129.12615,35.713213
1,129.126151,35.713204
1,129.126151,35.713202
1,129.126197,35.71285
1,129.126131,35.712768
1,129.126041,35.712654
1,129.12596,35.712551
1,129.125902,35.71248
1,129.125871,35.712443
1,129.125858,35.712445
1,129.125696,35.71244
1,129.125686,35.712393
1,129.125683,35.712378
1,129.125653,35.712239
1,129.12565,35.712224
1,129.125649,35.71222
1,129.125646,35.712206
1,129.125643,35.712193
1,129.12564,35.712177
1,129.125636,35.712159
1,129.125627,35.71212
1,129.125621,35.71209
1,129.125616,35.712066
1,129.125608,35.712029
1,129.125594,35.711965
1,129.125592,35.711955
1,129.125558,35.711792
1,129.125557,35.71179
1,129.125558,35.711789
1,129.125557,35.711786
1,129.125552,35.711766
1,129.125551,35.711764
1,129.125533,35.711731
1,129.125521,35.71171
1,129.125499,35.711671
1,129.125451,35.711587
1,129.125406,35.711508
1,129.12534,35.711393
1,129.12534,35.711382
1,129.12534,35.71138
1,129.125338,35.711231
1,129.125336,35.711136
1,129.125328,35.711096
1,129.125289,35.71091
1,129.125276,35.71085
1,129.125267,35.710807
1,129.125257,35.710758
1,129.125243,35.710691
1,129.125224,35.7106
1,129.125218,35.71055
1,129.125215,35.710524
1,129.1252,35.710506
1,129.125153,35.71045
1,129.125082,35.710364
1,129.124993,35.710254
1,129.124968,35.710224
1,129.124855,35.710086
1,129.124825,35.710051
1,129.124603,35.709791
1,129.12457,35.709753
1,129.124308,35.708614
1,129.124304,35.708598
1,129.124273,35.708488
1,129.124212,35.708275
1,129.124127,35.708244
1,129.124009,35.708202
1,129.123294,35.707963
1,129.122825,35.707806
1,129.122764,35.707787
1,129.122781,35.707766
1,129.123074,35.707386
1,129.122995,35.707333
1,129.122916,35.707334
1,129.122847,35.707449
1,129.122766,35.707549
1,129.122708,35.707602
1,129.122664,35.70767
1,129.122612,35.707706
1,129.122315,35.707703
1,129.122159,35.707701
1,129.121918,35.707698
1,129.121288,35.707687
1,129.121265,35.707686
1,129.120554,35.707388
1,129.119627,35.707002
1,129.1175,35.706665
1,129.117131,35.707236
1,129.115698,35.708479
1,129.115629,35.708467
1,129.114062,35.708292
1,129.114026,35.70829
1,129.113939,35.708287
1,129.112746,35.708384
1,129.11233,35.708068
1,129.112082,35.70788
1,129.111686,35.70758
1,129.111215,35.707223
1,129.11109,35.707128
1,129.111072,35.707115
1,129.110821,35.707219
1,129.110367,35.707406
1,129.110087,35.707281
1,129.110018,35.70725
1,129.109546,35.707039
1,129.108767,35.706691
1,129.108716,35.706689
1,129.108679,35.706687
1,129.108639,35.706668
1,129.108543,35.706626
1,129.108285,35.706576
1,129.107619,35.706447
1,129.107404,35.706433
1,129.107136,35.706415
1,129.106934,35.706401
1,129.106721,35.706387
1,129.106662,35.706383
1,129.106485,35.706387
1,129.10614,35.706395
1,129.105895,35.706401
1,129.105643,35.706407
1,129.105214,35.706417
1,129.105013,35.706422
1,129.104645,35.70642
1,129.103781,35.706414
1,129.103486,35.706411
1,129.103207,35.706409
1,129.103091,35.706382
1,129.102905,35.706338
1,129.102609,35.706268
1,129.102387,35.706216
1,129.102078,35.706143
1,129.101759,35.706067
1,129.101662,35.706
1,129.101495,35.705883
1,129.10131,35.705754
1,129.101165,35.705653
1,129.100981,35.705525
1,129.100806,35.705403
1,129.100698,35.705327
1,129.100572,35.705238
1,129.100253,35.705013
1,129.099894,35.704759
1,129.099858,35.704734
1,129.099254,35.704629
1,129.098942,35.704575
1,129.098669,35.704528
1,129.098632,35.704522
1,129.098562,35.70451
1,129.098156,35.70444
1,129.09736,35.704303
1,129.096661,35.704183
1,129.095982,35.704066
1,129.095711,35.704019
1,129.095175,35.703704
1,129.095123,35.703674
1,129.094724,35.703439
1,129.094252,35.703226
1,129.094109,35.703161
1,129.094017,35.70312
1,129.093926,35.703078
1,129.093808,35.703025
1,129.093689,35.702971
1,129.093575,35.702961
1,129.09347,35.702952
1,129.093345,35.702941
1,129.093166,35.702925
1,129.093039,35.702914
1,129.092897,35.702902
1,129.092733,35.702888
1,129.09256,35.702873
1,129.092394,35.702858
1,129.092217,35.702843
1,129.092013,35.702825
1,129.091772,35.702804
1,129.091525,35.702783
1,129.091306,35.702763
1,129.091016,35.702738
1,129.090713,35.702712
1,129.090302,35.702676
1,129.090291,35.702675
1,129.090282,35.702655
1,129.090265,35.702616
1,129.090263,35.702611
1,129.090231,35.702537
1,129.090099,35.701863
1,129.090099,35.701861
1,129.090083,35.701781
1,129.089925,35.700972
1,129.089411,35.700676
1,129.088803,35.700328
1,129.088528,35.700078
1,129.088447,35.700005
1,129.088352,35.699918
1,129.088236,35.699812
1,129.088078,35.699669
1,129.087875,35.699485
1,129.087628,35.69926
1,129.087347,35.699005
1,129.086678,35.698625
1,129.085738,35.698091
1,129.08481,35.69782
1,129.083068,35.697644
1,129.082349,35.697012
1,129.081391,35.696657
1,129.081382,35.696654
1,129.081331,35.696635
1,129.081267,35.696638
1,129.08122,35.69664
1,129.081143,35.696643
1,129.080995,35.69659
1,129.080976,35.696584
1,129.080942,35.696563
1,129.080907,35.696541
1,129.080906,35.696527
1,129.080905,35.696515
1,129.080893,35.696506
1,129.080748,35.696455
1,129.080666,35.696404
1,129.080617,35.696391
1,129.080568,35.696377
1,129.080454,35.696365
1,129.080434,35.696363
1,129.080389,35.696337
1,129.080353,35.696318
1,129.080285,35.69628
1,129.080388,35.696146
1,129.080438,35.696057
1,129.080443,35.696024
1,129.080444,35.696021
1,129.080465,35.695905
1,129.080369,35.695754
1,129.080266,35.695492
1,129.080248,35.695447
1,129.080029,35.695142
1,129.080028,35.695138
1,129.079942,35.694961
1,129.079935,35.69481
1,129.079928,35.69479
1,129.079913,35.694752
1,129.079897,35.694724
1,129.07987,35.694673
1,129.079835,35.694607
1,129.079799,35.694538
1,129.079783,35.694521
1,129.07974,35.694478
1,129.07962,35.694396
1,129.079612,35.694391
1,129.079566,35.694372
1,129.079519,35.694351
1,129.079416,35.694315
1,129.079363,35.694296
1,129.079339,35.694291
1,129.079182,35.694258
1,129.078726,35.694206
1,129.078597,35.694189
1,129.078593,35.694241
1,129.078425,35.69414
1,129.078279,35.694053
1,129.077113,35.693048
1,129.077221,35.692936
1,129.077114,35.69268
1,129.076869,35.692248
1,129.076726,35.692074
1,129.076687,35.691801
1,129.076353,35.691343
1,129.076181,35.691065
1,129.07624,35.690764
1,129.076076,35.690446
1,129.075943,35.690327
1,129.075643,35.690103
1,129.075531,35.689869
1,129.075465,35.689631
1,129.075517,35.689331
1,129.075351,35.688959
1,129.075094,35.688852
1,129.074829,35.688779
1,129.074568,35.688698
1,129.074469,35.68862
1,129.07435,35.688441
1,129.074258,35.688283
1,129.074087,35.688007
1,129.073974,35.687776
1,129.073986,35.687668
1,129.073977,35.687569
1,129.074071,35.687313
1,129.074108,35.687165
1,129.074115,35.687043
1,129.073946,35.686788
1,129.073743,35.686537
1,129.072699,35.685283
1,129.071886,35.684354
1,129.069877,35.682372
1,129.069802,35.681437
1,129.069998,35.679983
1,129.070705,35.678636
1,129.071051,35.678405
1,129.071524,35.67809
1,129.072295,35.6776
1,129.072994,35.67739
1,129.073028,35.677379
1,129.071181,35.675515
1,129.069,35.673757
1,129.068095,35.673191
1,129.067153,35.671346
1,129.06904,35.669052
1,129.068787,35.668484
1,129.068174,35.6671
1,129.068167,35.6664
1,129.068389,35.665169
1,129.068453,35.663743
1,129.067392,35.662178
1,129.067273,35.661992
1,129.067461,35.661643
1,129.067573,35.661433
1,129.067572,35.661428
1,129.06747,35.660898
1,129.067893,35.658798
1,129.068034,35.658617
1,129.068076,35.658563
1,129.06918,35.658598
1,129.070339,35.658635
1,129.070359,35.658636
1,129.070911,35.657478
1,129.070981,35.65733
1,129.071097,35.657088
1,129.071101,35.657079
1,129.071372,35.656716
1,129.071595,35.656418
1,129.071897,35.656013
1,129.072107,35.655731
1,129.072177,35.655638
1,129.072347,35.655432
1,129.072355,35.655422
1,129.072753,35.65494
1,129.073121,35.654494
1,129.07386,35.6536
1,129.075324,35.651826
1,129.075359,35.651789
1,129.07536,35.651788
1,129.076177,35.650917
1,129.077978,35.649883
1,129.079764,35.649113
1,129.079826,35.649036
1,129.07989,35.648955
1,129.08001,35.648805
1,129.080189,35.64858
1,129.08036,35.648365
1,129.080439,35.648266
1,129.080538,35.648142
1,129.080623,35.648035
1,129.080689,35.647953
1,129.080743,35.647816
1,129.080803,35.647663
1,129.080888,35.647447
1,129.080981,35.647213
1,129.081068,35.646991
1,129.08113,35.646835
1,129.08115,35.646692
1,129.0812,35.646332
1,129.081246,35.646003
1,129.081287,35.645711
1,129.081363,35.645164
1,129.081311,35.644968
1,129.081192,35.644521
1,129.081032,35.64392
1,129.080919,35.643493
1,129.080855,35.643253
1,129.080825,35.643236
1,129.080681,35.643154
1,129.08051,35.643055
1,129.08022,35.642889
1,129.080059,35.642797
1,129.07988,35.642694
1,129.079662,35.642569
1,129.07938,35.642408
1,129.079119,35.642258
1,129.079023,35.642203
1,129.078956,35.642164
1,129.078452,35.641897
1,129.078428,35.641884
1,129.07769,35.641493
1,129.075546,35.640356
1,129.072222,35.643689
1,129.072216,35.643695
1,129.072198,35.643714
1,129.072176,35.643729
1,129.072122,35.643768
1,129.072066,35.643809
1,129.071981,35.64387
1,129.071931,35.643906
1,129.071849,35.643965
1,129.071772,35.644021
1,129.071699,35.644073
1,129.071574,35.644164
1,129.071374,35.644308
1,129.07132,35.644347
1,129.071278,35.644377
1,129.071244,35.644402
1,129.0712,35.644433
1,129.071189,35.644441
1,129.071109,35.644497
1,129.071054,35.644536
1,129.070997,35.644575
1,129.070919,35.64463
1,129.070872,35.644662
1,129.070793,35.644717
1,129.070667,35.644804
1,129.070594,35.644855
1,129.070539,35.644893
1,129.070462,35.644925
1,129.070436,35.644936
1,129.070411,35.644947
1,129.070372,35.644963
1,129.070339,35.644977
1,129.0703,35.644993
1,129.070263,35.645009
1,129.070212,35.64503
1,129.070161,35.645052
1,129.070126,35.645067
1,129.070043,35.645102
1,129.069997,35.645121
1,129.06996,35.645137
1,129.069934,35.645148
1,129.069911,35.645157
1,129.069883,35.645169
1,129.069856,35.64518
1,129.069827,35.645193
1,129.069802,35.645203
1,129.069769,35.645217
1,129.069735,35.645231
1,129.0697,35.645246
1,129.06965,35.645267
1,129.069622,35.645279
1,129.069594,35.645291
1,129.069564,35.645304
1,129.069528,35.645319
1,129.069501,35.64533
1,129.069473,35.645342
1,129.069449,35.645352
1,129.069421,35.645364
1,129.069391,35.645376
1,129.069364,35.645388
1,129.069343,35.645396
1,129.069309,35.645411
1,129.069302,35.645414
1,129.069282,35.645417
1,129.069262,35.64542
1,129.069228,35.645425
1,129.0692,35.64543
1,129.069171,35.645434
1,129.069137,35.64544
1,129.069085,35.645448
1,129.069035,35.645456
1,129.068981,35.645465
1,129.068921,35.645474
1,129.068885,35.64548
1,129.068857,35.645485
1,129.068823,35.64549
1,129.068788,35.645496
1,129.068753,35.645501
1,129.06872,35.645506
1,129.06868,35.645513
1,129.068637,35.64552
1,129.068621,35.645522
1,129.068591,35.645527
1,129.068556,35.645533
1,129.068508,35.645541
1,129.068484,35.645546
1,129.068457,35.645551
1,129.068431,35.645555
1,129.068407,35.645559
1,129.068388,35.645563
1,129.068364,35.645567
1,129.068337,35.645571
1,129.06831,35.645576
1,129.068272,35.645583
1,129.06823,35.64559
1,129.068193,35.645596
1,129.068157,35.645603
1,129.068113,35.64561
1,129.068068,35.645618
1,129.068026,35.645625
1,129.067999,35.64563
1,129.067968,35.645635
1,129.067936,35.645641
1,129.067912,35.645644
1,129.067881,35.645648
1,129.067745,35.645666
1,129.067156,35.645744
1,129.067153,35.645744
1,129.067151,35.645744
1,129.065709,35.645628
1,129.064805,35.645758
1,129.064701,35.645773
1,129.064682,35.645789
1,129.064596,35.645864
1,129.064595,35.645865
1,129.064584,35.645873
1,129.064384,35.646063
1,129.064278,35.646163
1,129.06421,35.646227
1,129.064151,35.646283
1,129.064142,35.646292
1,129.064101,35.646328
1,129.064064,35.646361
1,129.064045,35.646378
1,129.064038,35.646385
1,129.064025,35.646396
1,129.064003,35.646415
1,129.063874,35.64646
1,129.063846,35.646469
1,129.063763,35.646498
1,129.063679,35.646523
1,129.063306,35.646635
1,129.061639,35.646954
1,129.059714,35.647562
1,129.057682,35.648256
1,129.05671,35.648338
1,129.054804,35.648495
1,129.053723,35.648869
1,129.053087,35.649233
1,129.053069,35.649244
1,129.052788,35.649262
1,129.052649,35.649217
1,129.0523,35.649102
1,129.052046,35.64906
1,129.050584,35.64948
1,129.050566,35.649499
1,129.050148,35.649927
1,129.050107,35.649929
1,129.050065,35.649931
1,129.049994,35.649935
1,129.049916,35.649939
1,129.04981,35.649945
1,129.049729,35.649949
1,129.04963,35.649954
1,129.049524,35.649959
1,129.049411,35.649965
1,129.049313,35.64997
1,129.04923,35.649992
1,129.049153,35.650012
1,129.04905,35.65004
1,129.04897,35.65006
1,129.048862,35.650089
1,129.048764,35.650115
1,129.048691,35.650135
1,129.048578,35.650164
1,129.048545,35.650173
1,129.048501,35.650183
1,129.048433,35.650198
1,129.048354,35.650214
1,129.048248,35.650236
1,129.048186,35.650249
1,129.048102,35.650267
1,129.048026,35.650283
1,129.047833,35.650323
1,129.047467,35.650399
1,129.047458,35.650401
1,129.046927,35.650512
1,129.046901,35.650518
1,129.046863,35.650568
1,129.046768,35.650692
1,129.046449,35.651025
1,129.046422,35.651678
1,129.046006,35.652096
1,129.045545,35.652562
1,129.044953,35.65383
1,129.044801,35.654021
1,129.043154,35.655682
1,129.042639,35.656726
1,129.042464,35.658155
1,129.042611,35.65904
1,129.042451,35.659754
1,129.042203,35.660922
1,129.041982,35.662618
1,129.041312,35.663608
1,129.040688,35.664072
1,129.040542,35.664562
1,129.039969,35.665311
1,129.038827,35.66647
1,129.038358,35.667664
1,129.038345,35.667696
1,129.037254,35.669252
1,129.036255,35.672517
1,129.035206,35.675286
1,129.035138,35.676222
1,129.035247,35.676797
1,129.036118,35.678856
1,129.035887,35.680522
1,129.035731,35.680801
1,129.035825,35.68117
1,129.036197,35.68198
1,129.036558,35.68242
1,129.036887,35.682884
1,129.03709,35.683675
1,129.03729,35.684457
1,129.037345,35.685183
1,129.037798,35.686851
1,129.037947,35.688132
1,129.037819,35.688621
1,129.038633,35.6898
1,129.038717,35.689923
1,129.038693,35.690006
1,129.03846,35.690801
1,129.038359,35.690856
1,129.037808,35.692298
1,129.03779,35.692347
1,129.03731,35.693119
1,129.037577,35.694024
1,129.037502,35.694639
1,129.037477,35.694702
1,129.03725,35.695281
1,129.035795,35.695209
1,129.035689,35.695203
1,129.033958,35.695013
1,129.032776,35.693884
1,129.032521,35.693653
1,129.030953,35.692764
1,129.028897,35.692748
1,129.028695,35.692603
1,129.027853,35.692059
1,129.027409,35.691781
1,129.026354,35.691413
1,129.024434,35.691338
1,129.023236,35.689812
1,129.022601,35.689653
1,129.021352,35.689095
1,129.019556,35.689557
1,129.018264,35.68967
1,129.017615,35.690261
1,129.017581,35.690283
1,129.017201,35.690534
1,129.017193,35.69054
1,129.016813,35.690786
1,129.015136,35.69105
1,129.013811,35.691629
1,129.012831,35.692206
1,129.012761,35.692279
1,129.009301,35.693887
1,129.008029,35.694012
1,129.006699,35.694788
1,129.006421,35.694675
1,129.005312,35.694069
1,129.004582,35.693764
1,129.004143,35.693649
1,129.003732,35.693541
1,129.003619,35.693609
1,129.00308,35.69393
1,129.003564,35.69457
1,129.003701,35.695947
1,129.004019,35.699281
1,129.003972,35.69965
1,129.003901,35.700202
1,129.003039,35.703378
1,129.003055,35.70489
1,129.00302,35.704993
1,129.002938,35.705233
1,129.002292,35.707201
1,129.002201,35.707478
1,128.998284,35.710422
1,128.997652,35.710842
1,128.99733,35.711057
1,128.997325,35.711107
1,128.99728,35.71165
1,128.997254,35.711957
1,128.997246,35.712058
1,128.996882,35.713464
1,128.996957,35.713684
1,128.997566,35.715163
1,128.99756,35.716979
1,128.99756,35.717035
1,128.997559,35.717251
1,128.994849,35.718281
1,128.993259,35.718638
1,128.992485,35.718937
1,128.991636,35.719175
1,128.991546,35.7192
1,128.990719,35.720558
1,128.990704,35.720583
1,128.989958,35.721716
1,128.989585,35.722247
1,128.989166,35.722999
1,128.989127,35.723395
1,128.988812,35.723439
1,128.988693,35.723455
1,128.988585,35.723713
1,128.98848,35.723963
1,128.987383,35.724768
1,128.987191,35.724909
1,128.987191,35.724959
1,128.986735,35.726116
1,128.986642,35.726585
1,128.986565,35.726974
1,128.985614,35.726965
1,128.984575,35.727589
1,128.984183,35.728055
1,128.982865,35.729021
1,128.981297,35.729906
1,128.979836,35.731025
1,128.979762,35.731082
1,128.979796,35.731542
1,128.979811,35.73174
1,128.979831,35.731997
1,128.979831,35.731998
1,128.979913,35.733085
1,128.979888,35.733124
1,128.978279,35.735559
1,128.97809,35.735846
1,128.975728,35.736655
1,128.975423,35.736883
1,128.974208,35.737199
1,128.973171,35.737369
1,128.972878,35.737417
1,128.97291,35.738717
1,128.97344,35.740191
1,128.973784,35.741498
1,128.973904,35.741937
1,128.973937,35.74222
1,128.973964,35.742453
1,128.973995,35.74273
1,128.974016,35.74281
1,128.974263,35.743278
1,128.974763,35.74461
1,128.97487,35.746141
1,128.974874,35.746202
1,128.974728,35.746396
1,128.974434,35.746785
1,128.975331,35.747918
1,128.975712,35.748391
1,128.975627,35.749441
1,128.975603,35.749739
1,128.975056,35.75008
1,128.974551,35.750671
1,128.973698,35.750929
1,128.973384,35.751023
1,128.973397,35.751293
1,128.973413,35.751632
1,128.972443,35.752366
1,128.97202,35.752719
1,128.971701,35.752985
1,128.971691,35.753413
1,128.971687,35.753554
1,128.971147,35.754183
1,128.970727,35.754673
1,128.971323,35.755878
1,128.971416,35.756012
1,128.971579,35.757223
1,128.972476,35.758528
1,128.972659,35.758794
1,128.972743,35.758916
1,128.972617,35.759076
1,128.972523,35.759195
1,128.972075,35.759764
1,128.972605,35.760835
1,128.972787,35.761114
1,128.973486,35.761858
1,128.973628,35.762174
1,128.973645,35.762248
1,128.973698,35.762486
1,128.973827,35.763074
1,128.973818,35.76314
1,128.973806,35.763234
1,128.973716,35.763915
1,128.973695,35.764741
1,128.973688,35.764812
1,128.974111,35.765439
1,128.975565,35.765626
1,128.975955,35.765662
1,128.976523,35.764996
1,128.976994,35.763884
1,128.977473,35.76205
1,128.977458,35.762463
1,128.97747,35.762935
1,128.977442,35.763192
1,128.977432,35.763608
1,128.97741,35.763785
1,128.977401,35.764056
1,128.977395,35.764165
1,128.977376,35.764441
1,128.977287,35.764668
1,128.977149,35.765019
1,128.977053,35.765149
1,128.977048,35.765177
1,128.97748,35.765254
1,128.977644,35.765302
1,128.977654,35.766203
1,128.977473,35.767152
1,128.977352,35.767587
1,128.977168,35.767814
1,128.977009,35.767933
1,128.97674,35.768046
1,128.97664,35.768257
1,128.976567,35.768408
1,128.97644,35.768604
1,128.976287,35.768836
1,128.975849,35.76952
1,128.97568,35.769781
1,128.975577,35.769928
1,128.975471,35.770076
1,128.975404,35.770173
1,128.975297,35.770325
1,128.975208,35.770563
1,128.975252,35.770595
1,128.975295,35.770627
1,128.975417,35.770717
1,128.975587,35.770844
1,128.975505,35.770896
1,128.975364,35.770986
1,128.975024,35.7712
1,128.974896,35.771321
1,128.974814,35.771426
1,128.974656,35.771703
1,128.974857,35.771729
1,128.975,35.771747
1,128.975144,35.771766
1,128.979753,35.772357
1,128.981724,35.773587
1,128.983977,35.773198
1,128.984585,35.773092
1,128.984925,35.773033
1,128.98516,35.773143
1,128.985615,35.773175
1,128.986941,35.773266
1,128.987055,35.773262
1,128.9872,35.773256
1,128.987851,35.773165
1,128.988465,35.773077
1,128.989334,35.772874
1,128.990179,35.772678
1,128.990855,35.773378
1,128.992009,35.774499
1,128.992726,35.775405
1,128.992736,35.775418
1,128.993074,35.775501
1,128.993287,35.775553
1,128.99366,35.775512
1,128.99426,35.775427
1,128.99494,35.775691
1,128.995993,35.776871
1,128.996579,35.777555
1,128.996788,35.777798
1,128.996979,35.778021
1,128.997068,35.778124
1,128.996971,35.778191
1,128.996095,35.778789
1,128.997402,35.77955
1,128.997954,35.780802
1,128.997955,35.780805
1,128.997869,35.780884
1,128.996544,35.782097
1,128.995912,35.782725
1,128.994188,35.784293
1,128.994246,35.784598
1,128.994467,35.785728
1,128.994543,35.78615
1,128.994554,35.786312
1,128.993711,35.787576
1,128.993834,35.788351
1,128.994053,35.788678
1,128.993649,35.789831
1,128.993866,35.79036
1,128.994162,35.790906
1,128.99473,35.793144
1,128.994761,35.79329
1,128.994781,35.793624
1,128.994786,35.793702
1,128.99438,35.794465
1,128.994323,35.794571
1,128.99361,35.795658
1,128.993368,35.796111
1,128.992523,35.796439
1,128.992157,35.796581
1,128.992035,35.796808
1,128.992057,35.796889
1,128.992075,35.796965
1,128.992068,35.797283
1,128.991608,35.798361
1,128.991573,35.798504
1,128.991461,35.798966
1,128.990943,35.799361
1,128.990311,35.799842
1,128.990299,35.799851
1,128.990872,35.800798
1,128.991795,35.801257
1,128.992813,35.802255
1,128.993496,35.802523
1,128.993594,35.803035
1,128.993946,35.803523
1,128.994283,35.803965
1,128.99442,35.804143
1,128.994839,35.804933
1,128.995956,35.805624
1,128.996792,35.8061
1,128.997136,35.806387
1,128.997241,35.807069
1,128.997345,35.807613
1,128.997874,35.808186
1,128.998333,35.808772
1,128.99864,35.809077
1,128.999291,35.810105
1,128.999427,35.810424
1,128.999383,35.81079
1,128.999592,35.811057
1,128.999869,35.811217
1,129.000518,35.812013
1,129.000562,35.812738
1,129.0013,35.813204
1,129.001314,35.813212
1,129.001314,35.813214
1,129.001595,35.814376
1,129.001592,35.814399
1,129.001591,35.814409
1,129.001607,35.814585
1,129.001657,35.814729
1,129.001933,35.81505
1,129.00205,35.815267
1,129.002345,35.815541
1,129.002679,35.815909
1,129.002981,35.816244
1,129.003262,35.816752
1,129.003344,35.817181
1,129.003288,35.817318
1,129.00328,35.817339
1,129.003064,35.817866
1,129.003438,35.818581
1,129.00371,35.819398
1,129.003656,35.819856
1,129.003983,35.820825
1,129.00398,35.821231
1,129.004351,35.82216
1,129.004183,35.822916
1,129.004438,35.823341
1,129.004701,35.823564
1,129.00486,35.8237
1,129.004962,35.824256
1,129.005205,35.824429
1,129.005276,35.82448
1,129.00545,35.824782
1,129.005617,35.824788
1,129.005898,35.824799
1,129.006705,35.825022
1,129.007252,35.825598
1,129.007871,35.825724
1,129.008135,35.826152
1,129.008153,35.826819
1,129.008257,35.827645
1,129.008261,35.827677
1,129.008099,35.828485
1,129.008166,35.829347
1,129.008296,35.829657
1,129.00859,35.83033
1,129.008693,35.830991
1,129.008831,35.831291
1,129.008863,35.831362
1,129.008667,35.831744
1,129.008649,35.831778
1,129.008861,35.832518
1,129.010272,35.83358
1,129.010795,35.833489
1,129.011219,35.833717
1,129.011696,35.833974
1,129.012507,35.833931
1,129.013815,35.834535
1,129.013818,35.834536
1,129.013855,35.834555
1,129.014248,35.834933
1,129.014292,35.834974
1,129.013524,35.836229
1,129.014194,35.837406
1,129.014325,35.838311
1,129.014429,35.838355
1,129.014523,35.838394
1,129.015432,35.839201
1,129.016322,35.839401
1,129.016384,35.839485
1,129.016484,35.83962
1,129.01595,35.841689
1,129.016049,35.842024
1,129.01603,35.842702
1,129.016145,35.84312
1,129.016132,35.843328
1,129.016121,35.843493
1,129.016169,35.843727
1,129.01617,35.843732
1,129.016448,35.84419
1,129.016718,35.844473
1,129.016821,35.844597
1,129.016904,35.84473
1,129.016922,35.844895
1,129.016962,35.845255
1,129.016551,35.845805
1,129.016185,35.846043
1,129.015207,35.846203
1,129.014698,35.846198
1,129.014479,35.846196
1,129.014098,35.846267
1,129.014002,35.846286
1,129.01331,35.846415
1,129.013091,35.846912
1,129.013539,35.847697
1,129.014164,35.848279
1,129.014136,35.848604
1,129.014515,35.848846
1,129.01506,35.849698
1,129.015371,35.84975
1,129.015726,35.849631
1,129.01608,35.849705
1,129.016299,35.849903
1,129.016283,35.850139
1,129.016506,35.850829
1,129.016525,35.850887
1,129.016784,35.851198
1,129.017224,35.852436
1,129.017484,35.852513
1,129.017487,35.852514
1,129.017522,35.852636
1,129.017553,35.852746
1,129.017578,35.852758
1,129.017868,35.852896
1,129.017914,35.85322
1,129.018074,35.854275
1,129.018403,35.854752
1,129.018391,35.855096
1,129.018383,35.855315
1,129.018567,35.856141
1,129.01881,35.856643
1,129.01936,35.856986
1,129.01936,35.857051
1,129.020119,35.857956
1,129.02028,35.858148
1,129.021015,35.858504
1,129.021644,35.858895
1,129.021752,35.858987
1,129.022195,35.859366
1,129.022191,35.859532
1,129.022432,35.860184
1,129.022627,35.860395
1,129.023337,35.861004
1,129.023357,35.861357
1,129.02336,35.861419
1,129.023548,35.862024
1,129.023672,35.862275
1,129.023779,35.862975
1,129.024022,35.863254
1,129.024077,35.863435
1,129.025047,35.863271
1,129.025689,35.863597
1,129.026419,35.863534
1,129.026819,35.863664
1,129.027209,35.864061
1,129.02872,35.8656
1,129.0293,35.866193
1,129.030381,35.867541
1,129.030633,35.86847
1,129.031052,35.868515
1,129.031397,35.868712
1,129.031483,35.86909
1,129.031996,35.869539
1,129.03207,35.869674
1,129.032083,35.869698
1,129.032615,35.870663
1,129.032534,35.871737
1,129.032574,35.871828
1,129.032482,35.872086
1,129.032094,35.872587
1,129.032071,35.872911
1,129.031773,35.873303
1,129.031658,35.873604
1,129.031506,35.873961
1,129.030328,35.874829
1,129.031106,35.875875
1,129.031291,35.876283
1,129.030641,35.876867
1,129.030427,35.877173
1,129.030263,35.877406
1,129.030371,35.877775
1,129.030567,35.878445
1,129.030878,35.878809
1,129.030849,35.879346
1,129.030428,35.879728
1,129.03009,35.879691
1,129.029973,35.879832
1,129.029798,35.880046
1,129.029923,35.880764
1,129.029239,35.881391
1,129.029224,35.881408
1,129.029237,35.881544
1,129.029258,35.881765
1,129.029262,35.881801
1,129.029043,35.882019
1,129.028913,35.882248
1,129.028784,35.882477
1,129.028777,35.882489
1,129.028773,35.882496
1,129.028625,35.882649
1,129.029074,35.883038
1,129.029232,35.883212
1,129.029771,35.883754
1,129.029756,35.883763
1,129.028901,35.88429
1,129.0289,35.884291
1,129.028841,35.884641
1,129.028799,35.884897
1,129.028539,35.885491
1,129.028498,35.885584
1,129.02818,35.887152
1,129.027394,35.888716
1,129.027175,35.888951
1,129.027045,35.88927
1,129.025638,35.889836
1,129.025583,35.889858
1,129.025552,35.889892
1,129.024958,35.890546
1,129.025344,35.890966
1,129.025639,35.891196
1,129.02597,35.891454
1,129.026026,35.891663
1,129.026122,35.892019
1,129.026293,35.892269
1,129.026298,35.892277
1,129.026431,35.892862
1,129.026448,35.892935
1,129.0265,35.893165
1,129.02654,35.893338
1,129.026709,35.894084
1,129.026319,35.894518
1,129.026299,35.895244
1,129.026298,35.895312
1,129.026194,35.895799
1,129.026126,35.895886
1,129.02603,35.896452
1,129.026367,35.896734
1,129.026396,35.896751
1,129.026612,35.896876
1,129.026971,35.897021
1,129.027343,35.897171
1,129.027437,35.897368
1,129.027538,35.897584
1,129.027699,35.897811
1,129.027703,35.897816
1,129.027705,35.897819
1,129.027709,35.897826
1,129.02779,35.897956
1,129.027804,35.897978
1,129.02786,35.898068
1,129.026896,35.899006
1,129.026691,35.899041
1,129.026536,35.899205
1,129.025951,35.899498
1,129.026191,35.899965
1,129.026533,35.900389
1,129.026824,35.900844
1,129.026904,35.901095
1,129.027064,35.901585
1,129.027408,35.902636
1,129.02756,35.902703
1,129.027689,35.902785
1,129.027691,35.902806
1,129.02725,35.902955
1,129.02709,35.903009
1,129.027132,35.903142
1,129.027183,35.903361
1,129.027188,35.903422
1,129.027192,35.903626
1,129.027193,35.903859
1,129.027222,35.90414
1,129.027256,35.90448
1,129.027259,35.904625
1,129.027236,35.904697
1,129.027185,35.904773
1,129.027101,35.904899
1,129.027094,35.904909
1,129.027041,35.905036
1,129.027011,35.905059
1,129.026942,35.905109
1,129.026762,35.90518
1,129.026575,35.905233
1,129.026455,35.905266
1,129.026269,35.905319
1,129.02619,35.905353
1,129.026174,35.905375
1,129.026136,35.905538
1,129.026121,35.905592
1,129.026102,35.905753
1,129.026119,35.905783
1,129.026153,35.9058
1,129.026231,35.905784
1,129.026244,35.905781
1,129.026316,35.905834
1,129.026347,35.905888
1,129.026413,35.906
1,129.026424,35.906087
1,129.02642,35.906176
1,129.026367,35.906393
1,129.026423,35.906559
1,129.02648,35.906581
1,129.026595,35.906635
1,129.026806,35.906629
1,129.027942,35.906335
1,129.028476,35.906477
1,129.030156,35.907152
1,129.031432,35.907261
1,129.031787,35.907469
1,129.03253,35.907907
1,129.03327,35.908492
1,129.033636,35.908781
1,129.033979,35.909049
1,129.034,35.909064
1,129.03402,35.909081
1,129.034521,35.908831
1,129.034807,35.908699
1,129.034982,35.908618
1,129.03503,35.908595
1,129.035172,35.908696
1,129.035527,35.909144
1,129.036287,35.910454
1,129.036453,35.910753
1,129.036765,35.911361
1,129.037078,35.912027
1,129.037501,35.912531
1,129.037525,35.91253
1,129.037786,35.912523
1,129.038691,35.912497
1,129.039184,35.912287
1,129.040019,35.912054
1,129.040421,35.911942
1,129.04045,35.911945
1,129.04226,35.912103
1,129.04278,35.912376
1,129.043537,35.912612
1,129.044611,35.91295
1,129.045332,35.912677
1,129.045415,35.912645
1,129.045848,35.912876
1,129.045732,35.914041
1,129.045449,35.914857
1,129.045829,35.91559
1,129.045913,35.915673
1,129.04615,35.915912
1,129.046185,35.91688
1,129.046601,35.917302
1,129.046897,35.918353
1,129.047244,35.918397
1,129.047455,35.918388
1,129.048249,35.918823
1,129.048708,35.919139
1,129.049547,35.919278
1,129.050261,35.918887
1,129.050319,35.918856
1,129.0507,35.918656
1,129.051191,35.919232
1,129.051297,35.919606
1,129.051545,35.91976
1,129.052473,35.91996
1,129.053278,35.920054
1,129.0548,35.919941
1,129.054885,35.920147
1,129.055022,35.920479
1,129.055279,35.920995
1,129.055442,35.921216
1,129.055461,35.921242
1,129.055865,35.921462
1,129.05603,35.921551
1,129.056422,35.922102
1,129.056197,35.922488
1,129.05615,35.922821
1,129.056086,35.923271
1,129.055976,35.923788
1,129.056098,35.924037
1,129.056651,35.924734
1,129.056872,35.925039
1,129.057064,35.925326
1,129.057295,35.92538
1,129.057943,35.925692
1,129.058225,35.92579
1,129.059416,35.926198
1,129.059703,35.926203
1,129.060165,35.926587
1,129.060273,35.926676
1,129.060423,35.926849
1,129.060801,35.927111
1,129.060872,35.928191
1,129.061195,35.928856
1,129.061508,35.92934
1,129.06173,35.929684
1,129.061615,35.930033
1,129.061614,35.930075
1,129.06161,35.930094
1,129.061612,35.930103
1,129.061603,35.930426
1,129.061675,35.930891
1,129.059986,35.931817
1,129.059049,35.932401
1,129.059039,35.932407
1,129.058586,35.932847
1,129.058367,35.932866
1,129.058226,35.933025
1,129.05869,35.933176
1,129.058979,35.933685
1,129.059484,35.934123
1,129.05959,35.93445
1,129.060142,35.935075
1,129.060332,35.935512
1,129.060976,35.935701
1,129.061305,35.936055
1,129.061446,35.936361
1,129.061293,35.936629
1,129.061117,35.936937
1,129.061115,35.937152
1,129.061385,35.937276
1,129.061805,35.937468
1,129.062128,35.937935
1,129.062448,35.938268
1,129.062874,35.938901
1,129.064946,35.940795
1,129.064985,35.94128
1,129.066474,35.941714
1,129.066803,35.941905
1,129.067559,35.941636
1,129.068648,35.941271
1,129.068935,35.941448
1,129.069408,35.941739
1,129.070266,35.941618
1,129.072363,35.942508
1,129.072919,35.942101
1,129.073441,35.942117
1,129.073477,35.942148
1,129.074571,35.942004
1,129.07589,35.942044
1,129.075932,35.942004
1,129.075907,35.942005
1,129.076801,35.941464
1,129.07737,35.941775
1,129.077737,35.941715
1,129.078436,35.941601
1,129.078766,35.941115
1,129.078785,35.940357
1,129.07956,35.940121
1,129.079813,35.940044
1,129.079853,35.93943
1,129.080141,35.939204
1,129.080832,35.938876
1,129.08096,35.938268
1,129.081278,35.937804
1,129.08164,35.937574
1,129.082279,35.938282
1,129.08265,35.938278
1,129.082827,35.938816
1,129.082752,35.93955
1,129.083043,35.939877
1,129.083294,35.939935
1,129.084599,35.939556
1,129.085105,35.939226
1,129.085951,35.93909
1,129.086068,35.939071
1,129.086847,35.938946
1,129.087048,35.938287
1,129.087614,35.938299
1,129.088139,35.938913
1,129.089182,35.938465
1,129.090065,35.93851
1,129.090503,35.938802
1,129.090713,35.938832
1,129.09124,35.938977
1,129.091419,35.939477
1,129.092238,35.939419
1,129.09243,35.939552
1,129.092805,35.939742
1,129.093131,35.939991
1,129.093471,35.940221
1,129.094223,35.940026
1,129.094463,35.940195
1,129.095004,35.940523
1,129.095203,35.940224
1,129.095482,35.93989
1,129.095869,35.939711
1,129.096637,35.939355
1,129.097085,35.939127
1,129.097785,35.938876
1,129.098579,35.938206
1,129.099114,35.937525
1,129.100073,35.937702
1,129.100403,35.937486
1,129.1011,35.936774
1,129.101357,35.936172
1,129.101526,35.935997
1,129.101747,35.935769
1,129.101842,35.93567
1,129.103454,35.935499
1,129.103462,35.935486
1,129.103949,35.934824
1,129.104574,35.934458
1,129.105432,35.934168
1,129.105619,35.93381
1,129.106163,35.933487
1,129.106285,35.932854
1,129.106436,35.932534
1,129.107922,35.931576
1,129.109544,35.930236
1,129.109911,35.929731
1,129.1107,35.928519
1,129.111104,35.927623
1,129.111754,35.926618
1,129.111918,35.926413
1,129.112252,35.925346
1,129.112605,35.924768
1,129.113437,35.923901
1,129.113849,35.923311
1,129.11395,35.922312
1,129.114358,35.921481
1,129.114355,35.920436
1,129.114587,35.919612
1,129.114296,35.918979
1,129.114219,35.91881
1,129.114128,35.918617
1,129.114052,35.918455
1,129.114107,35.918001
1,129.115668,35.91703
1,129.115669,35.917029
1,129.11667,35.916907
1,129.118618,35.916992
1,129.118932,35.917075
1,129.119058,35.917302
1,129.118927,35.917922
1,129.118845,35.918306
1,129.118709,35.918922
1,129.118858,35.919463
1,129.119465,35.920345
1,129.120014,35.920614
1,129.120714,35.920962
1,129.121566,35.922067
1,129.122268,35.922392
1,129.123538,35.922559
1,129.124116,35.92286
1,129.12448,35.922212
1,129.124881,35.922101
1,129.125728,35.922423
1,129.126176,35.921727
1,129.1262,35.921689
1,129.126639,35.921723
1,129.127372,35.921784
1,129.127674,35.922876
1,129.127902,35.923006
1,129.129269,35.923726
1,129.129409,35.923744
1,129.130424,35.924147
1,129.131714,35.925414
1,129.13151,35.925666
1,129.132153,35.926182
1,129.132923,35.927007
1,129.133579,35.927611
1,129.13393,35.928298
1,129.134184,35.929076
1,129.134259,35.929202
1,129.134418,35.929472
1,129.134493,35.929554
1,129.134493,35.929582
1,129.13447,35.92981
1,129.134477,35.930537
1,129.134902,35.931164
1,129.1353,35.931526
1,129.135602,35.932068
1,129.136112,35.932984
1,129.136112,35.932997
1,129.135741,35.933801
1,129.13574,35.933804
1,129.13535,35.934632
1,129.13506,35.93515
1,129.134516,35.936023
1,129.133309,35.938291
1,129.132381,35.939305
1,129.129633,35.940257
1,129.129615,35.940263
1,129.12965,35.940576
1,129.129652,35.940599
1,129.129735,35.941343
1,129.129765,35.942298
1,129.129783,35.942337
1,129.129986,35.942778
1,129.130399,35.943136
1,129.130619,35.943884
1,129.130075,35.944053
1,129.12945,35.94441
1,129.128583,35.945028
1,129.128328,35.945209
1,129.128405,35.945575
1,129.128612,35.945987
1,129.128531,35.946377
1,129.128555,35.94643
1,129.128787,35.946951
1,129.128714,35.947503
1,129.128807,35.947987
1,129.128091,35.949051
1,129.12809,35.949053
1,129.127922,35.949234
1,129.126712,35.949952
1,129.125415,35.95037
1,129.124609,35.95082
1,129.124334,35.951594
1,129.124316,35.951841
1,129.124293,35.952023
1,129.123287,35.952937
1,129.123142,35.953309
1,129.123003,35.953665
1,129.122947,35.95453
1,129.12312,35.954837
1,129.121738,35.955172
1,129.121277,35.955452
1,129.12106,35.95645
1,129.120296,35.957912
1,129.118001,35.959824
1,129.116645,35.961213
1,129.116135,35.961735
1,129.116841,35.963383
1,129.117341,35.964137
1,129.117256,35.96491
1,129.117405,35.96583
1,129.117976,35.966556
1,129.118336,35.967797
1,129.11836,35.96788
1,129.118738,35.969255
1,129.118489,35.969391
1,129.117589,35.969878
1,129.117208,35.970146
1,129.116856,35.970776
1,129.116533,35.971354
1,129.116877,35.972381
1,129.11763,35.972718
1,129.117828,35.973345
1,129.11787,35.973479
1,129.117986,35.974647
1,129.117727,35.975011
1,129.117389,35.975488
1,129.117378,35.976165
1,129.117466,35.9763
1,129.11796,35.977055
1,129.117954,35.977064
1,129.117367,35.977938
1,129.11727,35.978082
1,129.116954,35.97861
1,129.117484,35.97979
1,129.11751,35.979849
1,129.117488,35.980169
1,129.117458,35.980582
1,129.117443,35.980796
1,129.117409,35.982055
1,129.117221,35.983063
1,129.117059,35.983932
1,129.117086,35.984104
1,129.117193,35.984808
1,129.117204,35.985025
1,129.117208,35.985467
1,129.117182,35.985507
1,129.116991,35.98574
1,129.116776,35.986002
1,129.11561,35.987383
1,129.115153,35.987878
1,129.114697,35.988281
1,129.114637,35.988336
1,129.114316,35.988606
1,129.114296,35.988622
1,129.11424,35.988678
1,129.114233,35.988706
1,129.114229,35.988725
1,129.114226,35.988736
1,129.114183,35.988785
1,129.1141,35.988879
1,129.114057,35.988941
1,129.114023,35.989023
1,129.114019,35.989103
1,129.113763,35.99046
1,129.113699,35.991676
1,129.113671,35.992209
1,129.113657,35.992487
1,129.11394,35.992951
1,129.113947,35.992962
1,129.113938,35.992982
1,129.113617,35.993715
1,129.11322,35.994252
1,129.112245,35.99474
1,129.112035,35.995302
1,129.111313,35.99612
1,129.111262,35.996302
1,129.111022,35.997167
1,129.11113,35.997401
1,129.111182,35.997714
1,129.111607,35.998538
1,129.112216,35.9994
1,129.112762,36.000019
1,129.112944,36.000223
1,129.113364,36.000694
1,129.113222,36.001273
1,129.112541,36.001939
1,129.112078,36.002175
1,129.11179,36.002322
1,129.111816,36.002761
1,129.111883,36.003909
1,129.111118,36.004908
1,129.110931,36.005152
1,129.111142,36.00557
1,129.110984,36.005927
1,129.110933,36.005998
1,129.110993,36.006228
1,129.110995,36.006237
1,129.111004,36.006247
1,129.111227,36.006486
1,129.111531,36.006905
1,129.11163,36.007362
1,129.11182,36.008049
1,129.111946,36.008599
1,129.111919,36.00896
1,129.112097,36.009469
1,129.112339,36.009852
1,129.112636,36.010341
1,129.112889,36.010636
1,129.113203,36.011056
1,129.114133,36.012534
1,129.11421,36.01296
1,129.114773,36.013502
1,129.114962,36.013464
1,129.115357,36.013525
1,129.115817,36.013494
1,129.116634,36.013486
1,129.116732,36.013051
1,129.116691,36.012544
1,129.116692,36.012457
1,129.116711,36.012431
1,129.116969,36.01207
1,129.117298,36.011579
1,129.117601,36.01109
1,129.117947,36.010875
1,129.118161,36.010514
1,129.118376,36.0102
1,129.118571,36.009935
1,129.119557,36.009565
1,129.119725,36.009111
1,129.119904,36.008794
1,129.120417,36.008232
1,129.12073,36.008164
1,129.12142,36.007674
1,129.121654,36.007423
1,129.121992,36.007123
1,129.122532,36.006768
1,129.12284,36.0066
1,129.122917,36.006466
1,129.12331,36.006328
1,129.124259,36.006186
1,129.12455,36.00621
1,129.125417,36.005913
1,129.125617,36.005845
1,129.125941,36.005596
1,129.126186,36.005518
1,129.126627,36.005339
1,129.127099,36.005413
1,129.128156,36.005811
1,129.128248,36.005824
1,129.129196,36.005765
1,129.130115,36.005705
1,129.133185,36.005965
1,129.134059,36.006359
1,129.134504,36.006567
1,129.134581,36.006597
1,129.134907,36.00629
1,129.135001,36.006378
1,129.13592,36.007358
1,129.136515,36.008062
1,129.136875,36.008315
1,129.138947,36.00857
1,129.141891,36.00994
1,129.144033,36.010395
1,129.144174,36.011159
1,129.144426,36.011447
1,129.144971,36.012069
1,129.14475,36.012446
1,129.14457,36.012973
1,129.144186,36.013621
1,129.144135,36.014028
1,129.143949,36.014569
1,129.143915,36.01521
1,129.143704,36.015868
1,129.143685,36.016304
1,129.143552,36.016708
1,129.143324,36.017322
1,129.143264,36.01772
1,129.142985,36.019169
1,129.142967,36.019445
1,129.142338,36.01987
1,129.142336,36.019885
1,129.142229,36.020697
1,129.142228,36.020705
1,129.142218,36.020785
1,129.142226,36.020828
1,129.142296,36.021215
1,129.142323,36.021841
1,129.142323,36.021923
1,129.1424,36.022232
1,129.142035,36.022563
1,129.141828,36.023135
1,129.141586,36.023624
1,129.141362,36.024061
1,129.141193,36.024482
1,129.141192,36.024523
1,129.141183,36.02478
1,129.141033,36.025308
1,129.140359,36.0262
1,129.140286,36.026277
1,129.139969,36.026608
1,129.139843,36.026788
1,129.139669,36.027048
1,129.139357,36.027718
1,129.139456,36.027808
1,129.138707,36.028076
1,129.138563,36.028316
1,129.138012,36.028522
1,129.137927,36.028885
1,129.137807,36.029395
1,129.137568,36.030157
1,129.137646,36.03069
1,129.135662,36.032483
1,129.135324,36.033313
1,129.134901,36.033685
1,129.134614,36.033937
1,129.134246,36.034347
1,129.13414,36.034563
1,129.134833,36.03466
1,129.134972,36.034679
1,129.134968,36.034742
1,129.134931,36.035188
1,129.134824,36.036481
1,129.134823,36.036494
1,129.13484,36.036493
1,129.137226,36.03629
1,129.137595,36.038041
1,129.138772,36.040244
1,129.140261,36.041254
1,129.141915,36.040586
1,129.143405,36.041726
1,129.145435,36.04395
1,129.146298,36.045146
1,129.147199,36.046804
1,129.147454,36.049504
1,129.150448,36.050716
1,129.150908,36.050888
1,129.150927,36.050895
1,129.150856,36.051186
1,129.150526,36.052542
1,129.150883,36.053954
1,129.15108,36.054736
1,129.15111,36.054853
1,129.154696,36.054498
1,129.161434,36.05498
1,129.164701,36.055158
1,129.165237,36.05468
1,129.165588,36.054368
1,129.165799,36.054291
1,129.166974,36.053858
1,129.170037,36.053323
1,129.170114,36.053133
1,129.170574,36.052007
1,129.170253,36.050642
1,129.170437,36.048943
1,129.171979,36.048985
1,129.172132,36.04886
1,129.172345,36.048687
1,129.172535,36.048614
1,129.173999,36.048054
1,129.176343,36.047779
1,129.176394,36.047678
1,129.17697,36.046551
1,129.177283,36.045938
1,129.177258,36.045574
1,129.177225,36.045087
1,129.176822,36.044303
1,129.176511,36.043509
1,129.175691,36.042182
1,129.178171,36.040768
1,129.17825,36.037507
1,129.17836,36.034688
1,129.178386,36.034293
1,129.178156,36.034078
1,129.177063,36.033054
1,129.176455,36.032379
1,129.176291,36.031677
1,129.17645,36.031139
1,129.177281,36.029837
1,129.177935,36.028766
1,129.178418,36.027433
1,129.179879,36.02749
1,129.181238,36.027543
1,129.181308,36.027587
1,129.183285,36.02885
1,129.183947,36.028977
1,129.186238,36.030447
1,129.18844,36.031927
1,129.189087,36.032331
1,129.189609,36.033551
1,129.190776,36.034712
1,129.191958,36.035359
1,129.192911,36.035934
1,129.194081,36.036653
1,129.195143,36.037853
1,129.197501,36.040594
1,129.201138,36.041126
1,129.203859,36.043299
1,129.204014,36.043283
1,129.204877,36.043189
1,129.206312,36.043034
1,129.207939,36.04284
1,129.209038,36.042947
1,129.209742,36.042936
1,129.209985,36.042932
1,129.211284,36.042918
1,129.211286,36.042918
1,129.215263,36.042875
1,129.217854,36.042833
1,129.217974,36.042831
1,129.218026,36.042841
1,129.218466,36.042932
1,129.221065,36.043445
1,129.22374,36.043787
1,129.224927,36.04478
1,129.225021,36.04487
1,129.225734,36.046319
1,129.226501,36.047226
1,129.227365,36.047932
1,129.229031,36.047985
1,129.229622,36.047916
1,129.229799,36.04823
1,129.229936,36.048481
1,129.230075,36.048725
1,129.230968,36.049316
1,129.231775,36.049637
1,129.231812,36.049624
1,129.232976,36.049198
1,129.23409,36.049258
1,129.234319,36.04927
1,129.234699,36.049294
1,129.23519,36.050269
1,129.235466,36.050799
1,129.236176,36.051699
1,129.237209,36.052028
1,129.238262,36.052414
1,129.238682,36.052753
1,129.239032,36.053037
1,129.239019,36.053063
1,129.238837,36.053383
1,129.238837,36.053391
1,129.238837,36.053449
1,129.238837,36.053576
1,129.238839,36.053836
1,129.238843,36.054012
1,129.238846,36.054143
1,129.238846,36.054165
1,129.238846,36.054176
1,129.238846,36.05421
1,129.238846,36.05438
1,129.23886,36.054486
1,129.238935,36.055071
1,129.238957,36.055242
1,129.238979,36.055413
1,129.239043,36.055897
1,129.239114,36.056054
1,129.239186,36.05621
1,129.239217,36.056279
1,129.239247,36.056347
1,129.239467,36.056647
1,129.239665,36.056918
1,129.239854,36.057174
1,129.240006,36.057304
1,129.240251,36.057516
1,129.24069,36.057896
1,129.24078,36.05799
1,129.240962,36.058184
1,129.241145,36.058379
1,129.241232,36.058459
1,129.24132,36.058538
1,129.241432,36.05864
1,129.241897,36.059067
1,129.241932,36.059269
1,129.241943,36.05933
1,129.241956,36.059406
1,129.241965,36.059464
1,129.241975,36.059522
1,129.242022,36.05981
1,129.241987,36.060183
1,129.241734,36.060943
1,129.241695,36.061142
1,129.24166,36.061563
1,129.2417,36.062141
1,129.241734,36.062311
1,129.241735,36.06232
1,129.241738,36.062332
1,129.241757,36.062428
1,129.241772,36.0625
1,129.241805,36.062665
1,129.241942,36.063007
1,129.242106,36.063414
1,129.242253,36.063594
1,129.242648,36.064083
1,129.24303,36.064523
1,129.243681,36.065282
1,129.243871,36.065678
1,129.243871,36.065681
1,129.24387,36.065733
1,129.24387,36.065785
1,129.243794,36.065918
1,129.243782,36.065939
1,129.24377,36.065959
1,129.243686,36.066149
1,129.243649,36.066234
1,129.243637,36.066306
1,129.243626,36.066378
1,129.243614,36.066563
1,129.243603,36.066749
1,129.24365,36.066911
1,129.24368,36.067016
1,129.243694,36.067053
1,129.243718,36.067119
1,129.243737,36.06717
1,129.243788,36.067315
1,129.24387,36.067424
1,129.243946,36.067475
1,129.244046,36.067544
1,129.244198,36.067646
1,129.244206,36.067652
1,129.244283,36.067756
1,129.244318,36.067805
1,129.244384,36.067943
1,129.244453,36.068284
1,129.244451,36.068294
1,129.244422,36.068494
1,129.24441,36.068581
1,129.244409,36.068591
1,129.244374,36.06883
1,129.24434,36.06907
1,129.24427,36.069334
1,129.244156,36.069764
1,129.244356,36.07061
1,129.244481,36.070906
1,129.244558,36.071089
1,129.24466,36.071339
1,129.244685,36.071401
1,129.244698,36.071433
1,129.244772,36.071615
1,129.244846,36.071798
1,129.245261,36.07232
1,129.245355,36.072438
1,129.245573,36.072683
1,129.245585,36.072695
1,129.246183,36.073273
1,129.246452,36.073464
1,129.246789,36.073704
1,129.247016,36.074092
1,129.24709,36.074219
1,129.247101,36.074239
1,129.247115,36.074264
1,129.247153,36.07433
1,129.247224,36.074518
1,129.247311,36.074978
1,129.247316,36.075
1,129.247556,36.075312
1,129.247683,36.075417
1,129.247783,36.07552
1,129.247796,36.075533
1,129.24787,36.075564
1,129.248088,36.075761
1,129.248156,36.075842
1,129.248183,36.075875
1,129.24823,36.075849
1,129.248239,36.075844
1,129.248241,36.075829
1,129.248261,36.075666
1,129.248282,36.075611
1,129.24828,36.075497
1,129.248161,36.075213
1,129.248119,36.075109
1,129.247985,36.074769
1,129.247968,36.074654
1,129.247909,36.074217
1,129.247827,36.073675
1,129.247816,36.073598
1,129.24792,36.073634
1,129.248052,36.07368
1,129.248313,36.073764
1,129.247945,36.073584
1,129.248159,36.07356
1,129.248271,36.073548
1,129.249907,36.073365
1,129.249955,36.073348
1,129.250845,36.073049
1,129.251493,36.073643
1,129.251818,36.074024
1,129.25277,36.074768
1,129.253813,36.075198
1,129.253914,36.075329
1,129.254246,36.07576
1,129.254676,36.075164
1,129.254786,36.075012
1,129.254822,36.075001
1,129.256068,36.074614
1,129.256573,36.074455
1,129.25729,36.074362
1,129.25733,36.074357
1,129.258785,36.074969
1,129.259983,36.074624
1,129.26142,36.074801
1,129.262223,36.074972
1,129.263252,36.075146
1,129.264196,36.076048
1,129.26444,36.076685
1,129.26497,36.076836
1,129.26586,36.076968
1,129.266301,36.077015
1,129.266672,36.076973
1,129.266717,36.076968
1,129.267018,36.076935
1,129.268436,36.0775
1,129.269371,36.07805
1,129.269499,36.078125
1,129.269504,36.078133
1,129.269968,36.0788
1,129.269909,36.079427
1,129.271205,36.079529
1,129.271255,36.079517
1,129.271738,36.079402
1,129.272625,36.079593
1,129.272801,36.079644
1,129.272917,36.079675
1,129.273004,36.079697
1,129.273696,36.079662
1,129.274451,36.079613
