timestamp,유효전력생산량(kWh)
2023-12-01 0:00,328.211
2023-12-01 0:10,332.05
2023-12-01 0:20,336.764
2023-12-01 0:30,332.091
2023-12-01 0:40,331.687
2023-12-01 0:50,335.57
2023-12-01 1:00,337.854
2023-12-01 1:10,340.299
2023-12-01 1:20,331.639
2023-12-01 1:30,345.469
2023-12-01 1:40,346.113
2023-12-01 1:50,340.345
2023-12-01 2:00,343.907
2023-12-01 2:10,344.905
2023-12-01 2:20,346.087
2023-12-01 2:30,348.939
2023-12-01 2:40,347.984
2023-12-01 2:50,349.8
2023-12-01 3:00,340.274
2023-12-01 3:10,340.365
2023-12-01 3:20,345.42
2023-12-01 3:30,341.059
2023-12-01 3:40,338.286
2023-12-01 3:50,341.302
2023-12-01 4:00,341.198
2023-12-01 4:10,342.231
2023-12-01 4:20,336.659
2023-12-01 4:30,341.414
2023-12-01 4:40,339.564
2023-12-01 4:50,340.148
2023-12-01 5:00,333.896
2023-12-01 5:10,334.279
2023-12-01 5:20,338.745
2023-12-01 5:30,338.76
2023-12-01 5:40,339.693
2023-12-01 5:50,331.44
2023-12-01 6:00,335.449
2023-12-01 6:10,338.909
2023-12-01 6:20,339.369
2023-12-01 6:30,340.947
2023-12-01 6:40,333.81
2023-12-01 6:50,347.471
2023-12-01 7:00,344.112
2023-12-01 7:10,340.268
2023-12-01 7:20,337.636
2023-12-01 7:30,338.992
2023-12-01 7:40,328.079
2023-12-01 7:50,318.353
2023-12-01 8:00,320.733
2023-12-01 8:10,327.045
2023-12-01 8:20,331.373
2023-12-01 8:30,327.56
2023-12-01 8:40,325.046
2023-12-01 8:50,313.977
2023-12-01 9:00,319.54
2023-12-01 9:10,327.34
2023-12-01 9:20,326.122
2023-12-01 9:30,311.705
2023-12-01 9:40,311.667
2023-12-01 9:50,301.883
2023-12-01 10:00,333.613
2023-12-01 10:10,318.929
2023-12-01 10:20,318.005
2023-12-01 10:30,290.463
2023-12-01 10:40,309.952
2023-12-01 10:50,324.401
2023-12-01 11:00,328.928
2023-12-01 11:10,327.08
2023-12-01 11:20,342.069
2023-12-01 11:30,343.626
2023-12-01 11:40,343.305
2023-12-01 11:50,343.446
2023-12-01 12:00,337.986
2023-12-01 12:10,329.008
2023-12-01 12:20,330.049
2023-12-01 12:30,327.86
2023-12-01 12:40,325.201
2023-12-01 12:50,308.471
2023-12-01 13:00,336.656
2023-12-01 13:10,338.898
2023-12-01 13:20,335.845
2023-12-01 13:30,332.352
2023-12-01 13:40,299.604
2023-12-01 13:50,316.259
2023-12-01 14:00,320.757
2023-12-01 14:10,344.564
2023-12-01 14:20,340.834
2023-12-01 14:30,331.859
2023-12-01 14:40,341.539
2023-12-01 14:50,346.883
2023-12-01 15:00,346.705
2023-12-01 15:10,346.588
2023-12-01 15:20,343.903
2023-12-01 15:30,334.089
2023-12-01 15:40,319.318
2023-12-01 15:50,328.971
2023-12-01 16:00,323.872
2023-12-01 16:10,309.869
2023-12-01 16:20,309.951
2023-12-01 16:30,320.339
2023-12-01 16:40,301.779
2023-12-01 16:50,185.333
2023-12-01 17:00,244.701
2023-12-01 17:10,222.256
2023-12-01 17:20,247.143
2023-12-01 17:30,292.461
2023-12-01 17:40,301.958
2023-12-01 17:50,330.161
2023-12-01 18:00,328.591
2023-12-01 18:10,331.564
2023-12-01 18:20,329.88
2023-12-01 18:30,341.375
2023-12-01 18:40,340.984
2023-12-01 18:50,339.742
2023-12-01 19:00,329.951
2023-12-01 19:10,330.797
2023-12-01 19:20,339.098
2023-12-01 19:30,341.182
2023-12-01 19:40,336.599
2023-12-01 19:50,315.756
2023-12-01 20:00,297.832
2023-12-01 20:10,314.829
2023-12-01 20:20,319.624
2023-12-01 20:30,303.925
2023-12-01 20:40,304.264
2023-12-01 20:50,308.623
2023-12-01 21:00,303.228
2023-12-01 21:10,319.832
2023-12-01 21:20,341.495
2023-12-01 21:30,338.472
2023-12-01 21:40,335.655
2023-12-01 21:50,335.126
2023-12-01 22:00,337.064
2023-12-01 22:10,337.745
2023-12-01 22:20,334.24
2023-12-01 22:30,318.703
2023-12-01 22:40,302.266
2023-12-01 22:50,317.229
2023-12-01 23:00,317.689
2023-12-01 23:10,305.568
2023-12-01 23:20,313.452
2023-12-01 23:30,306.469
2023-12-01 23:40,314.582
2023-12-01 23:50,315.522
2023-12-02 0:00,308.48
2023-12-02 0:10,320.497
2023-12-02 0:20,320.065
2023-12-02 0:30,307.547
2023-12-02 0:40,316.365
2023-12-02 0:50,325.276
2023-12-02 1:00,327.71
2023-12-02 1:10,326.659
2023-12-02 1:20,311.089
2023-12-02 1:30,325.548
2023-12-02 1:40,325.957
2023-12-02 1:50,317.463
2023-12-02 2:00,324.514
2023-12-02 2:10,326.461
2023-12-02 2:20,326.345
2023-12-02 2:30,334.674
2023-12-02 2:40,334.9
2023-12-02 2:50,338.204
2023-12-02 3:00,342.42
2023-12-02 3:10,341.877
2023-12-02 3:20,338.814
2023-12-02 3:30,333.331
2023-12-02 3:40,336.664
2023-12-02 3:50,333.288
2023-12-02 4:00,333.407
2023-12-02 4:10,337.092
2023-12-02 4:20,337.238
2023-12-02 4:30,338.435
2023-12-02 4:40,328.325
2023-12-02 4:50,331.351
2023-12-02 5:00,337.911
2023-12-02 5:10,338.263
2023-12-02 5:20,339.191
2023-12-02 5:30,336.962
2023-12-02 5:40,336.996
2023-12-02 5:50,333.12
2023-12-02 6:00,335.465
2023-12-02 6:10,334.251
2023-12-02 6:20,337.121
2023-12-02 6:30,332.066
2023-12-02 6:40,334.631
2023-12-02 6:50,330.861
2023-12-02 7:00,332.827
2023-12-02 7:10,341.101
2023-12-02 7:20,342.504
2023-12-02 7:30,333.186
2023-12-02 7:40,320.985
2023-12-02 7:50,308.689
2023-12-02 8:00,314.672
2023-12-02 8:10,316.836
2023-12-02 8:20,309.289
2023-12-02 8:30,304.681
2023-12-02 8:40,303.026
2023-12-02 8:50,293.028
2023-12-02 9:00,290.928
2023-12-02 9:10,245.569
2023-12-02 9:20,267.287
2023-12-02 9:30,267.517
2023-12-02 9:40,308.197
2023-12-02 9:50,291.363
2023-12-02 10:00,291.905
2023-12-02 10:10,309.168
2023-12-02 10:20,305.168
2023-12-02 10:30,311.35
2023-12-02 10:40,297.725
2023-12-02 10:50,282.208
2023-12-02 11:00,248.569
2023-12-02 11:10,297.215
2023-12-02 11:20,250.144
2023-12-02 11:30,273.539
2023-12-02 11:40,173.943
2023-12-02 11:50,197.003
2023-12-02 12:00,220.777
2023-12-02 12:10,185.197
2023-12-02 12:20,210.25
2023-12-02 12:30,166.752
2023-12-02 12:40,224.269
2023-12-02 12:50,206.023
2023-12-02 13:00,155.768
2023-12-02 13:10,171.48
2023-12-02 13:20,168.343
2023-12-02 13:30,101.818
2023-12-02 13:40,39.834
2023-12-02 13:50,26.468
2023-12-02 14:00,40.889
2023-12-02 14:10,22.068
2023-12-02 14:20,21.969
2023-12-02 14:30,43.996
2023-12-02 14:40,50.423
2023-12-02 14:50,30.368
2023-12-02 15:00,28.955
2023-12-02 15:10,14.931
2023-12-02 15:20,17.735
2023-12-02 15:30,10.781
2023-12-02 15:40,9.336
2023-12-02 15:50,5.889
2023-12-02 16:00,5.698
2023-12-02 16:10,6.25
2023-12-02 16:20,8.09
2023-12-02 16:30,7.164
2023-12-02 16:40,7.524
2023-12-02 16:50,12.526
2023-12-02 17:00,10.483
2023-12-02 17:10,4.252
2023-12-02 17:20,14.602
2023-12-02 17:30,28.44
2023-12-02 17:40,66.374
2023-12-02 17:50,120.104
2023-12-02 18:00,113.719
2023-12-02 18:10,128.677
2023-12-02 18:20,109.962
2023-12-02 18:30,177.812
2023-12-02 18:40,171.097
2023-12-02 18:50,204.269
2023-12-02 19:00,201.315
2023-12-02 19:10,114.351
2023-12-02 19:20,103.689
2023-12-02 19:30,87.959
2023-12-02 19:40,128.378
2023-12-02 19:50,108.757
2023-12-02 20:00,83.821
2023-12-02 20:10,61.938
2023-12-02 20:20,53.247
2023-12-02 20:30,48.091
2023-12-02 20:40,68.418
2023-12-02 20:50,102.801
2023-12-02 21:00,47.765
2023-12-02 21:10,51.174
2023-12-02 21:20,44.58
2023-12-02 21:30,50.988
2023-12-02 21:40,23.314
2023-12-02 21:50,31.656
2023-12-02 22:00,33.441
2023-12-02 22:10,61.38
2023-12-02 22:20,41.903
2023-12-02 22:30,123.747
2023-12-02 22:40,90.726
2023-12-02 22:50,37.41
2023-12-02 23:00,37.925
2023-12-02 23:10,54.1
2023-12-02 23:20,51.255
2023-12-02 23:30,83.473
2023-12-02 23:40,173.203
2023-12-02 23:50,158.494
2023-12-03 0:00,135.78
2023-12-03 0:10,136.651
2023-12-03 0:20,187.843
2023-12-03 0:30,243.888
2023-12-03 0:40,254.136
2023-12-03 0:50,283.568
2023-12-03 1:00,299.278
2023-12-03 1:10,288.02
2023-12-03 1:20,313.184
2023-12-03 1:30,325.915
2023-12-03 1:40,333.037
2023-12-03 1:50,329.529
2023-12-03 2:00,334.806
2023-12-03 2:10,318.909
2023-12-03 2:20,329.41
2023-12-03 2:30,331.826
2023-12-03 2:40,339.237
2023-12-03 2:50,341.318
2023-12-03 3:00,340.922
2023-12-03 3:10,336.614
2023-12-03 3:20,329.719
2023-12-03 3:30,329.633
2023-12-03 3:40,335.955
2023-12-03 3:50,322.31
2023-12-03 4:00,317.7
2023-12-03 4:10,287.66
2023-12-03 4:20,312.911
2023-12-03 4:30,317.167
2023-12-03 4:40,310.208
2023-12-03 4:50,304.911
2023-12-03 5:00,307.695
2023-12-03 5:10,320.845
2023-12-03 5:20,306.147
2023-12-03 5:30,315.752
2023-12-03 5:40,270.888
2023-12-03 5:50,252.693
2023-12-03 6:00,241.177
2023-12-03 6:10,221.346
2023-12-03 6:20,248.427
2023-12-03 6:30,248.731
2023-12-03 6:40,289.343
2023-12-03 6:50,282.332
2023-12-03 7:00,260.061
2023-12-03 7:10,259.091
2023-12-03 7:20,256.983
2023-12-03 7:30,280.684
2023-12-03 7:40,270.886
2023-12-03 7:50,272.108
2023-12-03 8:00,224.723
2023-12-03 8:10,245.579
2023-12-03 8:20,245.959
2023-12-03 8:30,193.341
2023-12-03 8:40,283.966
2023-12-03 8:50,304.973
2023-12-03 9:00,302.813
2023-12-03 9:10,305.485
2023-12-03 9:20,196.38
2023-12-03 9:30,113.769
2023-12-03 9:40,108.552
2023-12-03 9:50,54.014
2023-12-03 10:00,87.556
2023-12-03 10:10,78.209
2023-12-03 10:20,63.703
2023-12-03 10:30,76.145
2023-12-03 10:40,81.324
2023-12-03 10:50,2.705
2023-12-03 11:00,14.685
2023-12-03 11:10,17.404
2023-12-03 11:20,22.421
2023-12-03 11:30,56.281
2023-12-03 11:40,53.934
2023-12-03 11:50,64.989
2023-12-03 12:00,48.812
2023-12-03 12:10,14.275
2023-12-03 12:20,3.263
2023-12-03 12:30,9.807
2023-12-03 12:40,19.754
2023-12-03 12:50,7.128
2023-12-03 13:00,0.0
2023-12-03 13:10,1.381
2023-12-03 13:20,11.381
2023-12-03 13:30,1.264
2023-12-03 13:40,0.0
2023-12-03 13:50,0.912
2023-12-03 14:00,0.546
2023-12-03 14:10,2.031
2023-12-03 14:20,8.005
2023-12-03 14:30,9.185
2023-12-03 14:40,0.0
2023-12-03 14:50,0.001
2023-12-03 15:00,0.738
2023-12-03 15:10,7.026
2023-12-03 15:20,0.001
2023-12-03 15:30,1.108
2023-12-03 15:40,0.069
2023-12-03 15:50,0.0
2023-12-03 16:00,2.135
2023-12-03 16:10,5.013
2023-12-03 16:20,12.133
2023-12-03 16:30,3.061
2023-12-03 16:40,3.234
2023-12-03 16:50,0.001
2023-12-03 17:00,0.001
2023-12-03 17:10,0.001
2023-12-03 17:20,0.001
2023-12-03 17:30,3.992
2023-12-03 17:40,0.0
2023-12-03 17:50,0.001
2023-12-03 18:00,0.001
2023-12-03 18:10,0.001
2023-12-03 18:20,0.0
2023-12-03 18:30,7.897
2023-12-03 18:40,15.553
2023-12-03 18:50,16.179
2023-12-03 19:00,22.054
2023-12-03 19:10,23.769
2023-12-03 19:20,25.267
2023-12-03 19:30,16.751
2023-12-03 19:40,34.209
2023-12-03 19:50,45.563
2023-12-03 20:00,56.116
2023-12-03 20:10,44.31
2023-12-03 20:20,70.718
2023-12-03 20:30,69.28
2023-12-03 20:40,54.229
2023-12-03 20:50,51.762
2023-12-03 21:00,39.263
2023-12-03 21:10,35.019
2023-12-03 21:20,37.465
2023-12-03 21:30,42.351
2023-12-03 21:40,43.2
2023-12-03 21:50,41.75
2023-12-03 22:00,32.759
2023-12-03 22:10,44.019
2023-12-03 22:20,54.055
2023-12-03 22:30,74.156
2023-12-03 22:40,82.203
2023-12-03 22:50,64.608
2023-12-03 23:00,92.547
2023-12-03 23:10,80.909
2023-12-03 23:20,103.094
2023-12-03 23:30,109.445
2023-12-03 23:40,92.888
2023-12-03 23:50,104.478
2023-12-04 0:00,100.914
2023-12-04 0:10,92.172
2023-12-04 0:20,89.937
2023-12-04 0:30,140.892
2023-12-04 0:40,171.503
2023-12-04 0:50,223.429
2023-12-04 1:00,233.493
2023-12-04 1:10,244.675
2023-12-04 1:20,215.21
2023-12-04 1:30,220.645
2023-12-04 1:40,215.159
2023-12-04 1:50,234.575
2023-12-04 2:00,234.55
2023-12-04 2:10,235.905
2023-12-04 2:20,222.055
2023-12-04 2:30,232.013
2023-12-04 2:40,214.177
2023-12-04 2:50,209.737
2023-12-04 3:00,202.034
2023-12-04 3:10,220.07
2023-12-04 3:20,225.582
2023-12-04 3:30,203.96
2023-12-04 3:40,204.712
2023-12-04 3:50,217.114
2023-12-04 4:00,225.962
2023-12-04 4:10,225.965
2023-12-04 4:20,238.145
2023-12-04 4:30,258.934
2023-12-04 4:40,281.452
2023-12-04 4:50,280.403
2023-12-04 5:00,280.129
2023-12-04 5:10,262.808
2023-12-04 5:20,280.141
2023-12-04 5:30,275.825
2023-12-04 5:40,285.252
2023-12-04 5:50,288.041
2023-12-04 6:00,295.712
2023-12-04 6:10,287.681
2023-12-04 6:20,282.574
2023-12-04 6:30,286.614
2023-12-04 6:40,274.728
2023-12-04 6:50,274.872
2023-12-04 7:00,249.363
2023-12-04 7:10,249.208
2023-12-04 7:20,211.184
2023-12-04 7:30,151.563
2023-12-04 7:40,129.141
2023-12-04 7:50,139.929
2023-12-04 8:00,159.265
2023-12-04 8:10,137.294
2023-12-04 8:20,138.016
2023-12-04 8:30,116.924
2023-12-04 8:40,92.318
2023-12-04 8:50,74.58
2023-12-04 9:00,45.214
2023-12-04 9:10,72.142
2023-12-04 9:20,74.007
2023-12-04 9:30,50.597
2023-12-04 9:40,37.972
2023-12-04 9:50,52.336
2023-12-04 10:00,51.132
2023-12-04 10:10,33.259
2023-12-04 10:20,34.775
2023-12-04 10:30,24.443
2023-12-04 10:40,22.846
2023-12-04 10:50,16.168
2023-12-04 11:00,9.74
2023-12-04 11:10,6.247
2023-12-04 11:20,11.276
2023-12-04 11:30,20.922
2023-12-04 11:40,17.435
2023-12-04 11:50,6.104
2023-12-04 12:00,3.487
2023-12-04 12:10,3.006
2023-12-04 12:20,3.07
2023-12-04 12:30,14.275
2023-12-04 12:40,16.931
2023-12-04 12:50,12.57
2023-12-04 13:00,12.141
2023-12-04 13:10,9.101
2023-12-04 13:20,4.929
2023-12-04 13:30,8.671
2023-12-04 13:40,13.223
2023-12-04 13:50,12.109
2023-12-04 14:00,4.447
2023-12-04 14:10,3.492
2023-12-04 14:20,1.944
2023-12-04 14:30,7.414
2023-12-04 14:40,0.001
2023-12-04 14:50,0.0
2023-12-04 15:00,0.001
2023-12-04 15:10,0.001
2023-12-04 15:20,0.001
2023-12-04 15:30,0.001
2023-12-04 15:40,0.001
2023-12-04 15:50,0.46
2023-12-04 16:00,0.001
2023-12-04 16:10,0.001
2023-12-04 16:20,6.599
2023-12-04 16:30,0.001
2023-12-04 16:40,1.334
2023-12-04 16:50,0.001
2023-12-04 17:00,0.001
2023-12-04 17:10,0.001
2023-12-04 17:20,0.001
2023-12-04 17:30,0.001
2023-12-04 17:40,0.7
2023-12-04 17:50,11.319
2023-12-04 18:00,17.678
2023-12-04 18:10,15.502
2023-12-04 18:20,26.988
2023-12-04 18:30,32.326
2023-12-04 18:40,69.359
2023-12-04 18:50,78.114
2023-12-04 19:00,63.425
2023-12-04 19:10,70.121
2023-12-04 19:20,112.799
2023-12-04 19:30,126.38
2023-12-04 19:40,161.144
2023-12-04 19:50,166.982
2023-12-04 20:00,192.122
2023-12-04 20:10,145.808
2023-12-04 20:20,122.164
2023-12-04 20:30,91.517
2023-12-04 20:40,76.862
2023-12-04 20:50,93.373
2023-12-04 21:00,91.283
2023-12-04 21:10,87.279
2023-12-04 21:20,88.219
2023-12-04 21:30,94.967
2023-12-04 21:40,84.894
2023-12-04 21:50,84.709
2023-12-04 22:00,91.744
2023-12-04 22:10,81.034
2023-12-04 22:20,75.46
2023-12-04 22:30,78.027
2023-12-04 22:40,58.986
2023-12-04 22:50,47.393
2023-12-04 23:00,52.332
2023-12-04 23:10,39.448
2023-12-04 23:20,57.254
2023-12-04 23:30,97.167
2023-12-04 23:40,75.53
2023-12-04 23:50,40.446
2023-12-05 0:00,55.65
2023-12-05 0:10,47.179
2023-12-05 0:20,83.398
2023-12-05 0:30,94.964
2023-12-05 0:40,77.192
2023-12-05 0:50,70.439
2023-12-05 1:00,72.676
2023-12-05 1:10,84.163
2023-12-05 1:20,102.587
2023-12-05 1:30,101.279
2023-12-05 1:40,145.848
2023-12-05 1:50,135.003
2023-12-05 2:00,133.24
2023-12-05 2:10,152.155
2023-12-05 2:20,147.25
2023-12-05 2:30,122.889
2023-12-05 2:40,98.791
2023-12-05 2:50,55.565
2023-12-05 3:00,58.838
2023-12-05 3:10,95.696
2023-12-05 3:20,116.716
2023-12-05 3:30,101.363
2023-12-05 3:40,87.813
2023-12-05 3:50,104.168
2023-12-05 4:00,93.342
2023-12-05 4:10,91.245
2023-12-05 4:20,55.01
2023-12-05 4:30,65.035
2023-12-05 4:40,29.698
2023-12-05 4:50,23.346
2023-12-05 5:00,11.186
2023-12-05 5:10,8.551
2023-12-05 5:20,0.001
2023-12-05 5:30,0.001
2023-12-05 5:40,0.001
2023-12-05 5:50,0.001
2023-12-05 6:00,0.001
2023-12-05 6:10,2.303
2023-12-05 6:20,9.074
2023-12-05 6:30,10.754
2023-12-05 6:40,0.0
2023-12-05 6:50,0.001
2023-12-05 7:00,0.001
2023-12-05 7:10,0.001
2023-12-05 7:20,0.001
2023-12-05 7:30,0.001
2023-12-05 7:40,0.001
2023-12-05 7:50,0.001
2023-12-05 8:00,0.001
2023-12-05 8:10,0.001
2023-12-05 8:20,0.001
2023-12-05 8:30,0.001
2023-12-05 8:40,0.001
2023-12-05 8:50,0.132
2023-12-05 9:00,0.001
2023-12-05 9:10,0.001
2023-12-05 9:20,0.001
2023-12-05 9:30,0.001
2023-12-05 9:40,0.001
2023-12-05 9:50,0.001
2023-12-05 10:00,0.001
2023-12-05 10:10,0.001
2023-12-05 10:20,0.001
2023-12-05 10:30,0.001
2023-12-05 10:40,0.001
2023-12-05 10:50,0.001
2023-12-05 11:00,0.001
2023-12-05 11:10,0.001
2023-12-05 11:20,0.001
2023-12-05 11:30,0.001
2023-12-05 11:40,0.001
2023-12-05 11:50,0.001
2023-12-05 12:00,0.001
2023-12-05 12:10,0.001
2023-12-05 12:20,0.001
2023-12-05 12:30,0.001
2023-12-05 12:40,0.001
2023-12-05 12:50,0.001
2023-12-05 13:00,0.001
2023-12-05 13:10,0.001
2023-12-05 13:20,0.001
2023-12-05 13:30,0.001
2023-12-05 13:40,0.001
2023-12-05 13:50,0.001
2023-12-05 14:00,0.001
2023-12-05 14:10,0.001
2023-12-05 14:20,0.001
2023-12-05 14:30,0.006
2023-12-05 14:40,0.001
2023-12-05 14:50,0.0
2023-12-05 15:00,0.001
2023-12-05 15:10,0.001
2023-12-05 15:20,0.001
2023-12-05 15:30,0.001
2023-12-05 15:40,0.001
2023-12-05 15:50,0.001
2023-12-05 16:00,0.001
2023-12-05 16:10,0.0
2023-12-05 16:20,0.0
2023-12-05 16:30,0.0
2023-12-05 16:40,0.0
2023-12-05 16:50,0.0
2023-12-05 17:00,0.0
2023-12-05 17:10,0.001
2023-12-05 17:20,0.0
2023-12-05 17:30,0.001
2023-12-05 17:40,0.607
2023-12-05 17:50,0.001
2023-12-05 18:00,0.001
2023-12-05 18:10,0.001
2023-12-05 18:20,0.001
2023-12-05 18:30,0.001
2023-12-05 18:40,0.001
2023-12-05 18:50,0.001
2023-12-05 19:00,0.001
2023-12-05 19:10,0.001
2023-12-05 19:20,0.001
2023-12-05 19:30,0.001
2023-12-05 19:40,0.001
2023-12-05 19:50,0.001
2023-12-05 20:00,0.001
2023-12-05 20:10,0.044
2023-12-05 20:20,0.001
2023-12-05 20:30,0.001
2023-12-05 20:40,0.001
2023-12-05 20:50,0.001
2023-12-05 21:00,0.001
2023-12-05 21:10,2.69
2023-12-05 21:20,4.503
2023-12-05 21:30,0.001
2023-12-05 21:40,0.001
2023-12-05 21:50,5.188
2023-12-05 22:00,13.596
2023-12-05 22:10,14.531
2023-12-05 22:20,7.765
2023-12-05 22:30,12.216
2023-12-05 22:40,8.671
2023-12-05 22:50,8.893
2023-12-05 23:00,3.891
2023-12-05 23:10,0.0
2023-12-05 23:20,12.318
2023-12-05 23:30,17.646
2023-12-05 23:40,21.233
2023-12-05 23:50,13.442
2023-12-06 0:00,16.181
2023-12-06 0:10,25.843
2023-12-06 0:20,37.978
2023-12-06 0:30,70.662
2023-12-06 0:40,84.367
2023-12-06 0:50,71.972
2023-12-06 1:00,82.908
2023-12-06 1:10,39.16
2023-12-06 1:20,57.657
2023-12-06 1:30,44.503
2023-12-06 1:40,47.44
2023-12-06 1:50,47.255
2023-12-06 2:00,41.723
2023-12-06 2:10,45.077
2023-12-06 2:20,55.045
2023-12-06 2:30,55.209
2023-12-06 2:40,78.363
2023-12-06 2:50,74.003
2023-12-06 3:00,53.144
2023-12-06 3:10,62.191
2023-12-06 3:20,82.12
2023-12-06 3:30,117.369
2023-12-06 3:40,157.863
2023-12-06 3:50,140.224
2023-12-06 4:00,106.68
2023-12-06 4:10,130.656
2023-12-06 4:20,153.207
2023-12-06 4:30,141.95
2023-12-06 4:40,176.563
2023-12-06 4:50,208.648
2023-12-06 5:00,183.598
2023-12-06 5:10,180.84
2023-12-06 5:20,215.879
2023-12-06 5:30,253.68
2023-12-06 5:40,240.298
2023-12-06 5:50,220.245
2023-12-06 6:00,219.371
2023-12-06 6:10,214.078
2023-12-06 6:20,203.06
2023-12-06 6:30,141.91
2023-12-06 6:40,111.281
2023-12-06 6:50,122.152
2023-12-06 7:00,182.036
2023-12-06 7:10,158.103
2023-12-06 7:20,93.52
2023-12-06 7:30,36.023
2023-12-06 7:40,27.052
2023-12-06 7:50,26.089
2023-12-06 8:00,22.918
2023-12-06 8:10,16.766
2023-12-06 8:20,17.714
2023-12-06 8:30,26.535
2023-12-06 8:40,21.934
2023-12-06 8:50,23.159
2023-12-06 9:00,28.917
2023-12-06 9:10,24.139
2023-12-06 9:20,21.402
2023-12-06 9:30,21.737
2023-12-06 9:40,14.07
2023-12-06 9:50,15.539
2023-12-06 10:00,15.664
2023-12-06 10:10,15.17
2023-12-06 10:20,16.822
2023-12-06 10:30,8.914
2023-12-06 10:40,8.152
2023-12-06 10:50,9.341
2023-12-06 11:00,5.862
2023-12-06 11:10,13.713
2023-12-06 11:20,13.392
2023-12-06 11:30,2.662
2023-12-06 11:40,0.001
2023-12-06 11:50,0.0
2023-12-06 12:00,1.168
2023-12-06 12:10,0.122
2023-12-06 12:20,0.001
2023-12-06 12:30,14.025
2023-12-06 12:40,8.575
2023-12-06 12:50,10.515
2023-12-06 13:00,9.944
2023-12-06 13:10,4.359
2023-12-06 13:20,11.39
2023-12-06 13:30,17.466
2023-12-06 13:40,38.823
2023-12-06 13:50,53.334
2023-12-06 14:00,52.469
2023-12-06 14:10,17.329
2023-12-06 14:20,22.189
2023-12-06 14:30,47.167
2023-12-06 14:40,83.9
2023-12-06 14:50,75.381
2023-12-06 15:00,61.009
2023-12-06 15:10,64.881
2023-12-06 15:20,93.705
2023-12-06 15:30,45.785
2023-12-06 15:40,34.83
2023-12-06 15:50,50.283
2023-12-06 16:00,96.297
2023-12-06 16:10,64.339
2023-12-06 16:20,49.209
2023-12-06 16:30,150.456
2023-12-06 16:40,175.557
2023-12-06 16:50,249.342
2023-12-06 17:00,170.477
2023-12-06 17:10,104.062
2023-12-06 17:20,92.542
2023-12-06 17:30,142.441
2023-12-06 17:40,168.581
2023-12-06 17:50,229.065
2023-12-06 18:00,167.973
2023-12-06 18:10,243.664
2023-12-06 18:20,117.242
2023-12-06 18:30,132.252
2023-12-06 18:40,124.118
2023-12-06 18:50,90.87
2023-12-06 19:00,99.259
2023-12-06 19:10,64.876
2023-12-06 19:20,54.807
2023-12-06 19:30,65.228
2023-12-06 19:40,58.074
2023-12-06 19:50,56.012
2023-12-06 20:00,87.758
2023-12-06 20:10,56.955
2023-12-06 20:20,86.245
2023-12-06 20:30,171.642
2023-12-06 20:40,131.225
2023-12-06 20:50,9.654
2023-12-06 21:00,12.327
2023-12-06 21:10,54.611
2023-12-06 21:20,165.857
2023-12-06 21:30,219.229
2023-12-06 21:40,177.352
2023-12-06 21:50,212.636
2023-12-06 22:00,315.936
2023-12-06 22:10,314.697
2023-12-06 22:20,333.222
2023-12-06 22:30,332.408
2023-12-06 22:40,289.502
2023-12-06 22:50,322.571
2023-12-06 23:00,328.07
2023-12-06 23:10,329.625
2023-12-06 23:20,330.532
2023-12-06 23:30,329.804
2023-12-06 23:40,328.295
2023-12-06 23:50,335.036
2023-12-07 0:00,319.842
2023-12-07 0:10,255.706
2023-12-07 0:20,265.061
2023-12-07 0:30,282.228
2023-12-07 0:40,291.496
2023-12-07 0:50,307.234
2023-12-07 1:00,290.969
2023-12-07 1:10,319.114
2023-12-07 1:20,309.763
2023-12-07 1:30,322.544
2023-12-07 1:40,330.672
2023-12-07 1:50,308.779
2023-12-07 2:00,307.188
2023-12-07 2:10,318.036
2023-12-07 2:20,323.382
2023-12-07 2:30,329.213
2023-12-07 2:40,330.79
2023-12-07 2:50,334.679
2023-12-07 3:00,334.674
2023-12-07 3:10,337.977
2023-12-07 3:20,340.005
2023-12-07 3:30,339.78
2023-12-07 3:40,340.869
2023-12-07 3:50,340.088
2023-12-07 4:00,341.208
2023-12-07 4:10,338.371
2023-12-07 4:20,322.78
2023-12-07 4:30,331.944
2023-12-07 4:40,335.313
2023-12-07 4:50,324.326
2023-12-07 5:00,310.355
2023-12-07 5:10,325.964
2023-12-07 5:20,329.862
2023-12-07 5:30,329.379
2023-12-07 5:40,317.794
2023-12-07 5:50,303.327
2023-12-07 6:00,322.701
2023-12-07 6:10,320.146
2023-12-07 6:20,314.894
2023-12-07 6:30,327.899
2023-12-07 6:40,332.474
2023-12-07 6:50,303.472
2023-12-07 7:00,323.628
2023-12-07 7:10,332.278
2023-12-07 7:20,307.939
2023-12-07 7:30,299.103
2023-12-07 7:40,209.96
2023-12-07 7:50,157.058
2023-12-07 8:00,219.378
2023-12-07 8:10,253.669
2023-12-07 8:20,282.306
2023-12-07 8:30,285.032
2023-12-07 8:40,254.438
2023-12-07 8:50,214.875
2023-12-07 9:00,191.54
2023-12-07 9:10,175.026
2023-12-07 9:20,95.066
2023-12-07 9:30,87.158
2023-12-07 9:40,71.494
2023-12-07 9:50,31.567
2023-12-07 10:00,5.883
2023-12-07 10:10,15.173
2023-12-07 10:20,9.087
2023-12-07 10:30,2.778
2023-12-07 10:40,0.0
2023-12-07 10:50,0.388
2023-12-07 11:00,9.451
2023-12-07 11:10,28.348
2023-12-07 11:20,60.922
2023-12-07 11:30,55.655
2023-12-07 11:40,73.464
2023-12-07 11:50,107.095
2023-12-07 12:00,189.984
2023-12-07 12:10,297.831
2023-12-07 12:20,305.295
2023-12-07 12:30,246.42
2023-12-07 12:40,182.065
2023-12-07 12:50,119.577
2023-12-07 13:00,121.051
2023-12-07 13:10,60.205
2023-12-07 13:20,168.117
2023-12-07 13:30,225.878
2023-12-07 13:40,177.216
2023-12-07 13:50,169.145
2023-12-07 14:00,147.367
2023-12-07 14:10,107.511
2023-12-07 14:20,64.239
2023-12-07 14:30,48.172
2023-12-07 14:40,93.846
2023-12-07 14:50,90.226
2023-12-07 15:00,110.282
2023-12-07 15:10,92.774
2023-12-07 15:20,116.283
2023-12-07 15:30,91.975
2023-12-07 15:40,149.194
2023-12-07 15:50,152.689
2023-12-07 16:00,89.569
2023-12-07 16:10,18.379
2023-12-07 16:20,18.968
2023-12-07 16:30,29.264
2023-12-07 16:40,69.378
2023-12-07 16:50,37.232
2023-12-07 17:00,51.321
2023-12-07 17:10,37.85
2023-12-07 17:20,51.194
2023-12-07 17:30,101.546
2023-12-07 17:40,95.036
2023-12-07 17:50,125.155
2023-12-07 18:00,122.356
2023-12-07 18:10,121.855
2023-12-07 18:20,157.861
2023-12-07 18:30,158.62
2023-12-07 18:40,118.433
2023-12-07 18:50,155.221
2023-12-07 19:00,138.712
2023-12-07 19:10,163.088
2023-12-07 19:20,151.937
2023-12-07 19:30,136.855
2023-12-07 19:40,95.463
2023-12-07 19:50,85.966
2023-12-07 20:00,92.404
2023-12-07 20:10,85.189
2023-12-07 20:20,29.704
2023-12-07 20:30,45.407
2023-12-07 20:40,133.425
2023-12-07 20:50,280.828
2023-12-07 21:00,328.314
2023-12-07 21:10,322.167
2023-12-07 21:20,251.952
2023-12-07 21:30,166.68
2023-12-07 21:40,120.383
2023-12-07 21:50,91.449
2023-12-07 22:00,60.304
2023-12-07 22:10,40.696
2023-12-07 22:20,69.403
2023-12-07 22:30,107.833
2023-12-07 22:40,143.678
2023-12-07 22:50,145.717
2023-12-07 23:00,118.803
2023-12-07 23:10,29.573
2023-12-07 23:20,34.558
2023-12-07 23:30,31.024
2023-12-07 23:40,53.149
2023-12-07 23:50,47.93
2023-12-08 0:00,32.567
2023-12-08 0:10,106.542
2023-12-08 0:20,69.723
2023-12-08 0:30,90.2
2023-12-08 0:40,181.271
2023-12-08 0:50,174.7
2023-12-08 1:00,39.965
2023-12-08 1:10,90.069
2023-12-08 1:20,177.353
2023-12-08 1:30,42.497
2023-12-08 1:40,39.812
2023-12-08 1:50,88.257
2023-12-08 2:00,234.864
2023-12-08 2:10,237.975
2023-12-08 2:20,253.607
2023-12-08 2:30,272.813
2023-12-08 2:40,262.164
2023-12-08 2:50,282.315
2023-12-08 3:00,281.029
2023-12-08 3:10,270.0
2023-12-08 3:20,304.656
2023-12-08 3:30,345.469
2023-12-08 3:40,336.078
2023-12-08 3:50,302.476
2023-12-08 4:00,267.001
2023-12-08 4:10,243.044
2023-12-08 4:20,241.208
2023-12-08 4:30,172.589
2023-12-08 4:40,75.78
2023-12-08 4:50,101.248
2023-12-08 5:00,221.592
2023-12-08 5:10,178.582
2023-12-08 5:20,195.57
2023-12-08 5:30,226.223
2023-12-08 5:40,233.906
2023-12-08 5:50,235.002
2023-12-08 6:00,243.904
2023-12-08 6:10,198.707
2023-12-08 6:20,245.761
2023-12-08 6:30,155.005
2023-12-08 6:40,105.532
2023-12-08 6:50,146.49
2023-12-08 7:00,148.86
2023-12-08 7:10,156.983
2023-12-08 7:20,131.59
2023-12-08 7:30,100.362
2023-12-08 7:40,117.512
2023-12-08 7:50,139.514
2023-12-08 8:00,176.187
2023-12-08 8:10,171.439
2023-12-08 8:20,141.27
2023-12-08 8:30,115.803
2023-12-08 8:40,170.172
2023-12-08 8:50,191.086
2023-12-08 9:00,238.044
2023-12-08 9:10,211.747
2023-12-08 9:20,179.744
2023-12-08 9:30,160.988
2023-12-08 9:40,143.598
2023-12-08 9:50,151.314
2023-12-08 10:00,106.123
2023-12-08 10:10,182.89
2023-12-08 10:20,163.801
2023-12-08 10:30,141.117
2023-12-08 10:40,227.736
2023-12-08 10:50,256.944
2023-12-08 11:00,301.083
2023-12-08 11:10,287.711
2023-12-08 11:20,310.218
2023-12-08 11:30,286.677
2023-12-08 11:40,234.769
2023-12-08 11:50,224.964
2023-12-08 12:00,324.817
2023-12-08 12:10,295.741
2023-12-08 12:20,252.227
2023-12-08 12:30,230.071
2023-12-08 12:40,301.516
2023-12-08 12:50,306.124
2023-12-08 13:00,310.273
2023-12-08 13:10,211.804
2023-12-08 13:20,148.599
2023-12-08 13:30,144.606
2023-12-08 13:40,232.786
2023-12-08 13:50,285.587
2023-12-08 14:00,311.02
2023-12-08 14:10,218.089
2023-12-08 14:20,240.751
2023-12-08 14:30,249.321
2023-12-08 14:40,302.792
2023-12-08 14:50,200.45
2023-12-08 15:00,247.855
2023-12-08 15:10,297.582
2023-12-08 15:20,232.164
2023-12-08 15:30,296.591
2023-12-08 15:40,305.507
2023-12-08 15:50,157.304
2023-12-08 16:00,345.411
2023-12-08 16:10,345.402
2023-12-08 16:20,347.23
2023-12-08 16:30,346.946
2023-12-08 16:40,345.196
2023-12-08 16:50,267.741
2023-12-08 17:00,298.697
2023-12-08 17:10,279.897
2023-12-08 17:20,218.895
2023-12-08 17:30,257.256
2023-12-08 17:40,248.729
2023-12-08 17:50,183.741
2023-12-08 18:00,174.115
2023-12-08 18:10,128.162
2023-12-08 18:20,160.473
2023-12-08 18:30,222.145
2023-12-08 18:40,246.318
2023-12-08 18:50,220.192
2023-12-08 19:00,114.019
2023-12-08 19:10,183.56
2023-12-08 19:20,184.896
2023-12-08 19:30,222.287
2023-12-08 19:40,224.757
2023-12-08 19:50,235.718
2023-12-08 20:00,278.308
2023-12-08 20:10,307.337
2023-12-08 20:20,271.906
2023-12-08 20:30,292.295
2023-12-08 20:40,233.364
2023-12-08 20:50,225.393
2023-12-08 21:00,284.3
2023-12-08 21:10,252.889
2023-12-08 21:20,232.317
2023-12-08 21:30,261.681
2023-12-08 21:40,228.168
2023-12-08 21:50,202.723
2023-12-08 22:00,238.743
2023-12-08 22:10,310.898
2023-12-08 22:20,346.557
2023-12-08 22:30,330.616
2023-12-08 22:40,340.211
2023-12-08 22:50,338.481
2023-12-08 23:00,333.0
2023-12-08 23:10,346.859
2023-12-08 23:20,340.619
2023-12-08 23:30,349.778
2023-12-08 23:40,350.19
2023-12-08 23:50,340.617
2023-12-09 0:00,348.927
2023-12-09 0:10,348.033
2023-12-09 0:20,348.178
2023-12-09 0:30,351.26
2023-12-09 0:40,351.591
2023-12-09 0:50,351.465
2023-12-09 1:00,350.185
2023-12-09 1:10,351.152
2023-12-09 1:20,348.144
2023-12-09 1:30,349.412
2023-12-09 1:40,349.083
2023-12-09 1:50,350.23
2023-12-09 2:00,345.741
2023-12-09 2:10,349.012
2023-12-09 2:20,342.193
2023-12-09 2:30,340.388
2023-12-09 2:40,335.41
2023-12-09 2:50,324.915
2023-12-09 3:00,340.039
2023-12-09 3:10,336.688
2023-12-09 3:20,334.771
2023-12-09 3:30,344.447
2023-12-09 3:40,345.391
2023-12-09 3:50,349.88
2023-12-09 4:00,349.729
2023-12-09 4:10,340.547
2023-12-09 4:20,321.325
2023-12-09 4:30,319.538
2023-12-09 4:40,316.302
2023-12-09 4:50,293.879
2023-12-09 5:00,294.524
2023-12-09 5:10,270.141
2023-12-09 5:20,287.397
2023-12-09 5:30,307.788
2023-12-09 5:40,307.931
2023-12-09 5:50,282.205
2023-12-09 6:00,312.326
2023-12-09 6:10,281.352
2023-12-09 6:20,241.46
2023-12-09 6:30,205.518
2023-12-09 6:40,138.38
2023-12-09 6:50,155.324
2023-12-09 7:00,94.536
2023-12-09 7:10,29.191
2023-12-09 7:20,26.958
2023-12-09 7:30,21.214
2023-12-09 7:40,29.802
2023-12-09 7:50,33.898
2023-12-09 8:00,73.86
2023-12-09 8:10,171.324
2023-12-09 8:20,106.077
2023-12-09 8:30,108.105
2023-12-09 8:40,111.618
2023-12-09 8:50,154.655
2023-12-09 9:00,181.772
2023-12-09 9:10,194.88
2023-12-09 9:20,211.345
2023-12-09 9:30,200.249
2023-12-09 9:40,271.772
2023-12-09 9:50,304.184
2023-12-09 10:00,261.538
2023-12-09 10:10,178.145
2023-12-09 10:20,261.28
2023-12-09 10:30,229.864
2023-12-09 10:40,187.312
2023-12-09 10:50,136.516
2023-12-09 11:00,154.49
2023-12-09 11:10,263.03
2023-12-09 11:20,306.695
2023-12-09 11:30,307.503
2023-12-09 11:40,298.24
2023-12-09 11:50,301.339
2023-12-09 12:00,229.877
2023-12-09 12:10,232.896
2023-12-09 12:20,220.726
2023-12-09 12:30,205.518
2023-12-09 12:40,151.51
2023-12-09 12:50,63.624
2023-12-09 13:00,25.548
2023-12-09 13:10,26.774
2023-12-09 13:20,32.186
2023-12-09 13:30,21.928
2023-12-09 13:40,18.468
2023-12-09 13:50,34.546
2023-12-09 14:00,25.782
2023-12-09 14:10,28.077
2023-12-09 14:20,34.467
2023-12-09 14:30,34.319
2023-12-09 14:40,16.603
2023-12-09 14:50,4.26
2023-12-09 15:00,8.841
2023-12-09 15:10,18.348
2023-12-09 15:20,7.285
2023-12-09 15:30,6.469
2023-12-09 15:40,2.598
2023-12-09 15:50,5.918
2023-12-09 16:00,7.051
2023-12-09 16:10,1.482
2023-12-09 16:20,12.221
2023-12-09 16:30,18.158
2023-12-09 16:40,20.34
2023-12-09 16:50,19.564
2023-12-09 17:00,30.544
2023-12-09 17:10,54.126
2023-12-09 17:20,35.156
2023-12-09 17:30,16.797
2023-12-09 17:40,16.056
2023-12-09 17:50,15.791
2023-12-09 18:00,11.06
2023-12-09 18:10,0.444
2023-12-09 18:20,0.0
2023-12-09 18:30,0.483
2023-12-09 18:40,0.387
2023-12-09 18:50,0.001
2023-12-09 19:00,0.001
2023-12-09 19:10,0.001
2023-12-09 19:20,0.001
2023-12-09 19:30,0.001
2023-12-09 19:40,0.0
2023-12-09 19:50,0.154
2023-12-09 20:00,0.001
2023-12-09 20:10,0.001
2023-12-09 20:20,0.001
2023-12-09 20:30,0.001
2023-12-09 20:40,0.001
2023-12-09 20:50,0.001
2023-12-09 21:00,4.172
2023-12-09 21:10,8.937
2023-12-09 21:20,18.849
2023-12-09 21:30,25.613
2023-12-09 21:40,29.008
2023-12-09 21:50,51.414
2023-12-09 22:00,65.471
2023-12-09 22:10,84.734
2023-12-09 22:20,168.327
2023-12-09 22:30,156.654
2023-12-09 22:40,133.557
2023-12-09 22:50,163.989
2023-12-09 23:00,149.299
2023-12-09 23:10,98.708
2023-12-09 23:20,74.672
2023-12-09 23:30,75.694
2023-12-09 23:40,87.988
2023-12-09 23:50,82.192
2023-12-10 0:00,58.423
2023-12-10 0:10,42.457
2023-12-10 0:20,31.046
2023-12-10 0:30,30.443
2023-12-10 0:40,28.403
2023-12-10 0:50,18.379
2023-12-10 1:00,26.361
2023-12-10 1:10,24.877
2023-12-10 1:20,31.73
2023-12-10 1:30,49.959
2023-12-10 1:40,40.981
2023-12-10 1:50,31.996
2023-12-10 2:00,21.717
2023-12-10 2:10,8.599
2023-12-10 2:20,10.296
2023-12-10 2:30,8.528
2023-12-10 2:40,10.226
2023-12-10 2:50,7.749
2023-12-10 3:00,8.069
2023-12-10 3:10,13.875
2023-12-10 3:20,17.515
2023-12-10 3:30,13.747
2023-12-10 3:40,0.001
2023-12-10 3:50,3.338
2023-12-10 4:00,8.689
2023-12-10 4:10,7.175
2023-12-10 4:20,1.43
2023-12-10 4:30,0.001
2023-12-10 4:40,4.494
2023-12-10 4:50,35.979
2023-12-10 5:00,28.652
2023-12-10 5:10,30.919
2023-12-10 5:20,25.16
2023-12-10 5:30,9.17
2023-12-10 5:40,0.981
2023-12-10 5:50,1.016
2023-12-10 6:00,6.045
2023-12-10 6:10,29.707
2023-12-10 6:20,50.443
2023-12-10 6:30,35.762
2023-12-10 6:40,28.551
2023-12-10 6:50,32.075
2023-12-10 7:00,50.33
2023-12-10 7:10,69.415
2023-12-10 7:20,141.76
2023-12-10 7:30,150.333
2023-12-10 7:40,171.526
2023-12-10 7:50,208.272
2023-12-10 8:00,177.81
2023-12-10 8:10,172.887
2023-12-10 8:20,161.199
2023-12-10 8:30,166.729
2023-12-10 8:40,119.737
2023-12-10 8:50,95.857
2023-12-10 9:00,71.642
2023-12-10 9:10,48.591
2023-12-10 9:20,40.306
2023-12-10 9:30,70.857
2023-12-10 9:40,35.625
2023-12-10 9:50,30.935
2023-12-10 10:00,21.902
2023-12-10 10:10,14.988
2023-12-10 10:20,30.499
2023-12-10 10:30,44.658
2023-12-10 10:40,7.225
2023-12-10 10:50,26.784
2023-12-10 11:00,36.12
2023-12-10 11:10,51.87
2023-12-10 11:20,46.962
2023-12-10 11:30,32.792
2023-12-10 11:40,23.671
2023-12-10 11:50,27.164
2023-12-10 12:00,10.745
2023-12-10 12:10,12.774
2023-12-10 12:20,0.626
2023-12-10 12:30,10.01
2023-12-10 12:40,20.907
2023-12-10 12:50,15.754
2023-12-10 13:00,10.195
2023-12-10 13:10,25.119
2023-12-10 13:20,19.853
2023-12-10 13:30,7.726
2023-12-10 13:40,6.049
2023-12-10 13:50,7.806
2023-12-10 14:00,2.356
2023-12-10 14:10,4.341
2023-12-10 14:20,5.927
2023-12-10 14:30,2.572
2023-12-10 14:40,0.043
2023-12-10 14:50,7.889
2023-12-10 15:00,11.811
2023-12-10 15:10,34.933
2023-12-10 15:20,45.46
2023-12-10 15:30,21.148
2023-12-10 15:40,20.068
2023-12-10 15:50,23.426
2023-12-10 16:00,18.343
2023-12-10 16:10,23.192
2023-12-10 16:20,17.799
2023-12-10 16:30,26.033
2023-12-10 16:40,43.577
2023-12-10 16:50,58.042
2023-12-10 17:00,36.281
2023-12-10 17:10,37.657
2023-12-10 17:20,36.545
2023-12-10 17:30,60.42
2023-12-10 17:40,76.763
2023-12-10 17:50,72.045
2023-12-10 18:00,81.959
2023-12-10 18:10,93.518
2023-12-10 18:20,127.169
2023-12-10 18:30,143.232
2023-12-10 18:40,144.972
2023-12-10 18:50,129.715
2023-12-10 19:00,129.178
2023-12-10 19:10,99.684
2023-12-10 19:20,126.996
2023-12-10 19:30,131.989
2023-12-10 19:40,131.998
2023-12-10 19:50,85.214
2023-12-10 20:00,82.022
2023-12-10 20:10,78.575
2023-12-10 20:20,76.522
2023-12-10 20:30,47.261
2023-12-10 20:40,66.035
2023-12-10 20:50,64.736
2023-12-10 21:00,51.967
2023-12-10 21:10,25.811
2023-12-10 21:20,21.07
2023-12-10 21:30,13.979
2023-12-10 21:40,25.015
2023-12-10 21:50,9.706
2023-12-10 22:00,7.648
2023-12-10 22:10,7.47
2023-12-10 22:20,2.72
2023-12-10 22:30,22.612
2023-12-10 22:40,50.627
2023-12-10 22:50,51.846
2023-12-10 23:00,50.037
2023-12-10 23:10,70.502
2023-12-10 23:20,66.682
2023-12-10 23:30,61.236
2023-12-10 23:40,77.899
2023-12-10 23:50,89.463
2023-12-11 0:00,91.289
2023-12-11 0:10,96.964
2023-12-11 0:20,87.15
2023-12-11 0:30,111.261
2023-12-11 0:40,152.512
2023-12-11 0:50,135.858
2023-12-11 1:00,66.876
2023-12-11 1:10,139.705
2023-12-11 1:20,216.819
2023-12-11 1:30,151.538
2023-12-11 1:40,155.748
2023-12-11 1:50,76.264
2023-12-11 2:00,112.441
2023-12-11 2:10,253.185
2023-12-11 2:20,224.618
2023-12-11 2:30,238.336
2023-12-11 2:40,197.773
2023-12-11 2:50,250.29
2023-12-11 3:00,235.451
2023-12-11 3:10,261.767
2023-12-11 3:20,260.569
2023-12-11 3:30,288.003
2023-12-11 3:40,285.476
2023-12-11 3:50,239.479
2023-12-11 4:00,268.103
2023-12-11 4:10,232.834
2023-12-11 4:20,211.825
2023-12-11 4:30,305.494
2023-12-11 4:40,307.61
2023-12-11 4:50,309.617
2023-12-11 5:00,297.44
2023-12-11 5:10,267.971
2023-12-11 5:20,256.93
2023-12-11 5:30,260.029
2023-12-11 5:40,265.374
2023-12-11 5:50,304.065
2023-12-11 6:00,298.496
2023-12-11 6:10,291.523
2023-12-11 6:20,302.136
2023-12-11 6:30,288.788
2023-12-11 6:40,294.538
2023-12-11 6:50,292.749
2023-12-11 7:00,306.142
2023-12-11 7:10,304.636
2023-12-11 7:20,307.181
2023-12-11 7:30,297.234
2023-12-11 7:40,294.786
2023-12-11 7:50,291.428
2023-12-11 8:00,296.104
2023-12-11 8:10,305.444
2023-12-11 8:20,302.105
2023-12-11 8:30,307.908
2023-12-11 8:40,309.432
2023-12-11 8:50,304.619
2023-12-11 9:00,304.387
2023-12-11 9:10,307.181
2023-12-11 9:20,293.323
2023-12-11 9:30,306.299
2023-12-11 9:40,304.6
2023-12-11 9:50,301.825
2023-12-11 10:00,303.899
2023-12-11 10:10,299.532
2023-12-11 10:20,297.851
2023-12-11 10:30,306.157
2023-12-11 10:40,305.423
2023-12-11 10:50,298.653
2023-12-11 11:00,298.883
2023-12-11 11:10,304.657
2023-12-11 11:20,305.507
2023-12-11 11:30,302.521
2023-12-11 11:40,295.142
2023-12-11 11:50,290.483
2023-12-11 12:00,296.729
2023-12-11 12:10,290.289
2023-12-11 12:20,294.792
2023-12-11 12:30,287.933
2023-12-11 12:40,291.206
2023-12-11 12:50,292.603
2023-12-11 13:00,292.494
2023-12-11 13:10,289.201
2023-12-11 13:20,280.838
2023-12-11 13:30,285.306
2023-12-11 13:40,288.275
2023-12-11 13:50,288.814
2023-12-11 14:00,288.298
2023-12-11 14:10,280.592
2023-12-11 14:20,287.566
2023-12-11 14:30,290.94
2023-12-11 14:40,286.367
2023-12-11 14:50,290.043
2023-12-11 15:00,291.505
2023-12-11 15:10,290.205
2023-12-11 15:20,286.473
2023-12-11 15:30,282.117
2023-12-11 15:40,284.849
2023-12-11 15:50,282.518
2023-12-11 16:00,282.953
2023-12-11 16:10,278.225
2023-12-11 16:20,296.656
2023-12-11 16:30,281.955
2023-12-11 16:40,279.923
2023-12-11 16:50,281.352
2023-12-11 17:00,230.535
2023-12-11 17:10,282.095
2023-12-11 17:20,246.946
2023-12-11 17:30,281.692
2023-12-11 17:40,268.562
2023-12-11 17:50,290.705
2023-12-11 18:00,292.74
2023-12-11 18:10,292.076
2023-12-11 18:20,282.668
2023-12-11 18:30,283.518
2023-12-11 18:40,276.719
2023-12-11 18:50,226.797
2023-12-11 19:00,249.757
2023-12-11 19:10,283.706
2023-12-11 19:20,295.677
2023-12-11 19:30,246.925
2023-12-11 19:40,138.493
2023-12-11 19:50,113.217
2023-12-11 20:00,108.475
2023-12-11 20:10,143.629
2023-12-11 20:20,156.851
2023-12-11 20:30,171.703
2023-12-11 20:40,132.255
2023-12-11 20:50,76.792
2023-12-11 21:00,40.914
2023-12-11 21:10,74.358
2023-12-11 21:20,75.718
2023-12-11 21:30,73.236
2023-12-11 21:40,24.364
2023-12-11 21:50,51.154
2023-12-11 22:00,103.381
2023-12-11 22:10,203.684
2023-12-11 22:20,130.333
2023-12-11 22:30,198.341
2023-12-11 22:40,249.939
2023-12-11 22:50,284.888
2023-12-11 23:00,284.26
2023-12-11 23:10,337.538
2023-12-11 23:20,328.328
2023-12-11 23:30,338.561
2023-12-11 23:40,327.636
2023-12-11 23:50,336.592
2023-12-12 0:00,338.718
2023-12-12 0:10,340.091
2023-12-12 0:20,341.917
2023-12-12 0:30,347.504
2023-12-12 0:40,341.228
2023-12-12 0:50,344.196
2023-12-12 1:00,337.932
2023-12-12 1:10,341.19
2023-12-12 1:20,340.718
2023-12-12 1:30,331.676
2023-12-12 1:40,340.517
2023-12-12 1:50,326.136
2023-12-12 2:00,326.233
2023-12-12 2:10,323.996
2023-12-12 2:20,324.545
2023-12-12 2:30,321.38
2023-12-12 2:40,345.601
2023-12-12 2:50,343.778
2023-12-12 3:00,345.067
2023-12-12 3:10,347.784
2023-12-12 3:20,344.381
2023-12-12 3:30,342.763
2023-12-12 3:40,345.461
2023-12-12 3:50,329.998
2023-12-12 4:00,346.288
2023-12-12 4:10,329.086
2023-12-12 4:20,329.923
2023-12-12 4:30,329.185
2023-12-12 4:40,346.075
2023-12-12 4:50,346.245
2023-12-12 5:00,337.191
2023-12-12 5:10,339.979
2023-12-12 5:20,332.972
2023-12-12 5:30,339.504
2023-12-12 5:40,326.864
2023-12-12 5:50,324.156
2023-12-12 6:00,340.419
2023-12-12 6:10,334.571
2023-12-12 6:20,324.189
2023-12-12 6:30,337.688
2023-12-12 6:40,338.539
2023-12-12 6:50,325.885
2023-12-12 7:00,335.885
2023-12-12 7:10,341.713
2023-12-12 7:20,341.067
2023-12-12 7:30,343.016
2023-12-12 7:40,338.022
2023-12-12 7:50,338.201
2023-12-12 8:00,326.995
2023-12-12 8:10,279.131
2023-12-12 8:20,320.019
2023-12-12 8:30,245.473
2023-12-12 8:40,265.723
2023-12-12 8:50,232.696
2023-12-12 9:00,252.399
2023-12-12 9:10,324.373
2023-12-12 9:20,337.462
2023-12-12 9:30,333.905
2023-12-12 9:40,339.0
2023-12-12 9:50,333.809
2023-12-12 10:00,322.432
2023-12-12 10:10,325.55
2023-12-12 10:20,324.183
2023-12-12 10:30,327.151
2023-12-12 10:40,274.375
2023-12-12 10:50,309.943
2023-12-12 11:00,272.591
2023-12-12 11:10,312.884
2023-12-12 11:20,309.271
2023-12-12 11:30,311.215
2023-12-12 11:40,234.067
2023-12-12 11:50,283.829
2023-12-12 12:00,257.281
2023-12-12 12:10,287.694
2023-12-12 12:20,212.037
2023-12-12 12:30,269.605
2023-12-12 12:40,312.708
2023-12-12 12:50,309.444
2023-12-12 13:00,308.427
2023-12-12 13:10,313.116
2023-12-12 13:20,304.522
2023-12-12 13:30,300.596
2023-12-12 13:40,269.674
2023-12-12 13:50,315.118
2023-12-12 14:00,316.5
2023-12-12 14:10,276.297
2023-12-12 14:20,311.388
2023-12-12 14:30,292.636
2023-12-12 14:40,252.694
2023-12-12 14:50,300.641
2023-12-12 15:00,269.075
2023-12-12 15:10,186.89
2023-12-12 15:20,232.631
2023-12-12 15:30,237.771
2023-12-12 15:40,277.138
2023-12-12 15:50,240.334
2023-12-12 16:00,272.438
2023-12-12 16:10,269.039
2023-12-12 16:20,272.462
2023-12-12 16:30,251.42
2023-12-12 16:40,237.392
2023-12-12 16:50,243.793
2023-12-12 17:00,212.093
2023-12-12 17:10,199.664
2023-12-12 17:20,218.02
2023-12-12 17:30,172.037
2023-12-12 17:40,236.107
2023-12-12 17:50,239.465
2023-12-12 18:00,225.032
2023-12-12 18:10,225.971
2023-12-12 18:20,201.31
2023-12-12 18:30,215.754
2023-12-12 18:40,190.766
2023-12-12 18:50,182.973
2023-12-12 19:00,121.698
2023-12-12 19:10,118.738
2023-12-12 19:20,99.414
2023-12-12 19:30,122.214
2023-12-12 19:40,178.663
2023-12-12 19:50,177.691
2023-12-12 20:00,230.611
2023-12-12 20:10,183.182
2023-12-12 20:20,229.339
2023-12-12 20:30,194.833
2023-12-12 20:40,222.556
2023-12-12 20:50,154.397
2023-12-12 21:00,168.625
2023-12-12 21:10,177.75
2023-12-12 21:20,197.565
2023-12-12 21:30,168.157
2023-12-12 21:40,147.1
2023-12-12 21:50,112.372
2023-12-12 22:00,115.777
2023-12-12 22:10,142.431
2023-12-12 22:20,182.298
2023-12-12 22:30,174.595
2023-12-12 22:40,148.839
2023-12-12 22:50,186.771
2023-12-12 23:00,173.319
2023-12-12 23:10,184.766
2023-12-12 23:20,161.506
2023-12-12 23:30,177.962
2023-12-12 23:40,207.244
2023-12-12 23:50,233.598
2023-12-13 0:00,184.936
2023-12-13 0:10,176.072
2023-12-13 0:20,214.15
2023-12-13 0:30,184.509
2023-12-13 0:40,170.99
2023-12-13 0:50,146.551
2023-12-13 1:00,135.435
2023-12-13 1:10,97.433
2023-12-13 1:20,105.248
2023-12-13 1:30,92.721
2023-12-13 1:40,121.248
2023-12-13 1:50,151.849
2023-12-13 2:00,120.286
2023-12-13 2:10,100.324
2023-12-13 2:20,92.326
2023-12-13 2:30,90.507
2023-12-13 2:40,95.093
2023-12-13 2:50,104.357
2023-12-13 3:00,91.696
2023-12-13 3:10,66.708
2023-12-13 3:20,71.285
2023-12-13 3:30,84.754
2023-12-13 3:40,81.06
2023-12-13 3:50,81.654
2023-12-13 4:00,64.163
2023-12-13 4:10,41.156
2023-12-13 4:20,27.062
2023-12-13 4:30,15.406
2023-12-13 4:40,11.522
2023-12-13 4:50,6.347
2023-12-13 5:00,2.546
2023-12-13 5:10,0.001
2023-12-13 5:20,0.001
2023-12-13 5:30,0.001
2023-12-13 5:40,0.001
2023-12-13 5:50,0.001
2023-12-13 6:00,0.001
2023-12-13 6:10,0.001
2023-12-13 6:20,0.001
2023-12-13 6:30,0.001
2023-12-13 6:40,0.001
2023-12-13 6:50,0.001
2023-12-13 7:00,0.001
2023-12-13 7:10,0.001
2023-12-13 7:20,0.001
2023-12-13 7:30,0.001
2023-12-13 7:40,0.001
2023-12-13 7:50,0.001
2023-12-13 8:00,0.001
2023-12-13 8:10,0.001
2023-12-13 8:20,0.001
2023-12-13 8:30,0.001
2023-12-13 8:40,0.001
2023-12-13 8:50,0.001
2023-12-13 9:00,0.001
2023-12-13 9:10,0.001
2023-12-13 9:20,0.001
2023-12-13 9:30,0.001
2023-12-13 9:40,0.105
2023-12-13 9:50,0.352
2023-12-13 10:00,1.262
2023-12-13 10:10,7.677
2023-12-13 10:20,15.881
2023-12-13 10:30,6.921
2023-12-13 10:40,3.616
2023-12-13 10:50,1.806
2023-12-13 11:00,1.041
2023-12-13 11:10,6.402
2023-12-13 11:20,6.388
2023-12-13 11:30,6.661
2023-12-13 11:40,7.221
2023-12-13 11:50,12.532
2023-12-13 12:00,16.897
2023-12-13 12:10,16.273
2023-12-13 12:20,11.861
2023-12-13 12:30,22.191
2023-12-13 12:40,22.565
2023-12-13 12:50,14.954
2023-12-13 13:00,10.473
2023-12-13 13:10,4.637
2023-12-13 13:20,0.719
2023-12-13 13:30,0.001
2023-12-13 13:40,0.001
2023-12-13 13:50,0.001
2023-12-13 14:00,0.001
2023-12-13 14:10,0.001
2023-12-13 14:20,0.001
2023-12-13 14:30,0.0
2023-12-13 14:40,0.511
2023-12-13 14:50,0.001
2023-12-13 15:00,0.001
2023-12-13 15:10,0.001
2023-12-13 15:20,0.001
2023-12-13 15:30,0.001
2023-12-13 15:40,0.001
2023-12-13 15:50,0.0
2023-12-13 16:00,3.359
2023-12-13 16:10,1.423
2023-12-13 16:20,10.374
2023-12-13 16:30,16.967
2023-12-13 16:40,13.045
2023-12-13 16:50,13.294
2023-12-13 17:00,16.291
2023-12-13 17:10,18.057
2023-12-13 17:20,13.423
2023-12-13 17:30,7.276
2023-12-13 17:40,10.17
2023-12-13 17:50,19.569
2023-12-13 18:00,27.723
2023-12-13 18:10,26.588
2023-12-13 18:20,30.783
2023-12-13 18:30,31.965
2023-12-13 18:40,23.746
2023-12-13 18:50,20.571
2023-12-13 19:00,18.807
2023-12-13 19:10,14.979
2023-12-13 19:20,20.553
2023-12-13 19:30,19.944
2023-12-13 19:40,19.802
2023-12-13 19:50,35.903
2023-12-13 20:00,49.956
2023-12-13 20:10,33.664
2023-12-13 20:20,64.381
2023-12-13 20:30,37.239
2023-12-13 20:40,46.083
2023-12-13 20:50,27.1
2023-12-13 21:00,20.977
2023-12-13 21:10,27.981
2023-12-13 21:20,51.036
2023-12-13 21:30,50.961
2023-12-13 21:40,66.498
2023-12-13 21:50,84.819
2023-12-13 22:00,123.298
2023-12-13 22:10,123.19
2023-12-13 22:20,102.483
2023-12-13 22:30,84.653
2023-12-13 22:40,77.868
2023-12-13 22:50,62.008
2023-12-13 23:00,34.339
2023-12-13 23:10,21.642
2023-12-13 23:20,14.529
2023-12-13 23:30,17.511
2023-12-13 23:40,7.784
2023-12-13 23:50,5.62
2023-12-14 0:00,0.619
2023-12-14 0:10,0.001
2023-12-14 0:20,0.001
2023-12-14 0:30,0.001
2023-12-14 0:40,0.001
2023-12-14 0:50,0.001
2023-12-14 1:00,0.001
2023-12-14 1:10,0.001
2023-12-14 1:20,0.001
2023-12-14 1:30,0.001
2023-12-14 1:40,0.001
2023-12-14 1:50,0.0
2023-12-14 2:00,0.001
2023-12-14 2:10,10.767
2023-12-14 2:20,10.066
2023-12-14 2:30,10.001
2023-12-14 2:40,14.688
2023-12-14 2:50,17.372
2023-12-14 3:00,22.687
2023-12-14 3:10,32.006
2023-12-14 3:20,33.156
2023-12-14 3:30,27.579
2023-12-14 3:40,35.849
2023-12-14 3:50,36.584
2023-12-14 4:00,37.05
2023-12-14 4:10,35.154
2023-12-14 4:20,25.346
2023-12-14 4:30,22.764
2023-12-14 4:40,35.11
2023-12-14 4:50,53.416
2023-12-14 5:00,65.562
2023-12-14 5:10,76.017
2023-12-14 5:20,81.09
2023-12-14 5:30,75.511
2023-12-14 5:40,65.694
2023-12-14 5:50,77.149
2023-12-14 6:00,102.585
2023-12-14 6:10,92.007
2023-12-14 6:20,79.271
2023-12-14 6:30,80.601
2023-12-14 6:40,68.998
2023-12-14 6:50,85.737
2023-12-14 7:00,108.294
2023-12-14 7:10,129.018
2023-12-14 7:20,98.487
2023-12-14 7:30,90.427
2023-12-14 7:40,97.191
2023-12-14 7:50,83.398
2023-12-14 8:00,80.624
2023-12-14 8:10,66.91
2023-12-14 8:20,55.524
2023-12-14 8:30,59.106
2023-12-14 8:40,24.734
2023-12-14 8:50,29.2
2023-12-14 9:00,16.477
2023-12-14 9:10,13.297
2023-12-14 9:20,17.211
2023-12-14 9:30,16.737
2023-12-14 9:40,1.57
2023-12-14 9:50,11.926
2023-12-14 10:00,14.719
2023-12-14 10:10,28.203
2023-12-14 10:20,18.589
2023-12-14 10:30,15.631
2023-12-14 10:40,7.013
2023-12-14 10:50,10.133
2023-12-14 11:00,11.405
2023-12-14 11:10,10.822
2023-12-14 11:20,12.05
2023-12-14 11:30,27.832
2023-12-14 11:40,26.963
2023-12-14 11:50,15.546
2023-12-14 12:00,8.993
2023-12-14 12:10,23.528
2023-12-14 12:20,19.966
2023-12-14 12:30,32.421
2023-12-14 12:40,30.619
2023-12-14 12:50,24.985
2023-12-14 13:00,22.73
2023-12-14 13:10,16.415
2023-12-14 13:20,25.158
2023-12-14 13:30,37.022
2023-12-14 13:40,28.916
2023-12-14 13:50,38.068
2023-12-14 14:00,35.767
2023-12-14 14:10,31.042
2023-12-14 14:20,31.081
2023-12-14 14:30,27.861
2023-12-14 14:40,26.876
2023-12-14 14:50,36.717
2023-12-14 15:00,36.747
2023-12-14 15:10,29.903
2023-12-14 15:20,63.15
2023-12-14 15:30,91.449
2023-12-14 15:40,75.884
2023-12-14 15:50,97.895
2023-12-14 16:00,131.445
2023-12-14 16:10,121.405
2023-12-14 16:20,110.434
2023-12-14 16:30,79.024
2023-12-14 16:40,77.481
2023-12-14 16:50,35.402
2023-12-14 17:00,50.402
2023-12-14 17:10,66.979
2023-12-14 17:20,58.883
2023-12-14 17:30,48.732
2023-12-14 17:40,80.683
2023-12-14 17:50,80.418
2023-12-14 18:00,86.043
2023-12-14 18:10,63.941
2023-12-14 18:20,61.76
2023-12-14 18:30,63.02
2023-12-14 18:40,94.773
2023-12-14 18:50,75.307
2023-12-14 19:00,90.897
2023-12-14 19:10,68.175
2023-12-14 19:20,69.907
2023-12-14 19:30,54.195
2023-12-14 19:40,88.435
2023-12-14 19:50,129.963
2023-12-14 20:00,128.996
2023-12-14 20:10,124.554
2023-12-14 20:20,126.767
2023-12-14 20:30,143.594
2023-12-14 20:40,129.462
2023-12-14 20:50,149.876
2023-12-14 21:00,88.334
2023-12-14 21:10,80.524
2023-12-14 21:20,74.47
2023-12-14 21:30,46.741
2023-12-14 21:40,61.228
2023-12-14 21:50,83.826
2023-12-14 22:00,75.479
2023-12-14 22:10,62.136
2023-12-14 22:20,78.376
2023-12-14 22:30,68.266
2023-12-14 22:40,71.602
2023-12-14 22:50,37.641
2023-12-14 23:00,65.552
2023-12-14 23:10,76.795
2023-12-14 23:20,52.586
2023-12-14 23:30,52.498
2023-12-14 23:40,24.249
2023-12-14 23:50,33.866
2023-12-15 0:00,13.938
2023-12-15 0:10,14.885
2023-12-15 0:20,22.241
2023-12-15 0:30,16.709
2023-12-15 0:40,25.762
2023-12-15 0:50,35.213
2023-12-15 1:00,23.566
2023-12-15 1:10,18.283
2023-12-15 1:20,41.04
2023-12-15 1:30,16.722
2023-12-15 1:40,11.826
2023-12-15 1:50,21.835
2023-12-15 2:00,22.622
2023-12-15 2:10,31.618
2023-12-15 2:20,1.443
2023-12-15 2:30,0.046
2023-12-15 2:40,0.001
2023-12-15 2:50,0.001
2023-12-15 3:00,0.001
2023-12-15 3:10,0.001
2023-12-15 3:20,0.001
2023-12-15 3:30,0.001
2023-12-15 3:40,0.001
2023-12-15 3:50,21.213
2023-12-15 4:00,32.183
2023-12-15 4:10,23.459
2023-12-15 4:20,20.491
2023-12-15 4:30,7.593
2023-12-15 4:40,0.001
2023-12-15 4:50,10.986
2023-12-15 5:00,11.809
2023-12-15 5:10,4.047
2023-12-15 5:20,2.742
2023-12-15 5:30,0.001
2023-12-15 5:40,0.211
2023-12-15 5:50,0.0
2023-12-15 6:00,3.198
2023-12-15 6:10,1.637
2023-12-15 6:20,7.87
2023-12-15 6:30,11.976
2023-12-15 6:40,15.004
2023-12-15 6:50,15.459
2023-12-15 7:00,16.193
2023-12-15 7:10,14.628
2023-12-15 7:20,17.49
2023-12-15 7:30,37.789
2023-12-15 7:40,36.389
2023-12-15 7:50,34.746
2023-12-15 8:00,22.753
2023-12-15 8:10,30.948
2023-12-15 8:20,45.186
2023-12-15 8:30,38.73
2023-12-15 8:40,47.42
2023-12-15 8:50,59.552
2023-12-15 9:00,54.636
2023-12-15 9:10,45.608
2023-12-15 9:20,21.822
2023-12-15 9:30,29.269
2023-12-15 9:40,36.786
2023-12-15 9:50,35.584
2023-12-15 10:00,47.691
2023-12-15 10:10,56.342
2023-12-15 10:20,44.572
2023-12-15 10:30,55.367
2023-12-15 10:40,73.113
2023-12-15 10:50,77.344
2023-12-15 11:00,83.555
2023-12-15 11:10,64.854
2023-12-15 11:20,89.507
2023-12-15 11:30,87.428
2023-12-15 11:40,67.443
2023-12-15 11:50,62.625
2023-12-15 12:00,49.774
2023-12-15 12:10,69.056
2023-12-15 12:20,75.54
2023-12-15 12:30,83.164
2023-12-15 12:40,102.165
2023-12-15 12:50,99.482
2023-12-15 13:00,111.636
2023-12-15 13:10,120.348
2023-12-15 13:20,106.495
2023-12-15 13:30,115.926
2023-12-15 13:40,91.171
2023-12-15 13:50,136.812
2023-12-15 14:00,115.748
2023-12-15 14:10,96.162
2023-12-15 14:20,54.529
2023-12-15 14:30,45.315
2023-12-15 14:40,39.68
2023-12-15 14:50,131.567
2023-12-15 15:00,167.133
2023-12-15 15:10,151.638
2023-12-15 15:20,163.8
2023-12-15 15:30,87.037
2023-12-15 15:40,91.541
2023-12-15 15:50,93.771
2023-12-15 16:00,93.977
2023-12-15 16:10,120.983
2023-12-15 16:20,117.096
2023-12-15 16:30,99.604
2023-12-15 16:40,138.123
2023-12-15 16:50,172.729
2023-12-15 17:00,167.584
2023-12-15 17:10,120.061
2023-12-15 17:20,109.989
2023-12-15 17:30,111.735
2023-12-15 17:40,91.988
2023-12-15 17:50,112.685
2023-12-15 18:00,120.789
2023-12-15 18:10,101.36
2023-12-15 18:20,118.364
2023-12-15 18:30,84.82
2023-12-15 18:40,65.215
2023-12-15 18:50,37.747
2023-12-15 19:00,60.131
2023-12-15 19:10,91.497
2023-12-15 19:20,82.732
2023-12-15 19:30,82.226
2023-12-15 19:40,73.673
2023-12-15 19:50,54.056
2023-12-15 20:00,94.644
2023-12-15 20:10,109.012
2023-12-15 20:20,120.94
2023-12-15 20:30,97.097
2023-12-15 20:40,69.17
2023-12-15 20:50,67.665
2023-12-15 21:00,46.695
2023-12-15 21:10,34.513
2023-12-15 21:20,35.297
2023-12-15 21:30,20.635
2023-12-15 21:40,25.069
2023-12-15 21:50,35.612
2023-12-15 22:00,85.64
2023-12-15 22:10,71.716
2023-12-15 22:20,69.369
2023-12-15 22:30,67.761
2023-12-15 22:40,47.111
2023-12-15 22:50,66.543
2023-12-15 23:00,68.67
2023-12-15 23:10,69.762
2023-12-15 23:20,34.244
2023-12-15 23:30,22.496
2023-12-15 23:40,29.466
2023-12-15 23:50,29.089
2023-12-16 0:00,16.198
2023-12-16 0:10,2.835
2023-12-16 0:20,0.001
2023-12-16 0:30,0.001
2023-12-16 0:40,0.001
2023-12-16 0:50,0.859
2023-12-16 1:00,0.0
2023-12-16 1:10,3.879
2023-12-16 1:20,16.477
2023-12-16 1:30,17.612
2023-12-16 1:40,28.828
2023-12-16 1:50,23.402
2023-12-16 2:00,16.53
2023-12-16 2:10,24.583
2023-12-16 2:20,45.057
2023-12-16 2:30,63.166
2023-12-16 2:40,82.084
2023-12-16 2:50,69.42
2023-12-16 3:00,65.185
2023-12-16 3:10,75.92
2023-12-16 3:20,83.478
2023-12-16 3:30,84.559
2023-12-16 3:40,45.177
2023-12-16 3:50,68.573
2023-12-16 4:00,100.126
2023-12-16 4:10,105.339
2023-12-16 4:20,123.575
2023-12-16 4:30,144.463
2023-12-16 4:40,155.114
2023-12-16 4:50,151.597
2023-12-16 5:00,152.348
2023-12-16 5:10,121.532
2023-12-16 5:20,131.129
2023-12-16 5:30,145.588
2023-12-16 5:40,126.193
2023-12-16 5:50,140.029
2023-12-16 6:00,150.286
2023-12-16 6:10,127.255
2023-12-16 6:20,139.299
2023-12-16 6:30,133.322
2023-12-16 6:40,39.537
2023-12-16 6:50,29.435
2023-12-16 7:00,39.925
2023-12-16 7:10,39.021
2023-12-16 7:20,43.081
2023-12-16 7:30,44.248
2023-12-16 7:40,43.632
2023-12-16 7:50,54.784
2023-12-16 8:00,45.579
2023-12-16 8:10,34.914
2023-12-16 8:20,23.108
2023-12-16 8:30,19.763
2023-12-16 8:40,26.308
2023-12-16 8:50,21.627
2023-12-16 9:00,21.882
2023-12-16 9:10,43.446
2023-12-16 9:20,44.237
2023-12-16 9:30,39.928
2023-12-16 9:40,42.288
2023-12-16 9:50,43.499
2023-12-16 10:00,47.341
2023-12-16 10:10,25.76
2023-12-16 10:20,27.39
2023-12-16 10:30,22.632
2023-12-16 10:40,34.366
2023-12-16 10:50,41.767
2023-12-16 11:00,38.45
2023-12-16 11:10,38.936
2023-12-16 11:20,40.49
2023-12-16 11:30,39.633
2023-12-16 11:40,39.019
2023-12-16 11:50,42.267
2023-12-16 12:00,37.111
2023-12-16 12:10,40.834
2023-12-16 12:20,39.303
2023-12-16 12:30,38.543
2023-12-16 12:40,36.488
2023-12-16 12:50,29.438
2023-12-16 13:00,45.488
2023-12-16 13:10,45.078
2023-12-16 13:20,41.151
2023-12-16 13:30,39.215
2023-12-16 13:40,41.828
2023-12-16 13:50,40.923
2023-12-16 14:00,41.854
2023-12-16 14:10,29.186
2023-12-16 14:20,28.696
2023-12-16 14:30,46.609
2023-12-16 14:40,43.844
2023-12-16 14:50,40.459
2023-12-16 15:00,40.231
2023-12-16 15:10,24.226
2023-12-16 15:20,19.505
2023-12-16 15:30,22.013
2023-12-16 15:40,19.983
2023-12-16 15:50,26.401
2023-12-16 16:00,29.194
2023-12-16 16:10,28.74
2023-12-16 16:20,26.382
2023-12-16 16:30,21.729
2023-12-16 16:40,20.432
2023-12-16 16:50,28.941
2023-12-16 17:00,21.853
2023-12-16 17:10,27.174
2023-12-16 17:20,21.027
2023-12-16 17:30,20.944
2023-12-16 17:40,25.334
2023-12-16 17:50,22.792
2023-12-16 18:00,26.828
2023-12-16 18:10,26.01
2023-12-16 18:20,27.907
2023-12-16 18:30,24.021
2023-12-16 18:40,27.855
2023-12-16 18:50,25.234
2023-12-16 19:00,27.301
2023-12-16 19:10,27.251
2023-12-16 19:20,22.022
2023-12-16 19:30,23.134
2023-12-16 19:40,25.7
2023-12-16 19:50,25.797
2023-12-16 20:00,28.509
2023-12-16 20:10,29.83
2023-12-16 20:20,29.092
2023-12-16 20:30,30.486
2023-12-16 20:40,28.647
2023-12-16 20:50,29.867
2023-12-16 21:00,30.284
2023-12-16 21:10,29.865
2023-12-16 21:20,30.003
2023-12-16 21:30,29.522
2023-12-16 21:40,25.823
2023-12-16 21:50,25.641
2023-12-16 22:00,25.156
2023-12-16 22:10,20.824
2023-12-16 22:20,19.405
2023-12-16 22:30,19.654
2023-12-16 22:40,23.769
2023-12-16 22:50,23.345
2023-12-16 23:00,23.829
2023-12-16 23:10,23.394
2023-12-16 23:20,22.515
2023-12-16 23:30,28.064
2023-12-16 23:40,21.693
2023-12-16 23:50,37.826
2023-12-17 0:00,38.085
2023-12-17 0:10,33.713
2023-12-17 0:20,33.137
2023-12-17 0:30,27.416
2023-12-17 0:40,35.993
2023-12-17 0:50,36.777
2023-12-17 1:00,35.116
2023-12-17 1:10,32.979
2023-12-17 1:20,34.403
2023-12-17 1:30,35.834
2023-12-17 1:40,34.602
2023-12-17 1:50,36.081
2023-12-17 2:00,32.911
2023-12-17 2:10,37.468
2023-12-17 2:20,37.682
2023-12-17 2:30,32.959
2023-12-17 2:40,32.815
2023-12-17 2:50,32.759
2023-12-17 3:00,30.459
2023-12-17 3:10,34.982
2023-12-17 3:20,36.054
2023-12-17 3:30,35.909
2023-12-17 3:40,36.197
2023-12-17 3:50,35.777
2023-12-17 4:00,32.158
2023-12-17 4:10,33.562
2023-12-17 4:20,32.73
2023-12-17 4:30,33.975
2023-12-17 4:40,31.918
2023-12-17 4:50,34.064
2023-12-17 5:00,33.756
2023-12-17 5:10,32.521
2023-12-17 5:20,33.777
2023-12-17 5:30,34.699
2023-12-17 5:40,31.624
2023-12-17 5:50,32.484
2023-12-17 6:00,31.097
2023-12-17 6:10,38.892
2023-12-17 6:20,41.801
2023-12-17 6:30,36.73
2023-12-17 6:40,36.097
2023-12-17 6:50,31.744
2023-12-17 7:00,36.938
2023-12-17 7:10,38.561
2023-12-17 7:20,38.769
2023-12-17 7:30,39.402
2023-12-17 7:40,38.718
2023-12-17 7:50,37.2
2023-12-17 8:00,38.987
2023-12-17 8:10,39.128
2023-12-17 8:20,37.75
2023-12-17 8:30,37.822
2023-12-17 8:40,38.202
2023-12-17 8:50,39.282
2023-12-17 9:00,38.466
2023-12-17 9:10,54.846
2023-12-17 9:20,54.816
2023-12-17 9:30,54.156
2023-12-17 9:40,57.516
2023-12-17 9:50,55.825
2023-12-17 10:00,53.34
2023-12-17 10:10,55.638
2023-12-17 10:20,55.034
2023-12-17 10:30,54.543
2023-12-17 10:40,54.017
2023-12-17 10:50,57.464
2023-12-17 11:00,54.111
2023-12-17 11:10,53.454
2023-12-17 11:20,55.123
2023-12-17 11:30,54.248
2023-12-17 11:40,51.602
2023-12-17 11:50,49.647
2023-12-17 12:00,52.469
2023-12-17 12:10,53.733
2023-12-17 12:20,54.241
2023-12-17 12:30,54.147
2023-12-17 12:40,58.391
2023-12-17 12:50,74.992
2023-12-17 13:00,64.382
2023-12-17 13:10,73.05
2023-12-17 13:20,72.318
2023-12-17 13:30,69.235
2023-12-17 13:40,63.131
2023-12-17 13:50,64.127
2023-12-17 14:00,59.137
2023-12-17 14:10,63.586
2023-12-17 14:20,61.581
2023-12-17 14:30,60.334
2023-12-17 14:40,56.462
2023-12-17 14:50,61.204
2023-12-17 15:00,63.061
2023-12-17 15:10,55.421
2023-12-17 15:20,56.354
2023-12-17 15:30,63.013
2023-12-17 15:40,57.908
2023-12-17 15:50,59.209
2023-12-17 16:00,56.67
2023-12-17 16:10,54.51
2023-12-17 16:20,57.092
2023-12-17 16:30,55.375
2023-12-17 16:40,42.429
2023-12-17 16:50,52.115
2023-12-17 17:00,43.669
2023-12-17 17:10,34.577
2023-12-17 17:20,25.767
2023-12-17 17:30,30.563
2023-12-17 17:40,25.644
2023-12-17 17:50,20.881
2023-12-17 18:00,49.398
2023-12-17 18:10,42.661
2023-12-17 18:20,57.506
2023-12-17 18:30,63.731
2023-12-17 18:40,57.985
2023-12-17 18:50,57.071
2023-12-17 19:00,62.912
2023-12-17 19:10,73.083
2023-12-17 19:20,70.202
2023-12-17 19:30,68.58
2023-12-17 19:40,71.48
2023-12-17 19:50,71.426
2023-12-17 20:00,71.866
2023-12-17 20:10,71.916
2023-12-17 20:20,71.171
2023-12-17 20:30,70.713
2023-12-17 20:40,71.387
2023-12-17 20:50,71.724
2023-12-17 21:00,71.643
2023-12-17 21:10,75.98
2023-12-17 21:20,77.351
2023-12-17 21:30,82.907
2023-12-17 21:40,82.757
2023-12-17 21:50,69.331
2023-12-17 22:00,72.134
2023-12-17 22:10,77.558
2023-12-17 22:20,88.403
2023-12-17 22:30,71.533
2023-12-17 22:40,67.12
2023-12-17 22:50,74.853
2023-12-17 23:00,79.862
2023-12-17 23:10,80.99
2023-12-17 23:20,91.678
2023-12-17 23:30,91.649
2023-12-17 23:40,86.982
2023-12-17 23:50,86.736
2023-12-18 0:00,91.912
2023-12-18 0:10,92.218
2023-12-18 0:20,91.585
2023-12-18 0:30,92.619
2023-12-18 0:40,91.886
2023-12-18 0:50,91.763
2023-12-18 1:00,72.661
2023-12-18 1:10,72.694
2023-12-18 1:20,77.318
2023-12-18 1:30,91.774
2023-12-18 1:40,91.817
2023-12-18 1:50,91.81
2023-12-18 2:00,91.442
2023-12-18 2:10,91.525
2023-12-18 2:20,91.964
2023-12-18 2:30,91.103
2023-12-18 2:40,109.914
2023-12-18 2:50,109.537
2023-12-18 3:00,109.095
2023-12-18 3:10,110.08
2023-12-18 3:20,109.006
2023-12-18 3:30,110.637
2023-12-18 3:40,108.758
2023-12-18 3:50,109.641
2023-12-18 4:00,109.427
2023-12-18 4:10,110.385
2023-12-18 4:20,110.429
2023-12-18 4:30,91.038
2023-12-18 4:40,110.017
2023-12-18 4:50,109.188
2023-12-18 5:00,109.027
2023-12-18 5:10,110.173
2023-12-18 5:20,110.116
2023-12-18 5:30,110.164
2023-12-18 5:40,108.189
2023-12-18 5:50,111.033
2023-12-18 6:00,108.174
2023-12-18 6:10,109.55
2023-12-18 6:20,109.878
2023-12-18 6:30,109.715
2023-12-18 6:40,109.386
2023-12-18 6:50,109.469
2023-12-18 7:00,108.743
2023-12-18 7:10,108.852
2023-12-18 7:20,109.134
2023-12-18 7:30,110.106
2023-12-18 7:40,109.562
2023-12-18 7:50,111.11
2023-12-18 8:00,108.835
2023-12-18 8:10,109.53
2023-12-18 8:20,109.01
2023-12-18 8:30,109.324
2023-12-18 8:40,109.439
2023-12-18 8:50,109.896
2023-12-18 9:00,105.153
2023-12-18 9:10,104.101
2023-12-18 9:20,103.109
2023-12-18 9:30,109.683
2023-12-18 9:40,109.644
2023-12-18 9:50,108.544
2023-12-18 10:00,98.545
2023-12-18 10:10,99.337
2023-12-18 10:20,108.782
2023-12-18 10:30,85.057
2023-12-18 10:40,78.141
2023-12-18 10:50,104.939
2023-12-18 11:00,105.879
2023-12-18 11:10,108.58
2023-12-18 11:20,111.242
2023-12-18 11:30,102.766
2023-12-18 11:40,105.286
2023-12-18 11:50,110.323
2023-12-18 12:00,108.519
2023-12-18 12:10,111.807
2023-12-18 12:20,111.013
2023-12-18 12:30,91.58
2023-12-18 12:40,109.337
2023-12-18 12:50,102.917
2023-12-18 13:00,106.453
2023-12-18 13:10,85.075
2023-12-18 13:20,98.201
2023-12-18 13:30,61.868
2023-12-18 13:40,58.614
2023-12-18 13:50,39.193
2023-12-18 14:00,66.192
2023-12-18 14:10,81.168
2023-12-18 14:20,104.827
2023-12-18 14:30,97.693
2023-12-18 14:40,93.727
2023-12-18 14:50,93.94
2023-12-18 15:00,85.503
2023-12-18 15:10,59.986
2023-12-18 15:20,85.648
2023-12-18 15:30,108.818
2023-12-18 15:40,114.837
2023-12-18 15:50,115.003
2023-12-18 16:00,113.273
2023-12-18 16:10,62.098
2023-12-18 16:20,69.952
2023-12-18 16:30,112.66
2023-12-18 16:40,112.926
2023-12-18 16:50,112.555
2023-12-18 17:00,110.181
2023-12-18 17:10,82.602
2023-12-18 17:20,97.543
2023-12-18 17:30,104.329
2023-12-18 17:40,103.716
2023-12-18 17:50,83.498
2023-12-18 18:00,98.226
2023-12-18 18:10,109.244
2023-12-18 18:20,112.978
2023-12-18 18:30,103.302
2023-12-18 18:40,93.922
2023-12-18 18:50,96.445
2023-12-18 19:00,65.583
2023-12-18 19:10,80.472
2023-12-18 19:20,80.936
2023-12-18 19:30,76.767
2023-12-18 19:40,74.73
2023-12-18 19:50,83.006
2023-12-18 20:00,80.029
2023-12-18 20:10,54.428
2023-12-18 20:20,58.691
2023-12-18 20:30,45.545
2023-12-18 20:40,38.66
2023-12-18 20:50,40.143
2023-12-18 21:00,50.38
2023-12-18 21:10,37.958
2023-12-18 21:20,36.54
2023-12-18 21:30,34.7
2023-12-18 21:40,36.953
2023-12-18 21:50,53.97
2023-12-18 22:00,25.706
2023-12-18 22:10,30.537
2023-12-18 22:20,29.728
2023-12-18 22:30,36.356
2023-12-18 22:40,43.36
2023-12-18 22:50,31.837
2023-12-18 23:00,42.569
2023-12-18 23:10,71.386
2023-12-18 23:20,78.301
2023-12-18 23:30,68.124
2023-12-18 23:40,43.103
2023-12-18 23:50,51.026
2023-12-19 0:00,44.1
2023-12-19 0:10,42.903
2023-12-19 0:20,35.272
2023-12-19 0:30,29.059
2023-12-19 0:40,33.429
2023-12-19 0:50,48.003
2023-12-19 1:00,55.059
2023-12-19 1:10,75.527
2023-12-19 1:20,80.861
2023-12-19 1:30,83.038
2023-12-19 1:40,104.695
2023-12-19 1:50,92.491
2023-12-19 2:00,82.105
2023-12-19 2:10,73.514
2023-12-19 2:20,99.192
2023-12-19 2:30,80.742
2023-12-19 2:40,78.299
2023-12-19 2:50,100.363
2023-12-19 3:00,107.819
2023-12-19 3:10,95.129
2023-12-19 3:20,101.41
2023-12-19 3:30,109.402
2023-12-19 3:40,112.421
2023-12-19 3:50,105.484
2023-12-19 4:00,103.234
2023-12-19 4:10,111.507
2023-12-19 4:20,109.061
2023-12-19 4:30,108.998
2023-12-19 4:40,108.857
2023-12-19 4:50,111.538
2023-12-19 5:00,108.921
2023-12-19 5:10,111.988
2023-12-19 5:20,108.322
2023-12-19 5:30,80.18
2023-12-19 5:40,75.753
2023-12-19 5:50,75.277
2023-12-19 6:00,75.339
2023-12-19 6:10,77.76
2023-12-19 6:20,59.916
2023-12-19 6:30,79.948
2023-12-19 6:40,75.647
2023-12-19 6:50,48.695
2023-12-19 7:00,40.407
2023-12-19 7:10,37.641
2023-12-19 7:20,25.13
2023-12-19 7:30,26.15
2023-12-19 7:40,20.364
2023-12-19 7:50,24.731
2023-12-19 8:00,28.028
2023-12-19 8:10,32.498
2023-12-19 8:20,18.948
2023-12-19 8:30,25.273
2023-12-19 8:40,33.294
2023-12-19 8:50,21.688
2023-12-19 9:00,30.1
2023-12-19 9:10,25.23
2023-12-19 9:20,22.974
2023-12-19 9:30,32.572
2023-12-19 9:40,25.721
2023-12-19 9:50,27.759
2023-12-19 10:00,25.183
2023-12-19 10:10,11.558
2023-12-19 10:20,12.739
2023-12-19 10:30,18.954
2023-12-19 10:40,37.309
2023-12-19 10:50,32.043
2023-12-19 11:00,21.213
2023-12-19 11:10,37.607
2023-12-19 11:20,31.609
2023-12-19 11:30,16.133
2023-12-19 11:40,2.834
2023-12-19 11:50,7.802
2023-12-19 12:00,6.497
2023-12-19 12:10,4.405
2023-12-19 12:20,13.211
2023-12-19 12:30,3.407
2023-12-19 12:40,4.506
2023-12-19 12:50,13.387
2023-12-19 13:00,29.258
2023-12-19 13:10,31.297
2023-12-19 13:20,39.276
2023-12-19 13:30,32.651
2023-12-19 13:40,38.641
2023-12-19 13:50,28.505
2023-12-19 14:00,47.483
2023-12-19 14:10,55.29
2023-12-19 14:20,43.0
2023-12-19 14:30,44.455
2023-12-19 14:40,60.141
2023-12-19 14:50,59.694
2023-12-19 15:00,43.633
2023-12-19 15:10,38.44
2023-12-19 15:20,48.647
2023-12-19 15:30,35.057
2023-12-19 15:40,36.832
2023-12-19 15:50,38.013
2023-12-19 16:00,39.095
2023-12-19 16:10,54.865
2023-12-19 16:20,44.069
2023-12-19 16:30,40.195
2023-12-19 16:40,41.364
2023-12-19 16:50,39.835
2023-12-19 17:00,39.208
2023-12-19 17:10,34.282
2023-12-19 17:20,27.634
2023-12-19 17:30,31.942
2023-12-19 17:40,34.614
2023-12-19 17:50,26.291
2023-12-19 18:00,28.867
2023-12-19 18:10,14.36
2023-12-19 18:20,3.726
2023-12-19 18:30,5.095
2023-12-19 18:40,2.734
2023-12-19 18:50,9.724
2023-12-19 19:00,3.664
2023-12-19 19:10,17.441
2023-12-19 19:20,3.369
2023-12-19 19:30,11.656
2023-12-19 19:40,27.527
2023-12-19 19:50,29.363
2023-12-19 20:00,37.738
2023-12-19 20:10,34.498
2023-12-19 20:20,29.562
2023-12-19 20:30,22.818
2023-12-19 20:40,30.051
2023-12-19 20:50,38.426
2023-12-19 21:00,52.472
2023-12-19 21:10,57.162
2023-12-19 21:20,75.311
2023-12-19 21:30,71.08
2023-12-19 21:40,61.418
2023-12-19 21:50,68.687
2023-12-19 22:00,37.547
2023-12-19 22:10,27.885
2023-12-19 22:20,36.537
2023-12-19 22:30,35.837
2023-12-19 22:40,43.442
2023-12-19 22:50,58.588
2023-12-19 23:00,73.844
2023-12-19 23:10,51.361
2023-12-19 23:20,40.617
2023-12-19 23:30,54.448
2023-12-19 23:40,37.593
2023-12-19 23:50,33.099
2023-12-20 0:00,37.749
2023-12-20 0:10,34.721
2023-12-20 0:20,32.602
2023-12-20 0:30,32.423
2023-12-20 0:40,32.641
2023-12-20 0:50,24.422
2023-12-20 1:00,26.02
2023-12-20 1:10,21.675
2023-12-20 1:20,27.707
2023-12-20 1:30,27.696
2023-12-20 1:40,26.775
2023-12-20 1:50,31.329
2023-12-20 2:00,7.385
2023-12-20 2:10,2.439
2023-12-20 2:20,5.269
2023-12-20 2:30,4.305
2023-12-20 2:40,4.061
2023-12-20 2:50,4.793
2023-12-20 3:00,2.157
2023-12-20 3:10,1.895
2023-12-20 3:20,3.886
2023-12-20 3:30,4.488
2023-12-20 3:40,4.751
2023-12-20 3:50,2.416
2023-12-20 4:00,0.136
2023-12-20 4:10,0.0
2023-12-20 4:20,2.444
2023-12-20 4:30,2.333
2023-12-20 4:40,3.168
2023-12-20 4:50,20.745
2023-12-20 5:00,30.243
2023-12-20 5:10,32.706
2023-12-20 5:20,6.946
2023-12-20 5:30,3.977
2023-12-20 5:40,1.73
2023-12-20 5:50,16.607
2023-12-20 6:00,36.677
2023-12-20 6:10,39.589
2023-12-20 6:20,37.798
2023-12-20 6:30,68.286
2023-12-20 6:40,42.873
2023-12-20 6:50,39.642
2023-12-20 7:00,38.499
2023-12-20 7:10,44.649
2023-12-20 7:20,27.453
2023-12-20 7:30,41.928
2023-12-20 7:40,48.345
2023-12-20 7:50,40.229
2023-12-20 8:00,61.851
2023-12-20 8:10,46.802
2023-12-20 8:20,42.618
2023-12-20 8:30,43.819
2023-12-20 8:40,33.919
2023-12-20 8:50,62.565
2023-12-20 9:00,47.828
2023-12-20 9:10,44.394
2023-12-20 9:20,55.967
2023-12-20 9:30,99.241
2023-12-20 9:40,102.992
2023-12-20 9:50,106.837
2023-12-20 10:00,94.382
2023-12-20 10:10,75.334
2023-12-20 10:20,83.278
2023-12-20 10:30,85.796
2023-12-20 10:40,74.419
2023-12-20 10:50,91.346
2023-12-20 11:00,77.074
2023-12-20 11:10,101.344
2023-12-20 11:20,59.344
2023-12-20 11:30,67.284
2023-12-20 11:40,70.431
2023-12-20 11:50,73.252
2023-12-20 12:00,72.874
2023-12-20 12:10,62.671
2023-12-20 12:20,74.515
2023-12-20 12:30,77.503
2023-12-20 12:40,68.911
2023-12-20 12:50,93.556
2023-12-20 13:00,97.717
2023-12-20 13:10,110.482
2023-12-20 13:20,108.949
2023-12-20 13:30,83.938
2023-12-20 13:40,49.137
2023-12-20 13:50,103.974
2023-12-20 14:00,58.732
2023-12-20 14:10,105.694
2023-12-20 14:20,104.638
2023-12-20 14:30,105.694
2023-12-20 14:40,94.952
2023-12-20 14:50,95.545
2023-12-20 15:00,32.151
2023-12-20 15:10,44.288
2023-12-20 15:20,30.889
2023-12-20 15:30,44.733
2023-12-20 15:40,38.552
2023-12-20 15:50,42.711
2023-12-20 16:00,31.054
2023-12-20 16:10,46.702
2023-12-20 16:20,68.738
2023-12-20 16:30,67.331
2023-12-20 16:40,75.404
2023-12-20 16:50,43.988
2023-12-20 17:00,38.726
2023-12-20 17:10,46.54
2023-12-20 17:20,73.275
2023-12-20 17:30,54.022
2023-12-20 17:40,53.676
2023-12-20 17:50,80.957
2023-12-20 18:00,102.548
2023-12-20 18:10,81.838
2023-12-20 18:20,92.243
2023-12-20 18:30,73.948
2023-12-20 18:40,54.584
2023-12-20 18:50,73.923
2023-12-20 19:00,52.983
2023-12-20 19:10,53.192
2023-12-20 19:20,80.178
2023-12-20 19:30,94.757
2023-12-20 19:40,94.582
2023-12-20 19:50,97.032
2023-12-20 20:00,101.823
2023-12-20 20:10,105.249
2023-12-20 20:20,98.801
2023-12-20 20:30,101.717
2023-12-20 20:40,102.636
2023-12-20 20:50,105.443
2023-12-20 21:00,103.622
2023-12-20 21:10,103.913
2023-12-20 21:20,106.645
2023-12-20 21:30,102.95
2023-12-20 21:40,104.319
2023-12-20 21:50,105.221
2023-12-20 22:00,106.037
2023-12-20 22:10,105.823
2023-12-20 22:20,107.125
2023-12-20 22:30,105.948
2023-12-20 22:40,105.433
2023-12-20 22:50,105.382
2023-12-20 23:00,106.357
2023-12-20 23:10,106.992
2023-12-20 23:20,104.773
2023-12-20 23:30,105.053
2023-12-20 23:40,98.118
2023-12-20 23:50,106.431
2023-12-21 0:00,107.491
2023-12-21 0:10,107.089
2023-12-21 0:20,105.637
2023-12-21 0:30,105.416
2023-12-21 0:40,106.756
2023-12-21 0:50,102.14
2023-12-21 1:00,103.541
2023-12-21 1:10,101.674
2023-12-21 1:20,101.073
2023-12-21 1:30,92.625
2023-12-21 1:40,96.769
2023-12-21 1:50,77.764
2023-12-21 2:00,96.062
2023-12-21 2:10,95.143
2023-12-21 2:20,84.555
2023-12-21 2:30,87.994
2023-12-21 2:40,86.109
2023-12-21 2:50,104.837
2023-12-21 3:00,96.403
2023-12-21 3:10,104.477
2023-12-21 3:20,74.382
2023-12-21 3:30,99.733
2023-12-21 3:40,103.449
2023-12-21 3:50,100.848
2023-12-21 4:00,93.18
2023-12-21 4:10,92.358
2023-12-21 4:20,89.299
2023-12-21 4:30,72.328
2023-12-21 4:40,66.262
2023-12-21 4:50,69.691
2023-12-21 5:00,77.09
2023-12-21 5:10,83.472
2023-12-21 5:20,102.871
2023-12-21 5:30,104.486
2023-12-21 5:40,85.943
2023-12-21 5:50,88.036
2023-12-21 6:00,100.297
2023-12-21 6:10,99.902
2023-12-21 6:20,104.047
2023-12-21 6:30,104.284
2023-12-21 6:40,104.217
2023-12-21 6:50,104.276
2023-12-21 7:00,103.541
2023-12-21 7:10,105.524
2023-12-21 7:20,102.743
2023-12-21 7:30,101.079
2023-12-21 7:40,101.988
2023-12-21 7:50,106.51
2023-12-21 8:00,108.589
2023-12-21 8:10,108.114
2023-12-21 8:20,108.835
2023-12-21 8:30,108.318
2023-12-21 8:40,109.762
2023-12-21 8:50,107.952
2023-12-21 9:00,109.234
2023-12-21 9:10,109.169
2023-12-21 9:20,108.772
2023-12-21 9:30,109.945
2023-12-21 9:40,107.761
2023-12-21 9:50,108.15
2023-12-21 10:00,107.105
2023-12-21 10:10,74.734
2023-12-21 10:20,76.208
2023-12-21 10:30,78.117
2023-12-21 10:40,50.536
2023-12-21 10:50,31.543
2023-12-21 11:00,55.68
2023-12-21 11:10,87.469
2023-12-21 11:20,100.302
2023-12-21 11:30,73.287
2023-12-21 11:40,100.85
2023-12-21 11:50,100.975
2023-12-21 12:00,73.623
2023-12-21 12:10,101.372
2023-12-21 12:20,102.242
2023-12-21 12:30,101.852
2023-12-21 12:40,100.736
2023-12-21 12:50,102.341
2023-12-21 13:00,99.925
2023-12-21 13:10,99.141
2023-12-21 13:20,102.071
2023-12-21 13:30,100.272
2023-12-21 13:40,102.849
2023-12-21 13:50,99.492
2023-12-21 14:00,100.332
2023-12-21 14:10,102.145
2023-12-21 14:20,101.66
2023-12-21 14:30,107.228
2023-12-21 14:40,108.539
2023-12-21 14:50,104.731
2023-12-21 15:00,105.594
2023-12-21 15:10,106.107
2023-12-21 15:20,106.731
2023-12-21 15:30,105.068
2023-12-21 15:40,105.489
2023-12-21 15:50,106.658
2023-12-21 16:00,104.937
2023-12-21 16:10,104.727
2023-12-21 16:20,102.912
2023-12-21 16:30,106.076
2023-12-21 16:40,105.474
2023-12-21 16:50,105.807
2023-12-21 17:00,100.392
2023-12-21 17:10,74.374
2023-12-21 17:20,96.789
2023-12-21 17:30,80.415
2023-12-21 17:40,92.424
2023-12-21 17:50,92.593
2023-12-21 18:00,95.666
2023-12-21 18:10,102.971
2023-12-21 18:20,103.165
2023-12-21 18:30,104.598
2023-12-21 18:40,103.357
2023-12-21 18:50,105.748
2023-12-21 19:00,106.102
2023-12-21 19:10,81.051
2023-12-21 19:20,76.832
2023-12-21 19:30,99.482
2023-12-21 19:40,105.582
2023-12-21 19:50,104.061
2023-12-21 20:00,90.87
2023-12-21 20:10,105.033
2023-12-21 20:20,103.259
2023-12-21 20:30,107.254
2023-12-21 20:40,100.075
2023-12-21 20:50,106.34
2023-12-21 21:00,105.61
2023-12-21 21:10,102.607
2023-12-21 21:20,106.197
2023-12-21 21:30,105.292
2023-12-21 21:40,106.383
2023-12-21 21:50,105.851
2023-12-21 22:00,101.452
2023-12-21 22:10,104.088
2023-12-21 22:20,105.669
2023-12-21 22:30,101.712
2023-12-21 22:40,105.305
2023-12-21 22:50,108.219
2023-12-21 23:00,108.935
2023-12-21 23:10,105.709
2023-12-21 23:20,106.876
2023-12-21 23:30,110.057
2023-12-21 23:40,108.829
2023-12-21 23:50,109.823
2023-12-22 0:00,109.072
2023-12-22 0:10,104.021
2023-12-22 0:20,107.801
2023-12-22 0:30,106.711
2023-12-22 0:40,106.726
2023-12-22 0:50,106.403
2023-12-22 1:00,102.849
2023-12-22 1:10,103.975
2023-12-22 1:20,104.149
2023-12-22 1:30,103.028
2023-12-22 1:40,99.812
2023-12-22 1:50,102.672
2023-12-22 2:00,100.702
2023-12-22 2:10,102.473
2023-12-22 2:20,102.146
2023-12-22 2:30,103.034
2023-12-22 2:40,98.108
2023-12-22 2:50,102.965
2023-12-22 3:00,101.055
2023-12-22 3:10,100.478
2023-12-22 3:20,103.036
2023-12-22 3:30,107.02
2023-12-22 3:40,101.872
2023-12-22 3:50,102.002
2023-12-22 4:00,100.842
2023-12-22 4:10,102.625
2023-12-22 4:20,101.899
2023-12-22 4:30,100.597
2023-12-22 4:40,101.791
2023-12-22 4:50,100.654
2023-12-22 5:00,101.119
2023-12-22 5:10,103.379
2023-12-22 5:20,102.858
2023-12-22 5:30,105.468
2023-12-22 5:40,102.341
2023-12-22 5:50,102.864
2023-12-22 6:00,101.252
2023-12-22 6:10,105.977
2023-12-22 6:20,104.312
2023-12-22 6:30,105.899
2023-12-22 6:40,107.574
2023-12-22 6:50,108.687
2023-12-22 7:00,104.44
2023-12-22 7:10,85.036
2023-12-22 7:20,85.042
2023-12-22 7:30,93.592
2023-12-22 7:40,93.704
2023-12-22 7:50,93.669
2023-12-22 8:00,107.272
2023-12-22 8:10,109.433
2023-12-22 8:20,107.89
2023-12-22 8:30,108.854
2023-12-22 8:40,109.274
2023-12-22 8:50,109.323
2023-12-22 9:00,90.477
2023-12-22 9:10,109.131
2023-12-22 9:20,109.373
2023-12-22 9:30,90.832
2023-12-22 9:40,110.095
2023-12-22 9:50,109.696
2023-12-22 10:00,109.01
2023-12-22 10:10,109.004
2023-12-22 10:20,108.881
2023-12-22 10:30,108.959
2023-12-22 10:40,109.214
2023-12-22 10:50,109.78
2023-12-22 11:00,108.467
2023-12-22 11:10,107.191
2023-12-22 11:20,109.145
2023-12-22 11:30,106.985
2023-12-22 11:40,108.254
2023-12-22 11:50,106.842
2023-12-22 12:00,106.113
2023-12-22 12:10,108.01
2023-12-22 12:20,108.01
2023-12-22 12:30,106.901
2023-12-22 12:40,106.541
2023-12-22 12:50,107.125
2023-12-22 13:00,108.918
2023-12-22 13:10,107.387
2023-12-22 13:20,106.136
2023-12-22 13:30,105.067
2023-12-22 13:40,108.643
2023-12-22 13:50,108.17
2023-12-22 14:00,109.137
2023-12-22 14:10,107.487
2023-12-22 14:20,107.268
2023-12-22 14:30,107.756
2023-12-22 14:40,108.53
2023-12-22 14:50,107.616
2023-12-22 15:00,107.382
2023-12-22 15:10,108.451
2023-12-22 15:20,109.616
2023-12-22 15:30,106.92
2023-12-22 15:40,109.865
2023-12-22 15:50,108.589
2023-12-22 16:00,109.565
2023-12-22 16:10,108.712
2023-12-22 16:20,108.712
2023-12-22 16:30,109.568
2023-12-22 16:40,109.385
2023-12-22 16:50,109.881
2023-12-22 17:00,109.136
2023-12-22 17:10,109.739
2023-12-22 17:20,109.734
2023-12-22 17:30,109.701
2023-12-22 17:40,109.629
2023-12-22 17:50,110.339
2023-12-22 18:00,109.678
2023-12-22 18:10,110.432
2023-12-22 18:20,109.346
2023-12-22 18:30,108.673
2023-12-22 18:40,108.325
2023-12-22 18:50,108.616
2023-12-22 19:00,108.329
2023-12-22 19:10,109.133
2023-12-22 19:20,109.06
2023-12-22 19:30,107.92
2023-12-22 19:40,108.379
2023-12-22 19:50,108.218
2023-12-22 20:00,108.852
2023-12-22 20:10,108.852
2023-12-22 20:20,109.644
2023-12-22 20:30,109.554
2023-12-22 20:40,109.322
2023-12-22 20:50,109.394
2023-12-22 21:00,109.545
2023-12-22 21:10,109.431
2023-12-22 21:20,90.376
2023-12-22 21:30,84.232
2023-12-22 21:40,109.421
2023-12-22 21:50,109.366
2023-12-22 22:00,109.376
2023-12-22 22:10,109.318
2023-12-22 22:20,90.371
2023-12-22 22:30,90.363
2023-12-22 22:40,90.363
2023-12-22 22:50,83.864
2023-12-22 23:00,108.687
2023-12-22 23:10,89.709
2023-12-22 23:20,89.709
2023-12-22 23:30,108.685
2023-12-22 23:40,108.572
2023-12-22 23:50,108.685
2023-12-23 0:00,109.21
2023-12-23 0:10,108.995
2023-12-23 0:20,83.516
2023-12-23 0:30,90.089
2023-12-23 0:40,109.048
2023-12-23 0:50,109.048
2023-12-23 1:00,109.172
2023-12-23 1:10,109.227
2023-12-23 1:20,90.196
2023-12-23 1:30,83.975
2023-12-23 1:40,84.115
2023-12-23 1:50,84.155
2023-12-23 2:00,83.465
2023-12-23 2:10,89.544
2023-12-23 2:20,89.803
2023-12-23 2:30,89.577
2023-12-23 2:40,108.957
2023-12-23 2:50,109.083
2023-12-23 3:00,108.741
2023-12-23 3:10,108.921
2023-12-23 3:20,108.911
2023-12-23 3:30,108.867
2023-12-23 3:40,108.386
2023-12-23 3:50,108.921
2023-12-23 4:00,83.722
2023-12-23 4:10,83.722
2023-12-23 4:20,90.401
2023-12-23 4:30,108.983
2023-12-23 4:40,105.459
2023-12-23 4:50,83.827
2023-12-23 5:00,83.389
2023-12-23 5:10,83.484
2023-12-23 5:20,83.574
2023-12-23 5:30,83.484
2023-12-23 5:40,89.369
2023-12-23 5:50,89.388
2023-12-23 6:00,83.148
2023-12-23 6:10,82.986
2023-12-23 6:20,67.697
2023-12-23 6:30,73.651
2023-12-23 6:40,93.05
2023-12-23 6:50,92.809
2023-12-23 7:00,92.819
2023-12-23 7:10,73.841
2023-12-23 7:20,92.818
2023-12-23 7:30,92.883
2023-12-23 7:40,92.883
2023-12-23 7:50,92.899
2023-12-23 8:00,93.689
2023-12-23 8:10,93.676
2023-12-23 8:20,93.657
2023-12-23 8:30,93.369
2023-12-23 8:40,93.746
2023-12-23 8:50,93.846
2023-12-23 9:00,93.635
2023-12-23 9:10,93.626
2023-12-23 9:20,93.624
2023-12-23 9:30,93.57
2023-12-23 9:40,93.153
2023-12-23 9:50,92.982
2023-12-23 10:00,107.947
2023-12-23 10:10,108.403
2023-12-23 10:20,108.402
2023-12-23 10:30,108.477
2023-12-23 10:40,108.429
2023-12-23 10:50,108.211
2023-12-23 11:00,106.279
2023-12-23 11:10,106.091
2023-12-23 11:20,106.492
2023-12-23 11:30,112.911
2023-12-23 11:40,113.219
2023-12-23 11:50,113.03
2023-12-23 12:00,113.293
2023-12-23 12:10,112.582
2023-12-23 12:20,112.531
2023-12-23 12:30,112.674
2023-12-23 12:40,113.218
2023-12-23 12:50,111.069
2023-12-23 13:00,113.177
2023-12-23 13:10,113.745
2023-12-23 13:20,113.438
2023-12-23 13:30,112.852
2023-12-23 13:40,112.406
2023-12-23 13:50,113.597
2023-12-23 14:00,112.781
2023-12-23 14:10,85.975
2023-12-23 14:20,97.121
2023-12-23 14:30,94.89
2023-12-23 14:40,78.96
2023-12-23 14:50,113.238
2023-12-23 15:00,102.105
2023-12-23 15:10,97.1
2023-12-23 15:20,103.193
2023-12-23 15:30,101.793
2023-12-23 15:40,78.697
2023-12-23 15:50,78.043
2023-12-23 16:00,76.723
2023-12-23 16:10,98.575
2023-12-23 16:20,110.494
2023-12-23 16:30,109.095
2023-12-23 16:40,110.184
2023-12-23 16:50,109.374
2023-12-23 17:00,109.65
2023-12-23 17:10,110.582
2023-12-23 17:20,106.583
2023-12-23 17:30,107.203
2023-12-23 17:40,98.019
2023-12-23 17:50,90.942
2023-12-23 18:00,83.757
2023-12-23 18:10,101.51
2023-12-23 18:20,106.291
2023-12-23 18:30,110.541
2023-12-23 18:40,111.305
2023-12-23 18:50,106.45
2023-12-23 19:00,107.06
2023-12-23 19:10,105.896
2023-12-23 19:20,111.901
2023-12-23 19:30,99.417
2023-12-23 19:40,91.225
2023-12-23 19:50,91.051
2023-12-23 20:00,100.805
2023-12-23 20:10,98.705
2023-12-23 20:20,107.327
2023-12-23 20:30,102.515
2023-12-23 20:40,107.836
2023-12-23 20:50,106.072
2023-12-23 21:00,80.584
2023-12-23 21:10,66.242
2023-12-23 21:20,53.224
2023-12-23 21:30,71.666
2023-12-23 21:40,98.261
2023-12-23 21:50,97.58
2023-12-23 22:00,100.41
2023-12-23 22:10,101.058
2023-12-23 22:20,109.407
2023-12-23 22:30,110.207
2023-12-23 22:40,109.582
2023-12-23 22:50,110.054
2023-12-23 23:00,109.416
2023-12-23 23:10,106.734
2023-12-23 23:20,98.017
2023-12-23 23:30,72.464
2023-12-23 23:40,72.562
2023-12-23 23:50,64.29
2023-12-24 0:00,68.453
2023-12-24 0:10,54.623
2023-12-24 0:20,58.82
2023-12-24 0:30,54.743
2023-12-24 0:40,48.822
2023-12-24 0:50,38.22
2023-12-24 1:00,38.971
2023-12-24 1:10,37.312
2023-12-24 1:20,37.358
2023-12-24 1:30,36.533
2023-12-24 1:40,38.211
2023-12-24 1:50,37.077
2023-12-24 2:00,36.607
2023-12-24 2:10,42.111
2023-12-24 2:20,41.894
2023-12-24 2:30,46.374
2023-12-24 2:40,45.558
2023-12-24 2:50,55.52
2023-12-24 3:00,40.246
2023-12-24 3:10,66.721
2023-12-24 3:20,52.17
2023-12-24 3:30,38.661
2023-12-24 3:40,37.32
2023-12-24 3:50,25.209
2023-12-24 4:00,24.459
2023-12-24 4:10,24.871
2023-12-24 4:20,24.725
2023-12-24 4:30,36.941
2023-12-24 4:40,23.862
2023-12-24 4:50,24.415
2023-12-24 5:00,35.26
2023-12-24 5:10,24.341
2023-12-24 5:20,26.371
2023-12-24 5:30,26.214
2023-12-24 5:40,28.068
2023-12-24 5:50,19.267
2023-12-24 6:00,16.519
2023-12-24 6:10,10.685
2023-12-24 6:20,10.844
2023-12-24 6:30,14.476
2023-12-24 6:40,20.662
2023-12-24 6:50,31.624
2023-12-24 7:00,32.901
2023-12-24 7:10,26.532
2023-12-24 7:20,24.551
2023-12-24 7:30,32.634
2023-12-24 7:40,30.153
2023-12-24 7:50,32.109
2023-12-24 8:00,38.627
2023-12-24 8:10,31.686
2023-12-24 8:20,24.607
2023-12-24 8:30,24.811
2023-12-24 8:40,26.44
2023-12-24 8:50,30.345
2023-12-24 9:00,35.682
2023-12-24 9:10,35.708
2023-12-24 9:20,40.558
2023-12-24 9:30,27.39
2023-12-24 9:40,26.07
2023-12-24 9:50,32.727
2023-12-24 10:00,21.566
2023-12-24 10:10,14.727
2023-12-24 10:20,12.007
2023-12-24 10:30,12.836
2023-12-24 10:40,19.961
2023-12-24 10:50,3.898
2023-12-24 11:00,3.77
2023-12-24 11:10,5.858
2023-12-24 11:20,5.475
2023-12-24 11:30,13.68
2023-12-24 11:40,4.8
2023-12-24 11:50,15.254
2023-12-24 12:00,20.46
2023-12-24 12:10,27.699
2023-12-24 12:20,31.324
2023-12-24 12:30,36.951
2023-12-24 12:40,4.28
2023-12-24 12:50,24.282
2023-12-24 13:00,26.1
2023-12-24 13:10,35.798
2023-12-24 13:20,20.956
2023-12-24 13:30,32.649
2023-12-24 13:40,23.742
2023-12-24 13:50,54.101
2023-12-24 14:00,40.896
2023-12-24 14:10,38.709
2023-12-24 14:20,39.034
2023-12-24 14:30,92.572
2023-12-24 14:40,79.215
2023-12-24 14:50,55.819
2023-12-24 15:00,69.003
2023-12-24 15:10,54.725
2023-12-24 15:20,94.648
2023-12-24 15:30,67.383
2023-12-24 15:40,60.589
2023-12-24 15:50,68.343
2023-12-24 16:00,76.811
2023-12-24 16:10,43.07
2023-12-24 16:20,37.621
2023-12-24 16:30,31.867
2023-12-24 16:40,41.669
2023-12-24 16:50,43.215
2023-12-24 17:00,42.12
2023-12-24 17:10,51.64
2023-12-24 17:20,50.98
2023-12-24 17:30,71.688
2023-12-24 17:40,38.262
2023-12-24 17:50,39.939
2023-12-24 18:00,20.847
2023-12-24 18:10,39.557
2023-12-24 18:20,56.103
2023-12-24 18:30,37.938
2023-12-24 18:40,49.938
2023-12-24 18:50,69.718
2023-12-24 19:00,55.318
2023-12-24 19:10,70.155
2023-12-24 19:20,76.767
2023-12-24 19:30,79.069
2023-12-24 19:40,79.173
2023-12-24 19:50,74.085
2023-12-24 20:00,87.345
2023-12-24 20:10,78.887
2023-12-24 20:20,78.848
2023-12-24 20:30,99.107
2023-12-24 20:40,108.389
2023-12-24 20:50,96.464
2023-12-24 21:00,97.918
2023-12-24 21:10,100.372
2023-12-24 21:20,92.019
2023-12-24 21:30,97.45
2023-12-24 21:40,74.691
2023-12-24 21:50,83.996
2023-12-24 22:00,96.014
2023-12-24 22:10,111.591
2023-12-24 22:20,113.186
2023-12-24 22:30,110.149
2023-12-24 22:40,110.006
2023-12-24 22:50,109.884
2023-12-24 23:00,109.791
2023-12-24 23:10,109.189
2023-12-24 23:20,106.092
2023-12-24 23:30,106.635
2023-12-24 23:40,95.819
2023-12-24 23:50,84.79
2023-12-25 0:00,102.161
2023-12-25 0:10,96.436
2023-12-25 0:20,77.272
2023-12-25 0:30,71.358
2023-12-25 0:40,49.182
2023-12-25 0:50,40.805
2023-12-25 1:00,41.731
2023-12-25 1:10,54.084
2023-12-25 1:20,60.442
2023-12-25 1:30,81.108
2023-12-25 1:40,84.944
2023-12-25 1:50,110.455
2023-12-25 2:00,111.078
2023-12-25 2:10,104.792
2023-12-25 2:20,103.987
2023-12-25 2:30,104.075
2023-12-25 2:40,103.355
2023-12-25 2:50,102.707
2023-12-25 3:00,104.306
2023-12-25 3:10,103.279
2023-12-25 3:20,101.893
2023-12-25 3:30,103.197
2023-12-25 3:40,100.36
2023-12-25 3:50,102.934
2023-12-25 4:00,105.343
2023-12-25 4:10,77.962
2023-12-25 4:20,86.804
2023-12-25 4:30,103.868
2023-12-25 4:40,112.092
2023-12-25 4:50,111.488
2023-12-25 5:00,111.62
2023-12-25 5:10,111.251
2023-12-25 5:20,110.714
2023-12-25 5:30,110.316
2023-12-25 5:40,109.754
2023-12-25 5:50,111.588
2023-12-25 6:00,109.658
2023-12-25 6:10,112.2
2023-12-25 6:20,107.405
2023-12-25 6:30,111.964
2023-12-25 6:40,111.103
2023-12-25 6:50,109.493
2023-12-25 7:00,111.153
2023-12-25 7:10,107.782
2023-12-25 7:20,109.26
2023-12-25 7:30,113.01
2023-12-25 7:40,105.261
2023-12-25 7:50,112.018
2023-12-25 8:00,101.855
2023-12-25 8:10,102.636
2023-12-25 8:20,80.211
2023-12-25 8:30,89.015
2023-12-25 8:40,98.72
2023-12-25 8:50,87.526
2023-12-25 9:00,81.892
2023-12-25 9:10,50.951
2023-12-25 9:20,43.894
2023-12-25 9:30,31.866
2023-12-25 9:40,28.124
2023-12-25 9:50,42.893
2023-12-25 10:00,52.992
2023-12-25 10:10,44.504
2023-12-25 10:20,38.227
2023-12-25 10:30,22.341
2023-12-25 10:40,22.544
2023-12-25 10:50,13.088
2023-12-25 11:00,13.606
2023-12-25 11:10,19.034
2023-12-25 11:20,25.104
2023-12-25 11:30,15.538
2023-12-25 11:40,26.674
2023-12-25 11:50,83.859
2023-12-25 12:00,87.313
2023-12-25 12:10,106.813
2023-12-25 12:20,103.513
2023-12-25 12:30,107.23
2023-12-25 12:40,115.968
2023-12-25 12:50,117.705
2023-12-25 13:00,117.933
2023-12-25 13:10,117.42
2023-12-25 13:20,114.134
2023-12-25 13:30,116.076
2023-12-25 13:40,112.427
2023-12-25 13:50,107.417
2023-12-25 14:00,108.172
2023-12-25 14:10,99.912
2023-12-25 14:20,80.46
2023-12-25 14:30,110.151
2023-12-25 14:40,95.836
2023-12-25 14:50,100.696
2023-12-25 15:00,103.809
2023-12-25 15:10,79.998
2023-12-25 15:20,109.898
2023-12-25 15:30,113.741
2023-12-25 15:40,106.9
2023-12-25 15:50,103.126
2023-12-25 16:00,101.401
2023-12-25 16:10,49.498
2023-12-25 16:20,35.032
2023-12-25 16:30,52.644
2023-12-25 16:40,77.724
2023-12-25 16:50,79.164
2023-12-25 17:00,81.646
2023-12-25 17:10,64.336
2023-12-25 17:20,59.356
2023-12-25 17:30,47.766
2023-12-25 17:40,49.16
2023-12-25 17:50,50.657
2023-12-25 18:00,67.078
2023-12-25 18:10,81.107
2023-12-25 18:20,107.837
2023-12-25 18:30,96.21
2023-12-25 18:40,99.245
2023-12-25 18:50,69.524
2023-12-25 19:00,96.796
2023-12-25 19:10,59.112
2023-12-25 19:20,99.146
2023-12-25 19:30,95.659
2023-12-25 19:40,110.736
2023-12-25 19:50,110.131
2023-12-25 20:00,107.527
2023-12-25 20:10,207.818
2023-12-25 20:20,225.236
2023-12-25 20:30,223.339
2023-12-25 20:40,233.761
2023-12-25 20:50,231.435
2023-12-25 21:00,236.849
2023-12-25 21:10,235.92
2023-12-25 21:20,236.068
2023-12-25 21:30,240.757
2023-12-25 21:40,241.196
2023-12-25 21:50,241.292
2023-12-25 22:00,240.97
2023-12-25 22:10,239.876
2023-12-25 22:20,245.73
2023-12-25 22:30,245.135
2023-12-25 22:40,245.661
2023-12-25 22:50,245.538
2023-12-25 23:00,245.353
2023-12-25 23:10,244.063
2023-12-25 23:20,237.89
2023-12-25 23:30,240.823
2023-12-25 23:40,241.711
2023-12-25 23:50,244.144
2023-12-26 0:00,246.002
2023-12-26 0:10,244.741
2023-12-26 0:20,245.2
2023-12-26 0:30,245.13
2023-12-26 0:40,244.103
2023-12-26 0:50,245.25
2023-12-26 1:00,244.559
2023-12-26 1:10,243.066
2023-12-26 1:20,236.28
2023-12-26 1:30,234.573
2023-12-26 1:40,236.86
2023-12-26 1:50,231.47
2023-12-26 2:00,239.05
2023-12-26 2:10,233.627
2023-12-26 2:20,225.883
2023-12-26 2:30,208.159
2023-12-26 2:40,242.273
2023-12-26 2:50,238.639
2023-12-26 3:00,240.729
2023-12-26 3:10,239.086
2023-12-26 3:20,238.11
2023-12-26 3:30,238.869
2023-12-26 3:40,239.513
2023-12-26 3:50,243.566
2023-12-26 4:00,242.277
2023-12-26 4:10,241.519
2023-12-26 4:20,241.214
2023-12-26 4:30,240.001
2023-12-26 4:40,240.093
2023-12-26 4:50,241.214
2023-12-26 5:00,236.623
2023-12-26 5:10,236.038
2023-12-26 5:20,235.745
2023-12-26 5:30,232.848
2023-12-26 5:40,235.9
2023-12-26 5:50,231.633
2023-12-26 6:00,234.522
2023-12-26 6:10,227.49
2023-12-26 6:20,227.441
2023-12-26 6:30,231.421
2023-12-26 6:40,366.314
2023-12-26 6:50,368.123
2023-12-26 7:00,353.826
2023-12-26 7:10,364.93
2023-12-26 7:20,372.465
2023-12-26 7:30,371.174
2023-12-26 7:40,359.807
2023-12-26 7:50,353.704
2023-12-26 8:00,352.928
2023-12-26 8:10,364.797
2023-12-26 8:20,376.292
2023-12-26 8:30,377.484
2023-12-26 8:40,375.603
2023-12-26 8:50,378.201
2023-12-26 9:00,366.234
2023-12-26 9:10,350.278
2023-12-26 9:20,325.718
2023-12-26 9:30,327.046
2023-12-26 9:40,329.824
2023-12-26 9:50,338.833
2023-12-26 10:00,340.231
2023-12-26 10:10,346.68
2023-12-26 10:20,342.534
2023-12-26 10:30,328.681
2023-12-26 10:40,324.358
2023-12-26 10:50,330.61
2023-12-26 11:00,323.971
2023-12-26 11:10,304.263
2023-12-26 11:20,297.222
2023-12-26 11:30,272.369
2023-12-26 11:40,230.785
2023-12-26 11:50,298.234
2023-12-26 12:00,267.012
2023-12-26 12:10,281.911
2023-12-26 12:20,249.576
2023-12-26 12:30,243.506
2023-12-26 12:40,249.301
2023-12-26 12:50,251.093
2023-12-26 13:00,265.531
2023-12-26 13:10,237.68
2023-12-26 13:20,222.309
2023-12-26 13:30,180.674
2023-12-26 13:40,144.88
2023-12-26 13:50,52.809
2023-12-26 14:00,44.913
2023-12-26 14:10,51.273
2023-12-26 14:20,23.379
2023-12-26 14:30,56.173
2023-12-26 14:40,64.789
2023-12-26 14:50,21.027
2023-12-26 15:00,27.278
2023-12-26 15:10,17.49
2023-12-26 15:20,17.355
2023-12-26 15:30,18.419
2023-12-26 15:40,28.684
2023-12-26 15:50,35.081
2023-12-26 16:00,48.212
2023-12-26 16:10,76.83
2023-12-26 16:20,59.651
2023-12-26 16:30,48.921
2023-12-26 16:40,88.884
2023-12-26 16:50,112.603
2023-12-26 17:00,179.125
2023-12-26 17:10,197.326
2023-12-26 17:20,175.981
2023-12-26 17:30,157.786
2023-12-26 17:40,136.929
2023-12-26 17:50,135.02
2023-12-26 18:00,154.875
2023-12-26 18:10,106.178
2023-12-26 18:20,66.666
2023-12-26 18:30,58.163
2023-12-26 18:40,53.715
2023-12-26 18:50,41.587
2023-12-26 19:00,79.29
2023-12-26 19:10,107.162
2023-12-26 19:20,144.336
2023-12-26 19:30,95.443
2023-12-26 19:40,92.133
2023-12-26 19:50,147.199
2023-12-26 20:00,174.821
2023-12-26 20:10,166.093
2023-12-26 20:20,292.051
2023-12-26 20:30,371.584
2023-12-26 20:40,374.402
2023-12-26 20:50,372.064
2023-12-26 21:00,375.516
2023-12-26 21:10,370.09
2023-12-26 21:20,373.591
2023-12-26 21:30,361.7
2023-12-26 21:40,287.289
2023-12-26 21:50,358.864
2023-12-26 22:00,376.594
2023-12-26 22:10,376.764
2023-12-26 22:20,374.508
2023-12-26 22:30,284.549
2023-12-26 22:40,198.115
2023-12-26 22:50,219.933
2023-12-26 23:00,274.458
2023-12-26 23:10,316.003
2023-12-26 23:20,376.834
2023-12-26 23:30,357.987
2023-12-26 23:40,372.505
2023-12-26 23:50,364.385
2023-12-27 0:00,354.694
2023-12-27 0:10,362.23
2023-12-27 0:20,366.883
2023-12-27 0:30,370.196
2023-12-27 0:40,372.918
2023-12-27 0:50,374.359
2023-12-27 1:00,370.911
2023-12-27 1:10,360.486
2023-12-27 1:20,359.573
2023-12-27 1:30,368.366
2023-12-27 1:40,375.25
2023-12-27 1:50,377.705
2023-12-27 2:00,331.977
2023-12-27 2:10,313.835
2023-12-27 2:20,301.966
2023-12-27 2:30,333.191
2023-12-27 2:40,251.871
2023-12-27 2:50,236.766
2023-12-27 3:00,182.284
2023-12-27 3:10,214.82
2023-12-27 3:20,186.278
2023-12-27 3:30,203.662
2023-12-27 3:40,237.617
2023-12-27 3:50,231.441
2023-12-27 4:00,237.362
2023-12-27 4:10,181.617
2023-12-27 4:20,146.964
2023-12-27 4:30,220.503
2023-12-27 4:40,199.679
2023-12-27 4:50,214.246
2023-12-27 5:00,228.105
2023-12-27 5:10,215.177
2023-12-27 5:20,202.615
2023-12-27 5:30,196.57
2023-12-27 5:40,134.897
2023-12-27 5:50,166.021
2023-12-27 6:00,121.543
2023-12-27 6:10,100.17
2023-12-27 6:20,87.215
2023-12-27 6:30,60.882
2023-12-27 6:40,41.923
2023-12-27 6:50,41.263
2023-12-27 7:00,17.486
2023-12-27 7:10,34.367
2023-12-27 7:20,36.095
2023-12-27 7:30,50.909
2023-12-27 7:40,62.046
2023-12-27 7:50,111.14
2023-12-27 8:00,98.452
2023-12-27 8:10,91.301
2023-12-27 8:20,52.481
2023-12-27 8:30,106.663
2023-12-27 8:40,76.591
2023-12-27 8:50,47.545
2023-12-27 9:00,29.345
2023-12-27 9:10,22.341
2023-12-27 9:20,14.179
2023-12-27 9:30,13.54
2023-12-27 9:40,0.0
2023-12-27 9:50,0.001
2023-12-27 10:00,0.001
2023-12-27 10:10,0.001
2023-12-27 10:20,0.001
2023-12-27 10:30,0.001
2023-12-27 10:40,0.001
2023-12-27 10:50,0.001
2023-12-27 11:00,0.001
2023-12-27 11:10,0.001
2023-12-27 11:20,0.001
2023-12-27 11:30,0.001
2023-12-27 11:40,0.001
2023-12-27 11:50,0.001
2023-12-27 12:00,0.001
2023-12-27 12:10,0.001
2023-12-27 12:20,0.001
2023-12-27 12:30,0.001
2023-12-27 12:40,0.001
2023-12-27 12:50,0.001
2023-12-27 13:00,0.001
2023-12-27 13:10,0.86
2023-12-27 13:20,0.001
2023-12-27 13:30,0.001
2023-12-27 13:40,0.001
2023-12-27 13:50,0.001
2023-12-27 14:00,0.001
2023-12-27 14:10,0.001
2023-12-27 14:20,0.001
2023-12-27 14:30,3.504
2023-12-27 14:40,1.349
2023-12-27 14:50,0.001
2023-12-27 15:00,1.158
2023-12-27 15:10,0.028
2023-12-27 15:20,0.068
2023-12-27 15:30,0.001
2023-12-27 15:40,0.001
2023-12-27 15:50,2.766
2023-12-27 16:00,5.992
2023-12-27 16:10,12.709
2023-12-27 16:20,2.326
2023-12-27 16:30,2.919
2023-12-27 16:40,0.0
2023-12-27 16:50,0.839
2023-12-27 17:00,0.001
2023-12-27 17:10,0.502
2023-12-27 17:20,1.361
2023-12-27 17:30,0.001
2023-12-27 17:40,0.001
2023-12-27 17:50,0.001
2023-12-27 18:00,0.327
2023-12-27 18:10,0.001
2023-12-27 18:20,0.001
2023-12-27 18:30,0.001
2023-12-27 18:40,0.001
2023-12-27 18:50,0.001
2023-12-27 19:00,0.001
2023-12-27 19:10,0.001
2023-12-27 19:20,0.001
2023-12-27 19:30,0.001
2023-12-27 19:40,0.001
2023-12-27 19:50,0.001
2023-12-27 20:00,0.001
2023-12-27 20:10,0.001
2023-12-27 20:20,0.001
2023-12-27 20:30,0.001
2023-12-27 20:40,0.001
2023-12-27 20:50,0.0
2023-12-27 21:00,0.001
2023-12-27 21:10,0.001
2023-12-27 21:20,0.001
2023-12-27 21:30,0.001
2023-12-27 21:40,0.001
2023-12-27 21:50,0.001
2023-12-27 22:00,0.001
2023-12-27 22:10,0.001
2023-12-27 22:20,0.602
2023-12-27 22:30,3.452
2023-12-27 22:40,3.891
2023-12-27 22:50,0.712
2023-12-27 23:00,6.654
2023-12-27 23:10,6.173
2023-12-27 23:20,4.022
2023-12-27 23:30,8.953
2023-12-27 23:40,10.377
2023-12-27 23:50,12.044
2023-12-28 0:00,8.501
2023-12-28 0:10,7.114
2023-12-28 0:20,6.798
2023-12-28 0:30,1.026
2023-12-28 0:40,0.001
2023-12-28 0:50,0.001
2023-12-28 1:00,0.001
2023-12-28 1:10,0.866
2023-12-28 1:20,13.847
2023-12-28 1:30,11.136
2023-12-28 1:40,10.118
2023-12-28 1:50,13.11
2023-12-28 2:00,11.343
2023-12-28 2:10,15.559
2023-12-28 2:20,15.19
2023-12-28 2:30,25.248
2023-12-28 2:40,26.483
2023-12-28 2:50,33.801
2023-12-28 3:00,72.333
2023-12-28 3:10,70.58
2023-12-28 3:20,43.747
2023-12-28 3:30,48.986
2023-12-28 3:40,81.024
2023-12-28 3:50,81.76
2023-12-28 4:00,61.778
2023-12-28 4:10,68.794
2023-12-28 4:20,54.605
2023-12-28 4:30,48.978
2023-12-28 4:40,68.337
2023-12-28 4:50,66.035
2023-12-28 5:00,57.745
2023-12-28 5:10,50.068
2023-12-28 5:20,59.402
2023-12-28 5:30,64.228
2023-12-28 5:40,72.475
2023-12-28 5:50,81.898
2023-12-28 6:00,88.909
2023-12-28 6:10,81.867
2023-12-28 6:20,76.955
2023-12-28 6:30,70.19
2023-12-28 6:40,96.422
2023-12-28 6:50,99.755
2023-12-28 7:00,124.666
2023-12-28 7:10,124.872
2023-12-28 7:20,124.249
2023-12-28 7:30,114.794
2023-12-28 7:40,84.865
2023-12-28 7:50,65.913
2023-12-28 8:00,60.366
2023-12-28 8:10,82.941
2023-12-28 8:20,80.538
2023-12-28 8:30,72.921
2023-12-28 8:40,74.785
2023-12-28 8:50,69.074
2023-12-28 9:00,68.649
2023-12-28 9:10,86.437
2023-12-28 9:20,132.2
2023-12-28 9:30,139.548
2023-12-28 9:40,132.475
2023-12-28 9:50,154.89
2023-12-28 10:00,200.107
2023-12-28 10:10,238.516
2023-12-28 10:20,223.465
2023-12-28 10:30,215.501
2023-12-28 10:40,228.81
2023-12-28 10:50,248.071
2023-12-28 11:00,253.994
2023-12-28 11:10,247.733
2023-12-28 11:20,190.836
2023-12-28 11:30,216.582
2023-12-28 11:40,227.234
2023-12-28 11:50,211.45
2023-12-28 12:00,147.518
2023-12-28 12:10,167.268
2023-12-28 12:20,171.29
2023-12-28 12:30,109.549
2023-12-28 12:40,125.603
2023-12-28 12:50,160.361
2023-12-28 13:00,118.298
2023-12-28 13:10,93.395
2023-12-28 13:20,89.772
2023-12-28 13:30,74.219
2023-12-28 13:40,79.103
2023-12-28 13:50,68.548
2023-12-28 14:00,52.149
2023-12-28 14:10,55.442
2023-12-28 14:20,50.774
2023-12-28 14:30,50.317
2023-12-28 14:40,97.511
2023-12-28 14:50,77.464
2023-12-28 15:00,80.864
2023-12-28 15:10,113.869
2023-12-28 15:20,153.71
2023-12-28 15:30,223.921
2023-12-28 15:40,147.852
2023-12-28 15:50,79.066
2023-12-28 16:00,91.145
2023-12-28 16:10,78.795
2023-12-28 16:20,94.439
2023-12-28 16:30,77.087
2023-12-28 16:40,37.446
2023-12-28 16:50,76.553
2023-12-28 17:00,129.71
2023-12-28 17:10,167.532
2023-12-28 17:20,133.029
2023-12-28 17:30,106.081
2023-12-28 17:40,118.727
2023-12-28 17:50,106.344
2023-12-28 18:00,71.576
2023-12-28 18:10,65.063
2023-12-28 18:20,66.036
2023-12-28 18:30,82.481
2023-12-28 18:40,77.155
2023-12-28 18:50,70.674
2023-12-28 19:00,117.408
2023-12-28 19:10,132.862
2023-12-28 19:20,149.57
2023-12-28 19:30,224.244
2023-12-28 19:40,266.524
2023-12-28 19:50,273.69
2023-12-28 20:00,341.678
2023-12-28 20:10,344.982
2023-12-28 20:20,343.524
2023-12-28 20:30,331.143
2023-12-28 20:40,336.556
2023-12-28 20:50,348.074
2023-12-28 21:00,363.06
2023-12-28 21:10,343.646
2023-12-28 21:20,342.357
2023-12-28 21:30,302.846
2023-12-28 21:40,327.172
2023-12-28 21:50,377.339
2023-12-28 22:00,379.125
2023-12-28 22:10,376.428
2023-12-28 22:20,371.702
2023-12-28 22:30,373.921
2023-12-28 22:40,376.619
2023-12-28 22:50,377.06
2023-12-28 23:00,374.582
2023-12-28 23:10,379.696
2023-12-28 23:20,380.347
2023-12-28 23:30,381.324
2023-12-28 23:40,375.621
2023-12-28 23:50,376.025
2023-12-29 0:00,378.696
2023-12-29 0:10,304.327
2023-12-29 0:20,336.392
2023-12-29 0:30,316.733
2023-12-29 0:40,310.516
2023-12-29 0:50,298.932
2023-12-29 1:00,330.771
2023-12-29 1:10,326.688
2023-12-29 1:20,341.387
2023-12-29 1:30,373.916
2023-12-29 1:40,376.683
2023-12-29 1:50,359.409
2023-12-29 2:00,333.823
2023-12-29 2:10,344.382
2023-12-29 2:20,333.523
2023-12-29 2:30,344.735
2023-12-29 2:40,329.176
2023-12-29 2:50,225.882
2023-12-29 3:00,327.993
2023-12-29 3:10,324.455
2023-12-29 3:20,239.326
2023-12-29 3:30,270.499
2023-12-29 3:40,278.761
2023-12-29 3:50,276.38
2023-12-29 4:00,189.617
2023-12-29 4:10,249.676
2023-12-29 4:20,291.461
2023-12-29 4:30,299.196
2023-12-29 4:40,278.922
2023-12-29 4:50,253.012
2023-12-29 5:00,266.978
2023-12-29 5:10,214.554
2023-12-29 5:20,235.281
2023-12-29 5:30,254.28
2023-12-29 5:40,216.14
2023-12-29 5:50,229.414
2023-12-29 6:00,239.066
2023-12-29 6:10,169.653
2023-12-29 6:20,139.026
2023-12-29 6:30,109.995
2023-12-29 6:40,164.351
2023-12-29 6:50,161.938
2023-12-29 7:00,139.767
2023-12-29 7:10,97.008
2023-12-29 7:20,91.156
2023-12-29 7:30,103.407
2023-12-29 7:40,89.719
2023-12-29 7:50,101.098
2023-12-29 8:00,92.88
2023-12-29 8:10,115.582
2023-12-29 8:20,127.838
2023-12-29 8:30,98.823
2023-12-29 8:40,78.434
2023-12-29 8:50,86.272
2023-12-29 9:00,99.281
2023-12-29 9:10,125.193
2023-12-29 9:20,108.587
2023-12-29 9:30,73.878
2023-12-29 9:40,48.103
2023-12-29 9:50,73.841
2023-12-29 10:00,71.661
2023-12-29 10:10,64.089
2023-12-29 10:20,41.644
2023-12-29 10:30,37.415
2023-12-29 10:40,30.787
2023-12-29 10:50,35.72
2023-12-29 11:00,28.092
2023-12-29 11:10,16.955
2023-12-29 11:20,14.38
2023-12-29 11:30,3.415
2023-12-29 11:40,3.984
2023-12-29 11:50,6.37
2023-12-29 12:00,8.581
2023-12-29 12:10,9.514
2023-12-29 12:20,10.602
2023-12-29 12:30,17.701
2023-12-29 12:40,17.621
2023-12-29 12:50,21.34
2023-12-29 13:00,15.669
2023-12-29 13:10,17.01
2023-12-29 13:20,17.741
2023-12-29 13:30,17.778
2023-12-29 13:40,30.332
2023-12-29 13:50,29.927
2023-12-29 14:00,27.177
2023-12-29 14:10,23.845
2023-12-29 14:20,25.122
2023-12-29 14:30,28.721
2023-12-29 14:40,20.943
2023-12-29 14:50,12.728
2023-12-29 15:00,10.229
2023-12-29 15:10,13.876
2023-12-29 15:20,19.89
2023-12-29 15:30,28.508
2023-12-29 15:40,33.41
2023-12-29 15:50,37.319
2023-12-29 16:00,34.265
2023-12-29 16:10,32.588
2023-12-29 16:20,53.55
2023-12-29 16:30,35.885
2023-12-29 16:40,58.522
2023-12-29 16:50,97.654
2023-12-29 17:00,121.672
2023-12-29 17:10,175.242
2023-12-29 17:20,219.427
2023-12-29 17:30,233.551
2023-12-29 17:40,278.798
2023-12-29 17:50,326.297
2023-12-29 18:00,336.478
2023-12-29 18:10,334.088
2023-12-29 18:20,334.182
2023-12-29 18:30,327.309
2023-12-29 18:40,324.279
2023-12-29 18:50,296.843
2023-12-29 19:00,298.356
2023-12-29 19:10,298.002
2023-12-29 19:20,299.173
2023-12-29 19:30,293.224
2023-12-29 19:40,317.707
2023-12-29 19:50,300.215
2023-12-29 20:00,296.559
2023-12-29 20:10,262.706
2023-12-29 20:20,207.245
2023-12-29 20:30,193.067
2023-12-29 20:40,201.962
2023-12-29 20:50,194.409
2023-12-29 21:00,212.925
2023-12-29 21:10,189.161
2023-12-29 21:20,255.358
2023-12-29 21:30,274.639
2023-12-29 21:40,294.354
2023-12-29 21:50,290.373
2023-12-29 22:00,290.164
2023-12-29 22:10,295.234
2023-12-29 22:20,306.232
2023-12-29 22:30,331.981
2023-12-29 22:40,343.483
2023-12-29 22:50,343.906
2023-12-29 23:00,329.214
2023-12-29 23:10,319.557
2023-12-29 23:20,331.793
2023-12-29 23:30,345.88
2023-12-29 23:40,347.007
2023-12-29 23:50,347.159
2023-12-30 0:00,310.458
2023-12-30 0:10,304.717
2023-12-30 0:20,317.085
2023-12-30 0:30,332.212
2023-12-30 0:40,332.937
2023-12-30 0:50,338.318
2023-12-30 1:00,319.551
2023-12-30 1:10,298.372
2023-12-30 1:20,322.355
2023-12-30 1:30,324.495
2023-12-30 1:40,328.732
2023-12-30 1:50,329.909
2023-12-30 2:00,323.6
2023-12-30 2:10,276.302
2023-12-30 2:20,306.761
2023-12-30 2:30,283.713
2023-12-30 2:40,237.537
2023-12-30 2:50,152.448
2023-12-30 3:00,141.651
2023-12-30 3:10,164.683
2023-12-30 3:20,195.912
2023-12-30 3:30,116.98
2023-12-30 3:40,118.658
2023-12-30 3:50,111.331
2023-12-30 4:00,120.314
2023-12-30 4:10,133.228
2023-12-30 4:20,107.896
2023-12-30 4:30,122.551
2023-12-30 4:40,144.211
2023-12-30 4:50,182.087
2023-12-30 5:00,143.829
2023-12-30 5:10,113.473
2023-12-30 5:20,103.022
2023-12-30 5:30,87.877
2023-12-30 5:40,75.459
2023-12-30 5:50,53.555
2023-12-30 6:00,39.381
2023-12-30 6:10,22.484
2023-12-30 6:20,21.016
2023-12-30 6:30,31.056
2023-12-30 6:40,12.431
2023-12-30 6:50,19.981
2023-12-30 7:00,22.212
2023-12-30 7:10,9.181
2023-12-30 7:20,3.505
2023-12-30 7:30,20.141
2023-12-30 7:40,28.786
2023-12-30 7:50,18.173
2023-12-30 8:00,12.52
2023-12-30 8:10,9.607
2023-12-30 8:20,16.538
2023-12-30 8:30,13.525
2023-12-30 8:40,9.01
2023-12-30 8:50,19.211
2023-12-30 9:00,21.954
2023-12-30 9:10,14.205
2023-12-30 9:20,1.059
2023-12-30 9:30,1.061
2023-12-30 9:40,0.001
2023-12-30 9:50,0.001
2023-12-30 10:00,0.001
2023-12-30 10:10,0.001
2023-12-30 10:20,0.001
2023-12-30 10:30,0.001
2023-12-30 10:40,20.145
2023-12-30 10:50,33.08
2023-12-30 11:00,41.491
2023-12-30 11:10,42.111
2023-12-30 11:20,27.568
2023-12-30 11:30,26.521
2023-12-30 11:40,26.434
2023-12-30 11:50,16.741
2023-12-30 12:00,6.159
2023-12-30 12:10,7.985
2023-12-30 12:20,19.124
2023-12-30 12:30,20.976
2023-12-30 12:40,18.242
2023-12-30 12:50,18.667
2023-12-30 13:00,17.483
2023-12-30 13:10,18.526
2023-12-30 13:20,4.29
2023-12-30 13:30,4.316
2023-12-30 13:40,8.615
2023-12-30 13:50,3.692
2023-12-30 14:00,2.808
2023-12-30 14:10,5.99
2023-12-30 14:20,10.121
2023-12-30 14:30,0.001
2023-12-30 14:40,0.001
2023-12-30 14:50,0.001
2023-12-30 15:00,0.001
2023-12-30 15:10,0.001
2023-12-30 15:20,0.001
2023-12-30 15:30,0.001
2023-12-30 15:40,0.001
2023-12-30 15:50,0.001
2023-12-30 16:00,0.001
2023-12-30 16:10,0.001
2023-12-30 16:20,0.001
2023-12-30 16:30,0.921
2023-12-30 16:40,0.001
2023-12-30 16:50,0.001
2023-12-30 17:00,0.001
2023-12-30 17:10,0.001
2023-12-30 17:20,4.862
2023-12-30 17:30,16.801
2023-12-30 17:40,21.843
2023-12-30 17:50,11.484
2023-12-30 18:00,0.001
2023-12-30 18:10,0.001
2023-12-30 18:20,0.001
2023-12-30 18:30,0.001
2023-12-30 18:40,0.001
2023-12-30 18:50,0.001
2023-12-30 19:00,0.001
2023-12-30 19:10,1.719
2023-12-30 19:20,2.514
2023-12-30 19:30,0.001
2023-12-30 19:40,1.055
2023-12-30 19:50,5.208
2023-12-30 20:00,1.581
2023-12-30 20:10,0.001
2023-12-30 20:20,0.001
2023-12-30 20:30,0.001
2023-12-30 20:40,0.001
2023-12-30 20:50,0.001
2023-12-30 21:00,1.919
2023-12-30 21:10,14.175
2023-12-30 21:20,37.543
2023-12-30 21:30,42.044
2023-12-30 21:40,40.3
2023-12-30 21:50,58.911
2023-12-30 22:00,81.718
2023-12-30 22:10,103.23
2023-12-30 22:20,166.372
2023-12-30 22:30,118.068
2023-12-30 22:40,135.488
2023-12-30 22:50,154.036
2023-12-30 23:00,159.591
2023-12-30 23:10,162.711
2023-12-30 23:20,230.213
2023-12-30 23:30,144.416
2023-12-30 23:40,82.791
2023-12-30 23:50,51.609
2023-12-31 0:00,18.133
2023-12-31 0:10,36.968
2023-12-31 0:20,80.215
2023-12-31 0:30,63.521
2023-12-31 0:40,47.441
2023-12-31 0:50,73.94
2023-12-31 1:00,85.181
2023-12-31 1:10,90.96
2023-12-31 1:20,83.462
2023-12-31 1:30,122.038
2023-12-31 1:40,92.582
2023-12-31 1:50,105.405
2023-12-31 2:00,122.529
2023-12-31 2:10,71.797
2023-12-31 2:20,41.442
2023-12-31 2:30,56.872
2023-12-31 2:40,46.171
2023-12-31 2:50,93.421
2023-12-31 3:00,65.994
2023-12-31 3:10,145.895
2023-12-31 3:20,98.422
2023-12-31 3:30,155.186
2023-12-31 3:40,55.986
2023-12-31 3:50,45.577
2023-12-31 4:00,37.183
2023-12-31 4:10,46.298
2023-12-31 4:20,52.727
2023-12-31 4:30,33.821
2023-12-31 4:40,27.419
2023-12-31 4:50,38.182
2023-12-31 5:00,62.57
2023-12-31 5:10,41.688
2023-12-31 5:20,71.031
2023-12-31 5:30,83.94
2023-12-31 5:40,110.069
2023-12-31 5:50,112.892
2023-12-31 6:00,115.944
2023-12-31 6:10,144.029
2023-12-31 6:20,116.94
2023-12-31 6:30,123.771
2023-12-31 6:40,159.089
2023-12-31 6:50,175.707
2023-12-31 7:00,225.92
2023-12-31 7:10,257.589
2023-12-31 7:20,297.633
2023-12-31 7:30,286.886
2023-12-31 7:40,287.963
2023-12-31 7:50,281.838
2023-12-31 8:00,272.86
2023-12-31 8:10,265.83
2023-12-31 8:20,228.908
2023-12-31 8:30,191.217
2023-12-31 8:40,131.87
2023-12-31 8:50,237.076
2023-12-31 9:00,224.997
2023-12-31 9:10,209.136
2023-12-31 9:20,186.227
2023-12-31 9:30,173.084
2023-12-31 9:40,245.613
2023-12-31 9:50,200.138
2023-12-31 10:00,170.959
2023-12-31 10:10,92.29
2023-12-31 10:20,191.052
2023-12-31 10:30,210.144
2023-12-31 10:40,176.268
2023-12-31 10:50,187.092
2023-12-31 11:00,309.169
2023-12-31 11:10,328.235
2023-12-31 11:20,326.343
2023-12-31 11:30,313.266
2023-12-31 11:40,256.418
2023-12-31 11:50,272.07
2023-12-31 12:00,244.548
2023-12-31 12:10,258.704
2023-12-31 12:20,305.372
2023-12-31 12:30,298.794
2023-12-31 12:40,247.492
2023-12-31 12:50,221.958
2023-12-31 13:00,241.818
2023-12-31 13:10,272.247
2023-12-31 13:20,229.764
2023-12-31 13:30,257.834
2023-12-31 13:40,279.695
2023-12-31 13:50,304.337
2023-12-31 14:00,308.608
2023-12-31 14:10,311.179
2023-12-31 14:20,310.498
2023-12-31 14:30,309.713
2023-12-31 14:40,309.522
2023-12-31 14:50,310.56
2023-12-31 15:00,311.369
2023-12-31 15:10,304.643
2023-12-31 15:20,304.335
2023-12-31 15:30,297.087
2023-12-31 15:40,252.545
2023-12-31 15:50,241.2
2023-12-31 16:00,300.867
2023-12-31 16:10,291.649
2023-12-31 16:20,293.847
2023-12-31 16:30,318.107
2023-12-31 16:40,330.938
2023-12-31 16:50,329.009
2023-12-31 17:00,326.549
2023-12-31 17:10,326.358
2023-12-31 17:20,326.084
2023-12-31 17:30,321.265
2023-12-31 17:40,323.301
2023-12-31 17:50,318.156
2023-12-31 18:00,320.931
2023-12-31 18:10,318.277
2023-12-31 18:20,319.473
2023-12-31 18:30,303.529
2023-12-31 18:40,275.449
2023-12-31 18:50,307.063
2023-12-31 19:00,276.906
2023-12-31 19:10,260.219
2023-12-31 19:20,249.286
2023-12-31 19:30,269.908
2023-12-31 19:40,258.172
2023-12-31 19:50,272.817
2023-12-31 20:00,270.508
2023-12-31 20:10,268.711
2023-12-31 20:20,229.638
2023-12-31 20:30,230.026
2023-12-31 20:40,219.129
2023-12-31 20:50,184.686
2023-12-31 21:00,135.518
2023-12-31 21:10,141.084
2023-12-31 21:20,90.673
2023-12-31 21:30,103.201
2023-12-31 21:40,116.787
2023-12-31 21:50,134.942
2023-12-31 22:00,148.789
2023-12-31 22:10,128.826
2023-12-31 22:20,155.257
2023-12-31 22:30,208.983
2023-12-31 22:40,225.303
2023-12-31 22:50,291.572
2023-12-31 23:00,144.131
2023-12-31 23:10,182.387
2023-12-31 23:20,194.416
2023-12-31 23:30,235.467
2023-12-31 23:40,255.633
2023-12-31 23:50,251.345
