timestamp,Feature_1,Feature_2,Feature_3,Feature_4,Feature_5,Feature_6,Feature_7,Feature_8,Feature_9,Feature_10,Feature_11,Feature_12,Feature_13,Feature_14,Feature_15,Feature_16,Feature_17,Feature_18,나셀 내부 공기밀도(단위 부피당 질량),정상가동_스위치,강제정지시간(분),정상가동시간(분),정상요청정지시간(분),계획정비시간(분),기술대기시간(분)
2023-12-01 0:00,-0.885393626,0.464842046,-0.998639564,7.3,0,61.2,964.9,14.289,128.191,-0.99458012,0,0,13.276,-4.9,0.103973001,-4.952,0.052144232,1024.6,1.227,1,0,10,0,0,0
2023-12-01 0:10,-0.914959668,0.403545296,-0.998639564,8.2,0,61.1,964.7,14.289,128.236,-0.991763073,0,0,13.697,-4.9,0.128085939,-4.951,0.052144232,1024.4,1.227,1,0,10,0,0,0
2023-12-01 0:20,-0.997440783,0.071497444,-0.989658899,6.2,0,61.3,964.5,19.545,128.297,-0.985270928,0,0,14.668,-5,0.17100058,-5.119,0.143440804,1024.2,1.227,1,0,10,0,0,0
2023-12-01 0:30,-0.96770917,0.252069358,-0.982700181,5.5,0,61.8,964.4,21.973,128.093,-0.989766271,0,0,15.1,-5,0.142698033,-5.147,0.185203549,1024.1,1.228,1,0,10,0,0,0
2023-12-01 0:40,-0.962691746,0.270600446,-0.982700181,6.1,0,62.3,964.3,21.973,127.994,-0.990750209,0,0,15.12,-5.1,0.135698281,-5.094,0.185203549,1024,1.227,1,0,10,0,0,0
2023-12-01 0:50,-0.783693457,0.62114778,-0.982700181,5.8,0,63.4,964.4,21.973,127.914,-0.996023981,0,0,15.226,-5.2,0.089085521,-5.091,0.185203549,1024.2,1.227,1,0,10,0,0,0
2023-12-01 1:00,-0.791223533,0.61152704,-0.982700181,7.1,0,64.2,964.4,21.9,127.875,-0.99278876,0,0,15.559,-5.1,0.119876931,-5.153,0.185203549,1024.1,1.228,1,0,10,0,0,0
2023-12-01 1:10,-0.89571176,0.444635179,-0.982700181,7.1,0,64.8,964.1,21.973,127.81,-0.99686784,0,0,17.064,-5.2,0.079085462,-5.109,0.185203549,1023.8,1.227,1,0,10,0,0,0
2023-12-01 1:20,-0.898027576,0.43993917,-0.982700181,6.3,0,64.4,963.8,21.973,127.709,-0.999353732,0,0,16.318,-5.2,0.035946037,-5.151,0.185203549,1023.5,1.228,1,0,10,0,0,0
2023-12-01 1:30,-0.999610115,-0.027921639,-0.999318766,6.4,0,65.2,963.7,13.416,127.655,-0.999928951,0,0,16.409,-5.3,-0.011920316,-5.062,0.036905331,1023.4,1.227,1,0,10,0,0,0
2023-12-01 1:40,-0.990023658,0.140901232,-0.999542608,5.1,0,64.8,963.8,13.033,127.728,-0.998645019,0,0,15.764,-5.3,0.052039655,-5.133,0.030241944,1023.5,1.227,1,0,10,0,0,0
2023-12-01 1:50,-0.977783237,-0.209618563,-0.99954208,3.8,0,65.1,963.9,13.034,127.629,-0.994729694,0,0,14.397,-5.3,0.102532121,-5.375,0.03025939,1023.7,1.229,1,0,10,0,0,0
2023-12-01 2:00,-0.781520472,0.623879597,-0.99954208,5.6,0,65.5,964,13.034,127.732,-0.993180827,0,0,15.201,-5.3,0.116584066,-4.999,0.03025939,1023.8,1.227,1,0,10,0,0,0
2023-12-01 2:10,-0.97236992,0.233445364,-0.99954208,4.4,0,65.3,964,13.034,127.902,-0.999112568,0,0,16.336,-5.2,0.042119784,-4.85,0.03025939,1023.7,1.226,1,0,10,0,0,0
2023-12-01 2:20,-0.963162567,0.268919821,-0.999541552,4.4,0,65.5,963.9,13.035,127.893,-0.996463589,0,0,16.094,-5.2,0.08402568,-5.269,0.030276835,1023.6,1.228,1,0,10,0,0,0
2023-12-01 2:30,-0.985703469,0.16848938,-0.99954208,3.1,0,65.5,964,13.034,127.844,-0.995925424,0,0,17.338,-5.1,0.090180653,-4.906,0.03025939,1023.7,1.226,1,0,10,0,0,0
2023-12-01 2:40,-0.999945169,-0.010471784,-0.999539435,6,0,64.4,963.8,13.039,128.01,-0.994945761,0,0,17.015,-5,0.10041381,-4.875,0.030346616,1023.5,1.226,1,0,10,0,0,0
2023-12-01 2:50,-0.990023658,0.140901232,-0.999541023,5.8,0,65.4,963.7,13.036,128.158,-0.9966531,0,0,17.321,-5.1,0.081747166,-4.865,0.03029428,1023.4,1.226,1,0,10,0,0,0
2023-12-01 3:00,-0.902585284,0.430511097,-0.99954208,6.5,0,64.9,963.8,13.033,128.064,-0.990285065,0,0,14.613,-5,0.139052116,-5.306,0.03025939,1023.5,1.228,1,0,10,0,0,0
2023-12-01 3:10,-0.805928282,0.592013179,-0.99954208,5.4,0,65.3,963.8,13.034,128.089,-0.9887616,0,0,14.285,-5.1,0.149500829,-5.048,0.03025939,1023.5,1.227,1,0,10,0,0,0
2023-12-01 3:20,-0.836764313,0.547563223,-0.999541023,5.1,0,66.5,963.8,13.036,128.247,-0.990612335,0,0,15.266,-5.2,0.136701138,-4.953,0.03029428,1023.5,1.227,1,0,10,0,0,0
2023-12-01 3:30,-0.629320391,0.777145961,-0.999542608,5.2,0,65.8,963.9,13.033,128.446,-0.992398667,0,0,14.789,-5.1,0.123064555,-5.018,0.030241944,1023.6,1.227,1,0,10,0,0,0
2023-12-01 3:40,-0.942057453,0.33545157,-0.99954208,6,0,66.3,963.9,13.034,128.359,-0.988271065,0,0,14.281,-5.2,0.152709865,-5.379,0.03025939,1023.6,1.229,1,0,10,0,0,0
2023-12-01 3:50,-0.980271175,0.19765734,-0.99936684,3.6,0,66.4,963.9,13.34,128.362,-0.984155403,0,0,14.657,-5.1,0.177308043,-5.039,0.035579752,1023.6,1.227,1,0,10,0,0,0
2023-12-01 4:00,-0.969015731,0.246999013,-0.985665215,4.6,0,66.9,963.9,21.013,128.497,-0.991250131,0,0,16.711,-5.2,0.131996886,-4.942,0.168713024,1023.6,1.227,1,0,10,0,0,0
2023-12-01 4:10,-0.806960312,0.590605668,-0.985493923,5.3,0,67.9,963.9,21.071,128.448,-0.992048941,0,0,17.267,-5.2,0.125852686,-4.936,0.169710718,1023.6,1.227,1,0,10,0,0,0
2023-12-01 4:20,-0.649448048,0.760405966,-0.985446492,4.8,0,68.3,963.9,21.086,128.331,-0.98919315,0,0,15.342,-5.4,0.146618255,-5.242,0.169985913,1023.7,1.228,1,0,10,0,0,0
2023-12-01 4:30,-0.880477354,0.474088209,-0.985446492,3.9,0,69.4,963.7,21.086,128.069,-0.99121554,0,0,16.048,-5.5,0.13225639,-5.25,0.169985913,1023.5,1.228,1,0,10,0,0,0
2023-12-01 4:40,-0.986855716,0.161603821,-0.985446492,4.3,0,69.8,963.6,21.086,128.01,-0.987916624,0,0,15.221,-5.5,0.154986271,-5.123,0.169985913,1023.4,1.227,1,0,10,0,0,0
2023-12-01 4:50,-0.997314477,0.073238197,-0.985446492,5.5,0,69.3,963.6,21.086,127.992,-0.993239708,0,0,16.182,-5.5,0.116081357,-5.122,0.169985913,1023.4,1.227,1,0,10,0,0,0
2023-12-01 5:00,-0.974370065,0.224951054,-0.985446492,4,0,69,963.6,21.086,128.006,-0.989075118,0,0,14.368,-5.4,0.147412383,-5.17,0.169985913,1023.4,1.228,1,0,10,0,0,0
2023-12-01 5:10,-0.996917334,0.078459096,-0.985446492,4.1,0,69.1,963.7,21.086,127.928,-0.987200366,0,0,14.089,-5.4,0.159484913,-5.374,0.169985913,1023.5,1.229,1,0,10,0,0,0
2023-12-01 5:20,-0.894934362,0.446197813,-0.985446492,7.3,0,69.5,963.7,21.086,127.734,-0.993082809,0,0,15.46,-5.4,0.11741607,-5.282,0.169985913,1023.5,1.228,1,0,10,0,0,0
2023-12-01 5:30,-0.894154237,0.447759088,-0.985446492,6.3,0,69.1,963.7,21.086,127.616,-0.988536088,0,0,15.667,-5.3,0.150984775,-5.252,0.169985913,1023.4,1.228,1,0,10,0,0,0
2023-12-01 5:40,-0.752414909,0.65868946,-0.985446492,7.1,0,69.6,963.8,21.086,127.529,-0.9913901,0,0,16.175,-5.3,0.130941476,-5.211,0.169985913,1023.5,1.228,1,0,10,0,0,0
2023-12-01 5:50,-0.781520472,0.623879597,-0.985446492,5.6,0,69.2,963.7,21.086,127.517,-0.993027368,0,0,14.06,-5.3,0.117884037,-5.275,0.169985913,1023.4,1.228,1,0,10,0,0,0
2023-12-01 6:00,-0.997314477,0.073238197,-0.985446492,4.4,0,70.2,963.7,21.086,127.53,-0.994494496,0,0,14.641,-5.4,0.104788825,-5.201,0.169985913,1023.5,1.228,1,0,10,0,0,0
2023-12-01 6:10,-0.910683661,0.41310443,-0.985446492,4.7,0,70.2,963.9,21.086,127.497,-0.989059676,0,0,15.551,-5.4,0.147515958,-5.093,0.169985913,1023.7,1.227,1,0,10,0,0,0
2023-12-01 6:20,-0.862513669,0.506033764,-0.985446492,6.8,0,69.5,963.7,21.086,127.427,-0.994263516,0,0,16.486,-5.3,0.106958224,-5.247,0.169985913,1023.4,1.228,1,0,10,0,0,0
2023-12-01 6:30,-0.79863551,0.601815023,-0.985446492,7.4,0,68.2,963.7,21.086,127.216,-0.998507265,0,0,16.874,-5.1,0.054619065,-5.262,0.169985913,1023.4,1.228,1,0,10,0,0,0
2023-12-01 6:40,-0.715692734,0.698415285,-0.985446492,4.9,0,68.3,963.6,21.086,127.075,-0.999839047,0,0,17.723,-5.2,0.017941022,-5.103,0.169985913,1023.3,1.227,1,0,10,0,0,0
2023-12-01 6:50,-0.777145961,0.629320391,-0.999477077,6.6,0,68.4,963.8,13.153,127.038,-0.996145866,0,0,17.103,-5.2,0.087712109,-5.089,0.032335314,1023.5,1.227,1,0,10,0,0,0
2023-12-01 7:00,-0.862513669,0.506033764,-0.999577288,7.2,0,68.2,963.9,12.966,127.159,-0.995645338,0,0,16.475,-5.2,0.093222109,-5.081,0.029073088,1023.6,1.227,1,0,10,0,0,0
2023-12-01 7:10,-0.988228381,0.152985836,-0.999575765,6.6,0,67.1,964.1,12.969,127.239,-0.995083266,0,0,15.041,-5.2,0.099041874,-5.258,0.029125426,1023.8,1.228,1,0,10,0,0,0
2023-12-01 7:20,-0.997185134,0.074978727,-0.999560895,5.8,0,67,964.1,12.998,127.141,-0.996536536,0,0,14.537,-5.2,0.083156069,-5.064,0.029631353,1023.8,1.227,1,0,10,0,0,0
2023-12-01 7:30,-0.877146164,0.480223497,-0.999551537,4.2,0,67.9,964.4,13.016,127.308,-0.992611944,0,0,13.947,-5.4,0.121332306,-4.927,0.029945373,1024.2,1.227,1,0,10,0,0,0
2023-12-01 7:40,-0.960779154,0.277314653,-0.999578809,4.5,0,68.3,964.4,12.963,127.517,-0.997175966,0,0,12.71,-5.4,0.075100555,-4.997,0.02902075,1024.2,1.227,1,0,10,0,0,0
2023-12-01 7:50,-0.824126189,0.566406237,-0.999580327,4.8,0,67.5,964.4,12.96,127.531,-0.994328667,0,0,12.284,-5.3,0.106350843,-5.232,0.028968412,1024.2,1.228,1,0,10,0,0,0
2023-12-01 8:00,-0.832921241,0.553391549,-0.999580327,3.9,0,67.8,964.5,12.96,127.572,-0.995105713,0,0,12.044,-5.4,0.098816094,-4.947,0.028968412,1024.3,1.227,1,0,10,0,0,0
2023-12-01 8:10,-0.917060074,0.398749069,-0.999575256,4.9,0,66.4,964.6,12.97,127.775,-0.996345296,0,0,12.872,-5.2,0.085416923,-4.789,0.029142872,1024.4,1.226,1,0,10,0,0,0
2023-12-01 8:20,-0.927183855,0.374606593,-0.999561412,5.7,0,65.5,964.6,12.997,127.941,-0.99483652,0,0,13.615,-5,0.101490386,-4.711,0.029613907,1024.3,1.226,1,0,10,0,0,0
2023-12-01 8:30,-0.948876012,0.315649037,-0.999553625,6.3,0,65.1,964.6,13.012,127.857,-0.995914399,0,0,13.155,-5,0.090302327,-4.642,0.029875591,1024.3,1.225,1,0,10,0,0,0
2023-12-01 8:40,-0.864106989,0.471126424,-0.999566976,6.1,0,63.45,964.55,12.986,128.125,-0.997137126,0,0,12.737,-4.8,0.073776357,-4.3425,0.029422002,1024.2,1.2235,1,0,6.2665,0,0,0
2023-12-01 8:50,-0.779337965,0.626603811,-0.999580327,5.9,0,61.8,964.5,12.96,128.393,-0.998359852,0,0,12.319,-4.6,0.057250386,-4.043,0.028968412,1024.1,1.222,1,0,2.533,0,0,0
2023-12-01 9:00,-0.771624583,0.63607822,-0.999578303,4.6,0,60,964.5,12.964,128.344,-0.990033492,0,0,12.008,-4.5,0.140832115,-4.301,0.029038196,1024.1,1.224,1,0,10,0,0,0
2023-12-01 9:10,-0.75470958,0.656059029,-0.999572709,4.3,0,59,964.6,12.975,128.306,-0.999318766,0,0,13.236,-4.2,0.036905331,-3.812,0.029230101,1024.1,1.221,1,0,10,0,0,0
2023-12-01 9:20,-0.938493023,0.345298199,-0.999575765,5.3,0,57.5,964.7,12.969,128.437,-0.999991802,0,0,13.268,-3.9,0.004049153,-3.492,0.029125426,1024.2,1.22,1,0,10,0,0,0
2023-12-01 9:30,-0.982612797,0.185666615,-0.999576781,5.7,0,56.4,964.8,12.967,128.642,-0.99831964,0,0,11.821,-3.6,0.057947358,-3.206,0.029090534,1024.2,1.219,1,0,10,0,0,0
2023-12-01 9:40,-0.76266833,0.64678978,-0.999572199,5.9,0,55,964.7,12.976,128.776,-0.994470694,0,0,11.665,-3.2,0.105014466,-3.3,0.029247547,1024,1.219,1,0,10,0,0,0
2023-12-01 9:50,-0.851726934,0.523985906,-0.999571688,4,0,53.9,964.7,12.977,128.782,-0.989069972,0,0,11.03,-3,0.147446908,-3.021,0.029264993,1023.9,1.218,1,0,10,0,0,0
2023-12-01 10:00,-0.838670568,0.544639035,-0.999550491,3.9,0,53.6,964.7,13.018,129.06,-0.994465194,0,0,13.121,-2.8,0.105066536,-2.89,0.029980264,1023.9,1.217,1,0,10,0,0,0
2023-12-01 10:10,-0.738455341,0.674302388,-0.999553103,5.5,0,53,964.8,13.013,129.363,-0.989249374,0,0,12.138,-2.7,0.146238421,-2.763,0.029893036,1024,1.217,1,0,10,0,0,0
2023-12-01 10:20,-0.86162916,0.507538363,-0.999558824,4.7,0,52,964.7,13.002,129.539,-0.996124404,0,0,12.21,-2.2,0.087955511,-2.841,0.029701135,1023.7,1.217,1,0,10,0,0,0
2023-12-01 10:30,-0.223250116,0.974761194,-0.999555708,4.5,0,49.9,964.8,13.008,129.527,-0.989618804,0,0,10.73,-2.1,0.143717163,-2.472,0.029805809,1023.8,1.215,1,0,10,0,0,0
2023-12-01 10:40,-0.991671162,0.128795597,-0.999573219,3.7,0,48,964.8,12.974,129.733,-0.997911111,0,0,11.63,-1.6,0.064601976,-2.179,0.029212655,1023.7,1.214,1,0,10,0,0,0
2023-12-01 10:50,-0.996778878,0.080198924,-0.999578303,6.4,0,44.9,964.7,12.964,129.872,-0.99972571,0,0,12.9,-1.6,0.023420177,-1.98,0.029038196,1023.6,1.213,1,0,10,0,0,0
2023-12-01 11:00,-0.799684658,0.600420225,-0.999575765,5.8,0,44.3,964.6,12.968,129.926,-0.998246033,0,0,13.532,-1.6,0.059201838,-1.834,0.029125426,1023.5,1.213,1,0,10,0,0,0
2023-12-01 11:10,-0.783693457,0.62114778,-0.999576273,4.6,0,44,964.5,12.968,129.869,-0.998385728,0,0,13.044,-1.1,0.056797339,-1.868,0.02910798,1023.3,1.213,1,0,10,0,0,0
2023-12-01 11:20,-0.937281989,0.348572047,-0.999577288,6.7,0,42.5,964.5,12.966,129.772,-0.996028644,0,0,15.001,-0.9,0.08903337,-1.533,0.029073088,1023.3,1.211,1,0,10,0,0,0
2023-12-01 11:30,-0.990023658,0.140901232,-0.999465158,4.7,0,41.9,964.4,12.983,129.923,-0.996155046,0,0,15.203,-0.8,0.087607793,-1.298,0.032701639,1023.2,1.21,1,0,10,0,0,0
2023-12-01 11:40,-0.964557418,0.26387305,-0.999579316,6.2,0,41.2,964.3,12.962,130.113,-0.999741817,0,0,15.467,-0.4,-0.022722231,-1.189,0.029003304,1022.9,1.21,1,0,10,0,0,0
2023-12-01 11:50,-0.966376079,0.257132793,-0.999580327,7.1,0,41.2,964.2,12.96,130.168,-0.999173245,0,0,15.608,-0.2,0.040654964,-1.051,0.028968412,1022.8,1.209,1,0,10,0,0,0
2023-12-01 12:00,-0.920504853,0.390731128,-0.999578303,8.4,0,41.1,964,12.964,130.157,-0.998723768,0,0,14.116,0.1,0.050505785,-1.064,0.029038196,1022.5,1.209,1,0,10,0,0,0
2023-12-01 12:10,-0.882126866,0.471011881,-0.999568618,3.7,0,41.6,964,12.983,130.203,-0.996443028,0,0,12.998,0.1,0.084269159,-0.665,0.029369667,1022.5,1.207,1,0,10,0,0,0
2023-12-01 12:20,-0.927836254,0.372987783,-0.999566565,4.7,0,41.8,963.9,12.987,130.495,-0.990309319,0,0,12.718,0.4,0.138879276,-0.335,0.02943945,1022.3,1.206,1,0,10,0,0,0
2023-12-01 12:30,-0.106264071,0.994337944,-0.999563993,6,0,40.5,963.9,12.992,130.846,-0.993211315,0,0,12.688,0.4,0.116324048,-0.251,0.029526679,1022.3,1.205,1,0,10,0,0,0
2023-12-01 12:40,-0.989525789,0.144356201,-0.999567079,8.7,0,40.5,963.7,12.986,130.93,-0.993302369,0,0,13.057,0.9,0.115543946,-0.384,0.029422005,1022,1.206,1,0,10,0,0,0
2023-12-01 12:50,-0.985703469,0.16848938,-0.999578809,7.8,0,39.7,963.7,12.963,130.978,-0.996805419,0,0,12.204,0.7,0.079868376,-0.027,0.02902075,1022,1.204,1,0,10,0,0,0
2023-12-01 13:00,-0.881303452,0.472550765,-0.999580327,6.3,0,40.9,963.4,12.96,130.981,-0.998060555,0,0,14.724,0.7,-0.062250526,0.092,0.028968412,1021.7,1.204,1,0,10,0,0,0
2023-12-01 13:10,-0.850811109,0.525471651,-0.997844058,7.9,0,40,963.5,7.539,130.929,-0.998629535,0,0,14.13,0.9,-0.052335956,0.087,-0.065629535,1021.8,1.204,1,0,10,0,0,0
2023-12-01 13:20,-0.982612797,0.185666615,-0.994481686,5,0,39.1,963.3,5.278,130.968,-0.998788166,0,0,13.562,1.7,-0.049215848,0.11,-0.104910325,1021.3,1.204,1,0,10,0,0,0
2023-12-01 13:30,-0.801775644,0.597625147,-0.994496325,3.2,0,39.4,963.3,5.286,130.917,-0.999897589,0,0,12.881,1.3,-0.014311211,0.223,-0.104771468,1021.4,1.203,1,0,10,0,0,0
2023-12-01 13:40,-0.953716951,0.3007058,-0.994478023,3.5,0,40.1,963.3,5.276,131.1,-0.998535726,0,0,11.172,1.5,-0.054096241,0.538,-0.104945038,1021.4,1.202,1,0,10,0,0,0
2023-12-01 13:50,-0.990023658,0.140901232,-0.994478023,3.1,0,40.1,963.4,5.276,131.232,-0.987402763,0,0,12.381,1.4,-0.158227001,0.595,-0.104945038,1021.5,1.202,1,0,10,0,0,0
2023-12-01 14:00,-0.856267085,-0.516533329,-0.994478023,3,0,40.3,963.4,5.276,131.287,-0.999966068,0,0,12.198,1.5,-0.008237861,0.535,-0.104945038,1021.5,1.202,1,0,10,0,0,0
2023-12-01 14:10,-0.784776371,0.619779032,-0.994478023,5.8,0,39.4,963.4,5.276,131.147,-0.987693801,0,0,15.345,1.4,-0.156399988,0.375,-0.104945038,1021.5,1.203,1,0,10,0,0,0
2023-12-01 14:20,-0.860742027,0.509041416,-0.994478023,6.5,0,39.2,963.3,5.276,131.17,-0.991838906,0,0,14.527,1.2,-0.127497392,0.581,-0.104945038,1021.5,1.202,1,0,10,0,0,0
2023-12-01 14:30,-0.849892693,0.526955795,-0.994485347,6,0,39.1,963.1,5.28,131.238,-0.998420237,0,0,13.308,1.3,-0.056187449,0.598,-0.104875611,1021.2,1.202,1,0,10,0,0,0
2023-12-01 14:40,-0.89179753,0.452434709,-0.994478023,4.4,0,38.7,963,5.276,131.178,-0.993849363,0,0,14.406,1.5,-0.110740432,0.448,-0.104945038,1021.1,1.202,1,0,10,0,0,0
2023-12-01 14:50,-0.948876012,-0.315649037,-0.994478023,3.7,0,38.8,963,5.276,131.153,-0.98684161,0,0,15.396,1.4,-0.16168994,0.712,-0.104945038,1021.1,1.201,1,0,10,0,0,0
2023-12-01 15:00,-0.969015731,-0.246999013,-0.994478023,4.8,0,39.1,963.1,5.276,131.263,-0.992055529,0,0,15.816,1.5,-0.125800743,0.747,-0.104945038,1021.2,1.201,1,0,10,0,0,0
2023-12-01 15:10,-0.966376079,0.257132793,-0.994478023,2.8,0,37.6,963.2,5.276,131.314,-0.995247816,0,0,15.494,1.7,-0.097374458,0.454,-0.104945038,1021.2,1.202,1,0,10,0,0,0
2023-12-01 15:20,-0.803856861,0.594822787,-0.994483517,6.5,0,38.3,963.4,5.278,131.206,-0.990619492,0,0,15.489,1.4,-0.13664927,0.595,-0.104892968,1021.5,1.202,1,0,10,0,0,0
2023-12-01 15:30,-0.848048096,0.529919264,-0.994492667,4.8,0,38.7,963.4,5.284,131.292,-0.992876367,0,0,13.607,1.5,-0.119149147,0.678,-0.104806182,1021.5,1.201,1,0,10,0,0,0
2023-12-01 15:40,-0.846193166,0.532876276,-0.994478023,4.7,0,39,963.5,5.276,131.425,-0.998911962,0,0,12.276,1.2,-0.04663573,0.626,-0.104945038,1021.7,1.202,1,0,10,0,0,0
2023-12-01 15:50,-0.98450318,0.175366726,-0.994478023,4.2,0,39.3,963.5,5.276,131.3,-0.995676197,0,0,12.953,0.9,-0.092891935,0.31,-0.104945038,1021.8,1.203,1,0,10,0,0,0
2023-12-01 16:00,-0.9909832,0.133986185,-0.994478023,6.5,0,39.9,963.6,5.276,131.262,-0.996041065,0,0,12.906,0.9,-0.088894297,0.515,-0.104945038,1021.9,1.202,1,0,10,0,0,0
2023-12-01 16:10,-0.923879533,0.382683432,-0.994565593,4.1,0,39.6,963.7,5.324,131.398,-0.996379504,0,0,11.858,0.8,-0.085016958,0.463,-0.10411187,1022,1.202,1,0,10,0,0,0
2023-12-01 16:20,-0.866896749,0.49848774,-0.994612735,5.9,0,40.2,963.9,5.35,131.4,-0.999036002,0,0,11.69,0.6,-0.043898373,0.153,-0.103660539,1022.3,1.204,1,0,10,0,0,0
2023-12-01 16:30,-0.858959897,0.512042865,-0.994598252,3.5,0,40.4,964,5.343,131.299,-0.999126481,0,0,12.065,0.4,-0.041788464,0.302,-0.103799413,1022.4,1.203,1,0,10,0,0,0
2023-12-01 16:40,-0.97154912,0.236838146,-0.994565593,4.4,0,39.2,964,5.324,131.472,-0.997948153,0,0,11.361,0.2,-0.06402721,0.378,-0.10411187,1022.5,1.203,1,0,10,0,0,0
2023-12-01 16:50,-0.770513243,0.63742399,-0.999053543,5.1,0,37.5,964.1,8.807,131.828,-0.993484629,0,0,8.888,-0.1,0.113966189,0.472,-0.04349733,1022.7,1.202,1,0,10,0,0,0
2023-12-01 17:00,-0.904827052,0.425779292,-0.99954208,3.7,0,36.9,964.1,13.034,131.865,-0.99929013,0,0,10.434,-0.2,-0.037672742,-0.066,0.03025939,1022.7,1.205,1,0,10,0,0,0
2023-12-01 17:10,-0.811063819,-0.584957675,-0.99954208,2.5,0,36.9,964.2,13.034,131.967,-0.999789368,0,0,9.658,-0.4,-0.020523631,-0.258,0.03025939,1022.8,1.206,1,0,10,0,0,0
2023-12-01 17:20,-0.803856861,0.594822787,-0.99954208,3.9,0,35.5,964.4,13.034,132.137,-0.997056768,0,0,10.066,-0.6,0.076666822,-0.443,0.03025939,1023.1,1.206,1,0,10,0,0,0
2023-12-01 17:30,-0.759271307,0.650774217,-0.99954208,3,0,34.5,964.5,13.034,132.255,-0.996009975,0,0,10.967,-0.7,0.089241975,-0.645,0.03025939,1023.2,1.207,1,0,10,0,0,0
2023-12-01 17:40,-0.832921241,0.553391549,-0.99954208,6.1,0,35,964.5,13.034,132.086,-0.994101853,0,0,11.54,-0.9,0.108450476,-0.977,0.03025939,1023.3,1.209,1,0,10,0,0,0
2023-12-01 17:50,-0.81613759,0.577857624,-0.99954208,4.4,0,34.5,964.6,13.034,132.056,-0.993579756,0,0,12.585,-1,0.113133849,-0.858,0.03025939,1023.4,1.208,1,0,10,0,0,0
2023-12-01 18:00,-0.74779809,0.663926213,-0.99954208,4.8,0,34.7,964.7,13.034,132.123,-0.992797126,0,0,12.839,-1.2,0.119807621,-0.945,0.03025939,1023.5,1.209,1,0,10,0,0,0
2023-12-01 18:10,-0.999815712,0.019197442,-0.99954208,4.9,0,34.4,964.7,13.034,131.984,-0.997977105,0,0,13.668,-1.2,0.063574348,-1.427,0.03025939,1023.5,1.211,1,0,10,0,0,0
2023-12-01 18:20,-0.99074784,0.135715572,-0.99954208,4.3,0,35.7,964.8,13.034,131.718,-0.998957863,0,0,13.53,-1.5,0.045641952,-1.328,0.03025939,1023.7,1.21,1,0,10,0,0,0
2023-12-01 18:30,-0.891006524,0.4539905,-0.99954208,5.4,0,36.5,964.6,13.034,131.591,-0.995727922,0,0,16.227,-1.6,-0.09233583,-1.334,0.03025939,1023.5,1.21,1,0,10,0,0,0
2023-12-01 18:40,-0.875464527,0.483282383,-0.99954208,6.9,0,37,964.7,13.034,131.411,-0.999528246,0,0,15.976,-1.5,-0.030712964,-1.496,0.03025939,1023.6,1.211,1,0,10,0,0,0
2023-12-01 18:50,-0.806960312,0.590605668,-0.999542608,4.9,0,38.5,964.9,13.033,131.102,-0.998431006,0,0,14.499,-1.7,0.055995765,-1.776,0.030241944,1023.8,1.212,1,0,10,0,0,0
2023-12-01 19:00,-0.901077021,0.433659085,-0.99954208,5.9,0,39.8,965,13.034,131.027,-0.9982305,0,0,13.659,-1.9,0.059463176,-1.751,0.03025939,1024,1.212,1,0,10,0,0,0
2023-12-01 19:10,-0.992965508,0.118403968,-0.99954208,5.7,0,39.5,965,13.034,131.068,-0.998813798,0,0,13.88,-2,0.048692877,-1.849,0.03025939,1024,1.213,1,0,10,0,0,0
2023-12-01 19:20,-0.982935349,0.183951351,-0.99954208,5.2,0,41.5,965.2,13.034,130.899,-0.999960849,0,0,14.899,-2.3,0.008848704,-2.313,0.03025939,1024.3,1.215,1,0,10,0,0,0
2023-12-01 19:30,-0.973578903,0.22835087,-0.99954208,4.6,0,41.1,965.2,13.034,130.635,-0.997827992,0,0,15.876,-2.3,-0.065873352,-2.1,0.03025939,1024.3,1.214,1,0,10,0,0,0
2023-12-01 19:40,-0.875464527,0.483282383,-0.99954208,4.9,0,41.3,965.4,13.034,130.552,-0.999305823,0,0,14.066,-2.5,-0.037254157,-2.238,0.03025939,1024.6,1.214,1,0,10,0,0,0
2023-12-01 19:50,-0.660001668,0.751264134,-0.99954208,2.5,0,43,965.4,13.034,130.511,-0.999982289,0,0,12.041,-2.8,0.005951538,-2.557,0.03025939,1024.6,1.216,1,0,10,0,0,0
2023-12-01 20:00,-0.917060074,0.398749069,-0.99954208,4.8,0,42.6,965.5,13.034,130.425,-0.989845814,0,0,10.865,-2.7,0.142145221,-2.855,0.03025939,1024.7,1.217,1,0,10,0,0,0
2023-12-01 20:10,-0.785856893,0.618408395,-0.99954208,7,0,42.8,965.5,13.034,130.495,-0.993227547,0,0,11.786,-2.7,0.116185368,-2.707,0.03025939,1024.7,1.216,1,0,10,0,0,0
2023-12-01 20:20,-0.946085359,0.323917418,-0.99954208,5.2,0,42.7,965.4,13.034,130.605,-0.991488091,0,0,12.261,-2.8,0.130197409,-2.758,0.03025939,1024.6,1.217,1,0,10,0,0,0
2023-12-01 20:30,-0.946085359,0.323917418,-0.99954208,4.8,0,43.3,965.6,13.034,130.647,-0.992068698,0,0,11.189,-2.9,0.125696854,-3.073,0.03025939,1024.9,1.218,1,0,10,0,0,0
2023-12-01 20:40,-0.844327926,0.535826795,-0.99954208,5.7,0,44.2,965.7,13.034,130.507,-0.991111361,0,0,11.261,-2.9,0.133034848,-3.16,0.03025939,1025,1.218,1,0,10,0,0,0
2023-12-01 20:50,-0.985407898,0.170209499,-0.99954208,3.1,0,45.9,965.9,13.034,130.563,-0.994494496,0,0,11.254,-3.2,0.104788825,-3.13,0.03025939,1025.3,1.218,1,0,10,0,0,0
2023-12-01 21:00,-0.792289643,0.610145164,-0.999435654,4.4,0,46.8,966.1,13.034,130.71,-0.997490454,0,0,11.151,-3.2,0.070801082,-3.116,0.033591268,1025.5,1.218,1,0,10,0,0,0
2023-12-01 21:10,-0.764921401,0.64412363,-0.99954208,5.9,0,46.9,966.1,13.034,130.699,-0.999971047,0,0,12.532,-3.2,-0.007609562,-3.525,0.03025939,1025.5,1.22,1,0,10,0,0,0
2023-12-01 21:20,-0.964557418,0.26387305,-0.99954208,4.3,0,48.8,965.9,13.034,130.388,-0.999151821,0,0,15.352,-3.4,-0.041178124,-3.366,0.03025939,1025.3,1.219,1,0,10,0,0,0
2023-12-01 21:30,-0.980614659,0.195946144,-0.99954208,6.2,0,48.3,965.9,13.034,130.232,-0.999864275,0,0,14.895,-3.3,-0.016475163,-3.371,0.03025939,1025.3,1.219,1,0,10,0,0,0
2023-12-01 21:40,-0.997684279,0.068015291,-0.99954208,5.7,0,49.2,966,13.034,130.137,-0.999976715,0,0,14.385,-3.5,-0.006824184,-3.57,0.03025939,1025.4,1.22,1,0,10,0,0,0
2023-12-01 21:50,-0.811063819,0.584957675,-0.99954208,8.1,0,49.6,966.1,13.034,129.831,-0.999997543,0,0,14.238,-3.5,-0.002216566,-3.784,0.03025939,1025.5,1.221,1,0,10,0,0,0
2023-12-01 22:00,-0.914959668,0.403545296,-0.99954208,5.9,0,50.6,966.1,13.034,129.746,-0.998943475,0,0,14.127,-3.6,0.045955781,-3.605,0.03025939,1025.6,1.22,1,0,10,0,0,0
2023-12-01 22:10,-0.801775644,0.597625147,-0.99954208,6.4,0,50.3,966.1,13.034,129.77,-0.999999275,0,0,14.594,-3.7,0.001204277,-3.569,0.03025939,1025.6,1.22,1,0,10,0,0,0
2023-12-01 22:20,-0.840566603,0.54170821,-0.99954208,5.2,0,50.9,966.1,13.034,129.618,-0.998378782,0,0,13.825,-3.7,0.056919314,-3.981,0.03025939,1025.6,1.222,1,0,10,0,0,0
2023-12-01 22:30,-0.994880709,0.101056297,-0.99954208,4.9,0,51.7,966.2,13.034,129.44,-0.99729142,0,0,12.168,-3.8,0.073551509,-3.778,0.03025939,1025.7,1.221,1,0,10,0,0,0
2023-12-01 22:40,-0.994150964,0.107999356,-0.99954208,5.8,0,50.8,966.4,13.034,129.538,-0.998514881,0,0,11.457,-3.8,0.054479647,-3.815,0.03025939,1025.9,1.221,1,0,10,0,0,0
2023-12-01 22:50,-0.981292664,0.192521967,-0.99954208,5.2,0,51.8,966.5,13.034,129.603,-0.998082224,0,0,11.829,-4,0.061902133,-4.008,0.03025939,1026.1,1.222,1,0,10,0,0,0
2023-12-01 23:00,-0.840566603,0.54170821,-0.99954208,5.1,0,52.2,966.5,13.034,129.448,-0.997546976,0,0,12.063,-4,0.070000223,-4.034,0.03025939,1026.1,1.222,1,0,10,0,0,0
2023-12-01 23:10,-0.899557779,0.436801788,-0.99954208,4.7,0,53.9,966.6,13.034,129.505,-0.996558272,0,0,11.438,-4.2,0.082895174,-3.976,0.03025939,1026.2,1.222,1,0,10,0,0,0
2023-12-01 23:20,-0.669130606,0.743144825,-0.99954208,4.5,0,55.2,966.6,13.034,129.633,-0.990872957,0,0,11.596,-4.2,0.134799048,-4.042,0.03025939,1026.2,1.222,1,0,10,0,0,0
2023-12-01 23:30,-0.859852272,0.510542918,-0.99954208,6.3,0,57.2,966.5,13.034,129.705,-0.994459692,0,0,11.471,-4.2,0.105118606,-4.312,0.03025939,1026.1,1.224,1,0,10,0,0,0
2023-12-01 23:40,-0.959313975,0.282341457,-0.99954208,5.7,0,58.8,966.5,13.034,129.51,-0.993070508,0,0,11.668,-4.3,0.117520065,-4.402,0.03025939,1026.2,1.224,1,0,10,0,0,0
2023-12-01 23:50,-0.996492859,0.083677843,-0.99954208,5.2,0,59.3,966.4,13.034,129.525,-0.996045719,0,0,11.772,-4.3,0.088842144,-4.364,0.03025939,1026.1,1.224,1,0,10,0,0,0
2023-12-02 0:00,-0.982612797,0.185666615,-0.99954208,4.5,0,60.3,966.4,13.034,129.597,-0.990082591,0,0,11.342,-4.4,0.140486519,-4.327,0.03025939,1026.1,1.224,1,0,10,0,0,0
2023-12-02 0:10,-0.758134336,0.652098404,-0.99954208,7.1,0,61.3,966.4,13.034,129.539,-0.992797126,0,0,12.319,-4.3,0.119807621,-4.653,0.03025939,1026.1,1.225,1,0,10,0,0,0
2023-12-02 0:20,-0.842452397,0.538770785,-0.99954208,7.1,0,62.2,966.3,13.034,129.392,-0.994041128,0,0,12.336,-4.4,0.10900567,-4.372,0.03025939,1026,1.224,1,0,10,0,0,0
2023-12-02 0:30,-0.76266833,0.64678978,-0.997668821,6.3,0,62.3,966.3,15.215,129.462,-0.9796839,0,0,11.5,-4.3,0.200547891,-4.476,0.068241656,1026,1.224,1,0,10,0,0,0
2023-12-02 0:40,-0.887815385,0.460199785,-0.986523658,4.8,0,63.4,966.2,20.717,129.459,-0.993388804,0,0,12.277,-4.4,0.114798448,-4.46,0.163618677,1025.9,1.224,1,0,10,0,0,0
2023-12-02 0:50,-0.970295726,0.241921896,-0.986523658,7.5,0,64.4,966.3,20.717,129.375,-0.991270853,0,0,12.636,-4.4,0.131841179,-4.615,0.163618677,1026,1.225,1,0,10,0,0,0
2023-12-02 1:00,-0.993571856,0.113203214,-0.986523658,7.6,0,65.4,966.2,20.717,129.056,-0.990134016,0,0,13.124,-4.4,0.140123626,-4.649,0.163618677,1025.9,1.225,1,0,10,0,0,0
2023-12-02 1:10,-0.988756381,0.149535343,-0.986523658,5,0,65.7,966.3,20.717,128.945,-0.993422822,0,0,12.931,-4.4,0.114503699,-4.489,0.163618677,1026,1.225,1,0,10,0,0,0
2023-12-02 1:20,-0.937281989,0.348572047,-0.986523658,4.2,0,66.6,966.2,20.717,128.959,-0.990092397,0,0,11.65,-4.4,0.140417398,-4.525,0.163618677,1025.9,1.225,1,0,10,0,0,0
2023-12-02 1:30,-0.889416373,0.457097927,-0.986523658,6,0,67.2,966.3,20.717,128.978,-0.992398667,0,0,13.016,-4.5,0.123064555,-4.466,0.163618677,1026,1.224,1,0,10,0,0,0
2023-12-02 1:40,-0.894934362,0.446197813,-0.986523658,6.1,0,67.2,966.5,20.717,128.911,-0.992569531,0,0,12.68,-4.4,0.121678786,-4.64,0.163618677,1026.2,1.225,1,0,10,0,0,0
2023-12-02 1:50,-0.969872015,0.243615012,-0.986523658,4.5,0,67.6,966.6,20.717,128.716,-0.996489938,0,0,12.378,-4.5,0.083712627,-4.622,0.163618677,1026.3,1.225,1,0,10,0,0,0
2023-12-02 2:00,-0.97113428,0.238533458,-0.986523658,4.7,0,69,966.6,20.717,128.697,-0.999183854,0,0,12.769,-4.6,0.04039338,-4.558,0.163618677,1026.3,1.225,1,0,10,0,0,0
2023-12-02 2:10,-0.748955721,-0.662620048,-0.986523658,4.6,0,69.5,966.5,20.717,128.703,-0.999309719,0,0,13.163,-4.6,0.03714951,-4.546,0.163618677,1026.2,1.225,1,0,10,0,0,0
2023-12-02 2:20,-0.825113498,0.564967003,-0.991488091,5.4,0,69.7,966.5,18.779,128.695,-0.999877999,0,0,13.403,-4.5,0.015620062,-4.541,0.130197409,1026.2,1.225,1,0,10,0,0,0
2023-12-02 2:30,-0.901832526,0.432085749,-0.999580327,4.6,0,70.4,966.5,12.96,128.664,-0.999274927,0,0,14.145,-4.6,-0.038073879,-4.451,0.028968412,1026.2,1.224,1,0,10,0,0,0
2023-12-02 2:40,-0.844327926,0.535826795,-0.999580327,5.4,0,70.7,966.4,12.96,128.452,-0.999137387,0,0,14.703,-4.5,-0.041526892,-4.643,0.028968412,1026.1,1.225,1,0,10,0,0,0
2023-12-02 2:50,-0.847121921,0.53139858,-0.999580327,3.9,0,71.7,966.6,12.96,128.325,-0.999858463,0,0,14.24,-4.7,0.01682418,-4.456,0.028968412,1026.4,1.224,1,0,10,0,0,0
2023-12-02 3:00,-0.882947593,0.469471563,-0.999580327,8,0,71.9,966.4,12.96,128.352,-0.999878816,0,0,15.841,-4.6,-0.015567708,-4.329,0.028968412,1026.1,1.224,1,0,10,0,0,0
2023-12-02 3:10,-0.996917334,0.078459096,-0.999580327,4.8,0,72.1,966.4,12.96,128.327,-0.999999718,0,0,15.15,-4.5,-0.000750492,-4.372,0.028968412,1026.1,1.224,1,0,10,0,0,0
2023-12-02 3:20,-0.959805292,0.280666709,-0.999576273,5.9,0,72.4,966.4,12.968,128.143,-0.999507108,0,0,14.837,-4.5,0.031393314,-4.523,0.02910798,1026.1,1.225,1,0,10,0,0,0
2023-12-02 3:30,-0.821149209,0.570713568,-0.999475948,5.6,0,72.9,966.4,12.964,128.182,-0.996513276,0,0,13.847,-4.5,0.083434352,-4.329,0.032370202,1026.1,1.224,1,0,10,0,0,0
2023-12-02 3:40,-0.831954122,0.554844427,-0.999579822,5,0,73.7,966.4,12.961,128.276,-0.999995546,0,0,14.204,-4.6,0.002984509,-4.316,0.028985858,1026.1,1.224,1,0,10,0,0,0
2023-12-02 3:50,-0.778243149,0.627963058,-0.999580327,4.2,0,74,966.4,12.96,128.214,-0.999971444,0,0,13.896,-4.6,0.007557204,-4.615,0.028968412,1026.1,1.225,1,0,10,0,0,0
2023-12-02 4:00,-0.835807361,0.549022818,-0.999580327,5.9,0,74.1,966.4,12.96,128.018,-0.999571688,0,0,14.545,-4.6,-0.029264993,-4.516,0.028968412,1026.1,1.225,1,0,10,0,0,0
2023-12-02 4:10,-0.977415894,0.211324796,-0.999580327,4.2,0,74.5,966.4,12.96,127.995,-0.999112568,0,0,14.853,-4.6,-0.042119784,-4.442,0.028968412,1026.1,1.224,1,0,10,0,0,0
2023-12-02 4:20,-0.987688341,0.156434465,-0.999580327,7.1,0,75.1,966.5,12.96,127.963,-0.999273597,0,0,15.233,-4.6,-0.038108761,-4.38,0.028968412,1026.2,1.224,1,0,10,0,0,0
2023-12-02 4:30,-0.994337944,0.106264071,-0.999575765,4,0,75.7,966.6,12.969,127.895,-0.998638654,0,0,14.221,-4.7,0.052161662,-4.634,0.029125426,1026.4,1.225,1,0,10,0,0,0
2023-12-02 4:40,-0.910683661,0.41310443,-0.999580327,6.2,0,75.8,966.8,12.96,127.782,-0.995928571,0,0,12.997,-4.6,0.090145888,-4.55,0.028968412,1026.6,1.225,1,0,10,0,0,0
2023-12-02 4:50,-0.846193166,0.532876276,-0.999578809,6.4,0,76.1,966.7,12.963,127.937,-0.993561973,0,0,13.14,-4.6,0.113289919,-4.438,0.02902075,1026.5,1.224,1,0,10,0,0,0
2023-12-02 5:00,-0.874619707,0.48480962,-0.999580327,5.9,0,75.9,966.7,12.96,128.074,-0.999305173,0,0,14.653,-4.6,0.037271598,-4.397,0.028968412,1026.5,1.224,1,0,10,0,0,0
2023-12-02 5:10,-0.825113498,0.564967003,-0.999580327,6.1,0,76.5,966.7,12.96,127.934,-0.998285078,0,0,14.607,-4.6,0.058539763,-4.483,0.028968412,1026.5,1.224,1,0,10,0,0,0
2023-12-02 5:20,-0.994150964,0.107999356,-0.999571688,4.3,0,77.3,966.7,12.977,127.977,-0.997760798,0,0,14.278,-4.7,0.06688341,-4.221,0.029264993,1026.5,1.223,1,0,10,0,0,0
2023-12-02 5:30,-0.990509463,0.137444546,-0.999580327,5.1,0,78.1,966.8,12.96,128.119,-0.999168982,0,0,14.332,-4.7,0.040759597,-4.073,0.028968412,1026.6,1.223,1,0,10,0,0,0
2023-12-02 5:40,-0.79335334,0.608761429,-0.999580327,5.3,0,78.2,966.9,12.96,128.114,-0.99973983,0,0,14.351,-4.6,0.022809475,-4.317,0.028968412,1026.7,1.224,1,0,10,0,0,0
2023-12-02 5:50,-0.783693457,0.62114778,-0.999572199,4.7,0,78.1,967,12.975,128.036,-0.994209252,0,0,13.066,-4.6,0.107461452,-4.215,0.029247547,1026.8,1.223,1,0,10,0,0,0
2023-12-02 6:00,-0.766044443,0.64278761,-0.999580327,4.1,0,78.1,967.1,12.961,128.269,-0.990562165,0,0,13.001,-4.6,0.137064208,-4.114,0.028968412,1026.9,1.223,1,0,10,0,0,0
2023-12-02 6:10,-0.785856893,0.618408395,-0.999574238,3.9,0,78.7,967.2,12.972,128.542,-0.99343281,0,0,13.073,-4.7,0.114417006,-4.132,0.029177763,1027,1.223,1,0,10,0,0,0
2023-12-02 6:20,-0.858959897,0.512042865,-0.999555708,4.2,0,79.2,967.2,13.008,128.54,-0.994315666,0,0,13.784,-4.6,0.106472323,-4.215,0.029805809,1027,1.223,1,0,10,0,0,0
2023-12-02 6:30,-0.938493023,0.345298199,-0.999558305,4.9,0,79.2,967.3,13.003,128.546,-0.993617218,0,0,12.997,-4.5,0.112804359,-4.061,0.029718581,1027.1,1.223,1,0,10,0,0,0
2023-12-02 6:40,-0.918446381,0.395545503,-0.999564508,4.6,0,78.7,967.4,12.99,128.731,-0.990849415,0,0,13.392,-4.5,0.134971986,-3.929,0.029509233,1027.2,1.222,1,0,10,0,0,0
2023-12-02 6:50,-0.721760228,0.692143174,-0.999570666,5.8,0,79.2,967.4,12.979,128.858,-0.992818021,0,0,13.1,-4.5,0.119634344,-4.069,0.029299884,1027.2,1.223,1,0,10,0,0,0
2023-12-02 7:00,-0.834847863,0.55048074,-0.999547346,5.1,0,78.8,967.5,13.023,128.726,-0.993249835,0,0,13.404,-4.4,0.11599468,-3.939,0.030084936,1027.3,1.222,1,0,10,0,0,0
2023-12-02 7:10,-0.840566603,0.54170821,-0.999548395,4.3,0,78.5,967.5,13.022,128.853,-0.993742602,0,0,14.128,-4.3,0.111694408,-3.427,0.030050045,1027.2,1.22,1,0,10,0,0,0
2023-12-02 7:20,-0.866025404,0.5,-0.999548395,4.4,0,77.8,967.6,13.022,129.072,-0.993583705,0,0,14.572,-4.1,0.113099167,-2.927,0.030050045,1027.3,1.217,1,0,10,0,0,0
2023-12-02 7:30,-0.962691746,0.270600446,-0.99954208,4.8,0,77.2,967.7,13.034,129.09,-0.994492667,0,0,13.421,-3.9,0.104806182,-3.485,0.03025939,1027.3,1.22,1,0,10,0,0,0
2023-12-02 7:40,-0.97236992,0.233445364,-0.99954208,3.7,0,76.7,967.8,13.034,129.025,-0.997274706,0,0,12.305,-3.9,0.073777785,-3.233,0.03025939,1027.4,1.219,1,0,10,0,0,0
2023-12-02 7:50,-0.981958713,0.189095443,-0.99954208,4.4,0,77.2,967.7,13.034,129.165,-0.995629052,0,0,11.511,-3.9,0.09339588,-3.114,0.03025939,1027.3,1.218,1,0,10,0,0,0
2023-12-02 8:00,-0.825113498,0.564967003,-0.99954208,5.1,0,77,967.8,13.034,129.224,-0.99818349,0,0,11.803,-3.8,0.060247166,-3.305,0.03025939,1027.4,1.219,1,0,10,0,0,0
2023-12-02 8:10,-0.834847863,0.55048074,-0.999577288,4.6,0,76.9,967.9,12.966,129.119,-0.997590761,0,0,11.819,-3.8,0.069373432,-2.886,0.029073088,1027.5,1.217,1,0,10,0,0,0
2023-12-02 8:20,-0.763796029,0.645457688,-0.999580327,2.7,0,76.8,967.9,12.96,129.275,-0.994531013,0,0,11.137,-3.7,0.104441674,-2.77,0.028968412,1027.5,1.217,1,0,10,0,0,0
2023-12-02 8:30,-0.807989884,0.589196357,-0.999578809,4.2,0,75.7,967.9,12.963,129.418,-0.999125751,0,0,11.452,-3.5,0.041805902,-2.792,0.02902075,1027.5,1.217,1,0,10,0,0,0
2023-12-02 8:40,-0.965472631,0.260504509,-0.999580327,4.6,0,73.9,968,12.96,129.351,-0.998073571,0,0,11.204,-3.2,0.062041491,-2.599,0.028968412,1027.5,1.216,1,0,10,0,0,0
2023-12-02 8:50,-0.981958713,0.189095443,-0.999580327,5,0,72.9,968,12.96,129.469,-0.999822681,0,0,11.12,-3,-0.01883099,-2.278,0.028968412,1027.4,1.215,1,0,10,0,0,0
2023-12-02 9:00,-0.830012285,0.557745109,-0.999580327,4,0,72,968.2,12.96,129.666,-0.99993644,0,0,10.696,-2.8,0.011274588,-2.096,0.028968412,1027.6,1.214,1,0,10,0,0,0
2023-12-02 9:10,-0.804893797,0.593418887,-0.999580327,3.7,0,70.9,968.4,12.96,129.857,-0.992790852,0,0,9.7,-2.6,0.119859604,-2.18,0.028968412,1027.8,1.214,1,0,10,0,0,0
2023-12-02 9:20,-0.868631514,0.495458668,-0.999580327,3,0,69.8,968.3,12.96,129.921,-0.9903819,0,0,10.123,-2.2,0.138360733,-1.858,0.028968412,1027.6,1.213,1,0,10,0,0,0
2023-12-02 9:30,-0.862513669,0.506033764,-0.999580327,4.6,0,67.2,968.3,12.96,130.185,-0.996053468,0,0,10.498,-1.7,0.088755222,-1.472,0.028968412,1027.4,1.211,1,0,10,0,0,0
2023-12-02 9:40,-0.718126298,0.695912797,-0.999580327,4.7,0,65.8,968.3,12.96,130.407,-0.999648127,0,0,11.923,-1.3,-0.026525893,-1.21,0.028968412,1027.3,1.21,1,0,10,0,0,0
2023-12-02 9:50,-0.994150964,0.107999356,-0.999580327,4.8,0,64.5,968.2,12.96,130.393,-0.999815377,0,0,11.19,-0.9,-0.019214892,-1.535,0.028968412,1027.2,1.211,1,0,10,0,0,0
2023-12-02 10:00,-0.995724698,0.092370587,-0.999580327,5.7,0,63.1,968.2,12.96,130.311,-0.998087622,0,0,11.417,-0.5,-0.061815034,-1.205,0.028968412,1027.1,1.21,1,0,10,0,0,0
2023-12-02 10:10,-0.963162567,0.268919821,-0.999580327,2.6,0,63.5,968.1,12.96,130.397,-0.995724698,0,0,11.877,-0.2,-0.092370587,-0.954,0.028968412,1026.9,1.209,1,0,10,0,0,0
2023-12-02 10:20,-0.879648573,0.475624209,-0.999360615,4.1,0,60.9,967.9,9.258,130.421,-0.989036492,0,0,12.496,-0.1,-0.147671317,-0.616,-0.035754174,1026.7,1.207,1,0,10,0,0,0
2023-12-02 10:30,-0.797583929,0.603207988,-0.994341653,7.4,0,60.3,967.8,5.202,130.324,-0.993573831,0,0,12.471,0.4,-0.113185873,-0.507,-0.106229362,1026.4,1.207,1,0,10,0,0,0
2023-12-02 10:40,-0.76266833,0.64678978,-0.994341653,5.4,0,58.8,967.7,5.202,130.209,-0.995171031,0,0,11.59,0.9,-0.098156093,-0.162,-0.106229362,1026.2,1.205,1,0,10,0,0,0
2023-12-02 10:50,-0.953190668,0.302369891,-0.994341653,7,0,56.8,967.7,5.202,130.304,-0.995339147,0,0,10.838,1.3,-0.096436416,0.223,-0.106229362,1026.1,1.203,1,0,10,0,0,0
2023-12-02 11:00,-0.980955155,0.194234351,-0.994341653,4.6,0,56.2,967.7,5.202,130.475,-0.998447577,0,0,10.043,1.6,-0.055699522,0.58,-0.106229362,1026,1.202,1,0,10,0,0,0
2023-12-02 11:10,-0.998889875,0.047106451,-0.994341653,3.2,0,55.7,967.7,5.202,130.519,-0.992590752,0,0,11.192,2,-0.121505548,0.932,-0.106229362,1025.9,1.2,1,0,10,0,0,0
2023-12-02 11:20,-0.874619707,0.48480962,-0.994341653,4.2,0,54.4,967.7,5.202,130.701,-0.999584362,0,0,9.97,2.1,-0.028828844,1.546,-0.106229362,1025.9,1.198,1,0,10,0,0,0
2023-12-02 11:30,-0.999262916,-0.038387809,-0.994284032,6.3,0,54.5,967.6,5.171,131.067,-0.999904946,0,0,10.532,2.6,-0.013787664,2.075,-0.106767337,1025.7,1.195,1,0,10,0,0,0
2023-12-02 11:40,-0.87630668,0.481753674,-0.998602917,3.9,0,53.1,967.6,8.272,131.337,-0.985861829,0,0,8.835,3,0.167560301,2.248,-0.052841401,1025.6,1.195,1,0,10,0,0,0
2023-12-02 11:50,-0.843391446,0.537299608,-0.996707097,5.4,0,52.7,967.7,15.947,131.604,-0.993689857,0,0,9.256,3.3,0.112162686,2.641,0.081086143,1025.6,1.193,1,0,10,0,0,0
2023-12-02 12:00,-0.999194395,0.040131793,-0.989149604,4.9,0,51.8,967.5,19.746,131.792,-0.999688124,0,0,10.2,3.7,0.024973065,2.666,0.146911748,1025.3,1.193,1,0,10,0,0,0
2023-12-02 12:10,-0.991671162,0.128795597,-0.999297999,4.2,0,51.4,967.4,13.255,132.004,-0.988054189,0,0,8.946,3.5,0.154106847,3.083,0.03746345,1025.2,1.191,1,0,10,0,0,0
2023-12-02 12:20,-0.61152704,0.791223533,-0.98809987,2.9,0,50.2,967.3,20.152,132.392,-0.976754659,0,0,9.59,3.8,0.214360296,3.385,0.153813679,1025,1.19,1,0,10,0,0,0
2023-12-02 12:30,-0.68199836,0.731353702,-0.975798592,6.9,0,50.6,967.3,23.94,132.767,-0.932285927,0,0,8.763,3.6,0.361722201,3.674,0.218671231,1025.1,1.188,1,0,10,0,0,0
2023-12-02 12:40,-0.882947593,0.469471563,-0.952310628,4.4,0,49.5,967.2,29.066,133.109,-0.961583361,0,0,10.298,4,0.274513096,3.353,0.305130246,1025,1.19,1,0,10,0,0,0
2023-12-02 12:50,-0.878817113,0.47715876,-0.952310628,1.6,0,49.5,967,29.066,133.328,-0.965894198,0,0,9.91,4.2,0.258937053,3.369,0.305130246,1024.8,1.19,1,0,10,0,0,0
2023-12-02 13:00,-0.99317065,-0.116670737,-0.952315954,2.1,0,48.8,966.9,29.065,133.416,-0.945598099,0,0,8.637,4.2,0.325337111,3.579,0.305113625,1024.7,1.189,1,0,10,0,0,0
2023-12-02 13:10,-0.99950656,-0.031410759,-0.952310628,5,0,49.1,966.9,29.066,133.712,-0.953354126,0,0,9.092,4.1,0.301854121,3.775,0.305130246,1024.7,1.188,1,0,10,0,0,0
2023-12-02 13:20,0.610145164,0.792289643,-0.952310628,3.2,0,48.7,966.6,29.066,133.995,-0.939555249,0,0,8.97,4.3,0.342397333,3.738,0.305130246,1024.3,1.188,1,0,10,0,0,0
2023-12-02 13:30,-0.89571176,0.444635179,-0.952310628,3.2,0,48.9,966.5,29.066,134.329,-0.922342647,0,0,7.557,4.6,0.386372931,4.003,0.305130246,1024.1,1.187,1,0,10,0,0,0
2023-12-02 13:40,-0.845261833,0.534352349,-0.914091247,2.3,0,48.3,966.4,35.058,134.67,-0.835423867,0,0,5.809,4.4,0.549606188,4.075,0.405508559,1024.1,1.187,1,0,10,0,0,0
2023-12-02 13:50,-0.590605668,0.806960312,-0.918204585,2,0,46.9,966.3,34.64,134.993,-0.996445969,0,0,5.799,4.8,0.084234377,4.295,0.396106476,1023.9,1.186,1,0,10,0,0,0
2023-12-02 14:00,-0.868631514,0.495458668,-0.970266163,3.5,0,47.1,966.2,25.279,135.227,-0.992149662,0,0,6.351,4.6,0.125056178,4.476,0.242040438,1023.8,1.185,1,0,10,0,0,0
2023-12-02 14:10,-0.999902524,-0.01396218,-0.993119648,2.6,0,45.6,966.2,18.052,135.552,-0.894076075,0,0,4.873,5.1,0.44791514,4.608,0.117104078,1023.7,1.184,1,0,10,0,0,0
2023-12-02 14:20,-0.201077921,-0.97957525,-0.94787969,1.8,0,45.9,966.1,29.856,135.785,-0.99340082,0,0,6.131,5.4,-0.11469442,4.693,0.318628456,1023.5,1.184,1,0,10,0,0,0
2023-12-02 14:30,-0.97154912,0.236838146,-0.996884381,4.2,0,45.8,966,15.81,135.948,-0.967656356,0,0,6.516,5.1,-0.252272029,4.741,0.078876677,1023.5,1.184,1,0,10,0,0,0
2023-12-02 14:40,-0.992757342,0.120136839,-0.977305111,1.9,0,45.4,966,-0.93,136.166,-0.991635157,0,0,6.192,5.3,-0.129072518,4.431,-0.211836541,1023.4,1.185,1,0,10,0,0,0
2023-12-02 14:50,-0.974761194,0.223250116,-0.991280055,2.1,0,45.2,966,3.727,136.491,-0.99999947,0,0,5.123,5.5,0.001029744,4.658,-0.131771975,1023.4,1.184,1,0,10,0,0,0
2023-12-02 15:00,-0.905568799,0.424199423,-0.9971127,1.8,0,45.1,966,6.754,136.838,-0.998203413,0,0,5.317,5.5,-0.059916152,4.629,-0.075935921,1023.4,1.184,1,0,10,0,0,0
2023-12-02 15:10,-0.733729865,-0.679441304,-0.996854021,2.9,0,46,965.9,6.754,137.142,-0.998139058,0,0,4.181,5.1,-0.060978856,4.732,-0.079259447,1023.4,1.184,1,0,10,0,0,0
2023-12-02 15:20,-0.97113428,-0.238533458,-0.996854021,2.4,0,45.3,965.8,6.754,137.475,-0.983378724,0,0,4.813,5.2,-0.181566203,4.578,-0.079259447,1023.2,1.185,1,0,10,0,0,0
2023-12-02 15:30,-0.940288127,-0.34037955,-0.996854021,1.9,0,46.4,965.9,6.754,137.769,-0.993579756,0,0,4.353,5,-0.113133849,4.629,-0.079259447,1023.4,1.184,1,0,10,0,0,0
2023-12-02 15:40,-0.978867389,-0.204496052,-0.996854021,1.8,0,46.3,965.9,6.754,138.031,-0.981463642,0,0,4.374,4.9,-0.191648424,4.643,-0.079259447,1023.4,1.184,1,0,10,0,0,0
2023-12-02 15:50,-0.848971688,0.528438335,-0.996854021,1.7,0,46.7,965.8,6.754,138.26,-0.989152168,0,0,3.93,4.9,-0.146894484,4.637,-0.079259447,1023.3,1.184,1,0,10,0,0,0
2023-12-02 16:00,-0.981292664,-0.192521967,-0.990973843,2,0,48.4,965.9,3.595,138.452,-0.974311139,0,0,4.064,4.5,-0.225206136,4.599,-0.134055369,1023.5,1.184,1,0,10,0,0,0
2023-12-02 16:10,-0.94437637,-0.328866647,-0.9770307,1.5,0,48.9,965.9,-1.004,138.615,-0.966277276,0,0,3.914,4.4,-0.257503836,4.484,-0.213098596,1023.6,1.185,1,0,10,0,0,0
2023-12-02 16:20,-0.995724698,-0.092370587,-0.970071527,3.5,0,50.5,965.8,-2.755,138.775,-0.932896975,0,0,3.788,4,-0.360143352,4.425,-0.242819339,1023.6,1.185,1,0,10,0,0,0
2023-12-02 16:30,-0.993960955,-0.109734311,-0.955252553,2.5,0,51.5,965.8,-5.891,138.941,-0.999330311,0,0,3.51,3.7,-0.036591384,4.347,-0.295791413,1023.5,1.186,1,0,10,0,0,0
2023-12-02 16:40,-0.936059536,-0.351841648,-0.995259705,1.6,0,50.6,965.8,5.719,139.073,-0.999782507,0,0,3.59,3.8,0.020855172,4.202,-0.097252864,1023.4,1.186,1,0,10,0,0,0
2023-12-02 16:50,-0.988756381,-0.149535343,-0.995259705,0,0,52.9,965.8,5.719,139.188,-0.99801905,0,0,4.199,3.3,-0.062912451,4.06,-0.097252864,1023.6,1.187,1,0,10,0,0,0
2023-12-02 17:00,-0.955793015,-0.294040325,-0.995259705,0.8,0,53.3,965.9,5.719,139.275,-0.99934049,0,0,4.064,3.3,-0.036312317,3.914,-0.097252864,1023.7,1.187,1,0,10,0,0,0
2023-12-02 17:10,-0.999450216,-0.033155178,-0.994443168,0.7,0,53.1,965.8,5.256,139.325,-0.963732994,0,0,4.054,3,-0.266868349,3.78,-0.105274814,1023.6,1.188,1,0,10,0,0,0
2023-12-02 17:20,-0.671720589,-0.740804596,-0.971395974,1.1,0,53.3,965.8,-2.441,139.324,-0.856690511,0,0,4.574,3,-0.515830755,3.732,-0.237465496,1023.6,1.188,1,0,10,0,0,0
2023-12-02 17:30,-0.781520472,-0.623879597,-0.870836567,1.3,0,53,965.7,-18.144,139.271,-0.914112478,0,0,5.013,3,-0.405460697,3.769,-0.491572653,1023.5,1.188,1,0,10,0,0,0
2023-12-02 17:40,-0.904827052,-0.425779292,-0.899076947,2.4,0,52.4,965.7,-14.662,139.256,-0.936788271,0,0,6.35,3.2,-0.34989675,3.81,-0.43779064,1023.5,1.188,1,0,10,0,0,0
2023-12-02 17:50,-0.927183855,-0.374606593,-0.928738394,2.3,0,53.5,965.7,-10.461,139.178,-0.930174291,0,0,7.773,2.9,-0.367118222,3.83,-0.370735749,1023.6,1.188,1,0,10,0,0,0
2023-12-02 18:00,-0.792289643,-0.610145164,-0.928738394,2.1,0,53.7,965.8,-10.461,139.046,-0.920463931,0,0,7.688,3,-0.390827521,3.793,-0.370735749,1023.6,1.188,1,0,10,0,0,0
2023-12-02 18:10,-0.675590208,-0.737277337,-0.928738394,0.7,0,53.6,965.8,-10.461,138.901,-0.932235412,0,0,8.026,3.1,-0.361852369,3.877,-0.370735749,1023.6,1.188,1,0,10,0,0,0
2023-12-02 18:20,0.258819045,-0.965925826,-0.928738394,0.5,0,54.8,965.8,-10.461,138.763,-0.961295364,0,0,7.454,3,-0.275519913,3.873,-0.370735749,1023.6,1.188,1,0,10,0,0,0
2023-12-02 18:30,-0.977415894,-0.211324796,-0.928738394,2,0,55.5,965.8,-10.461,138.613,-0.956975794,0,0,8.75,2.8,-0.290167763,3.929,-0.370735749,1023.7,1.187,1,0,10,0,0,0
2023-12-02 18:40,-0.987413807,-0.158158067,-0.928738394,1.8,0,55.7,965.8,-10.461,138.391,-0.965121666,0,0,8.617,3.2,-0.261801775,3.81,-0.370735749,1023.6,1.188,1,0,10,0,0,0
2023-12-02 18:50,-0.866896749,0.49848774,-0.954636152,2.9,0,54.2,965.8,-6.025,138.191,-0.976412969,0,0,9.278,3.6,-0.215911355,3.797,-0.297774777,1023.5,1.188,1,0,10,0,0,0
2023-12-02 19:00,-0.563526049,0.826098294,-0.96996973,1.8,0,54.6,965.8,-2.777,137.897,-0.974963408,0,0,9.277,3.5,-0.222365359,3.608,-0.243225661,1023.5,1.189,1,0,10,0,0,0
2023-12-02 19:10,-0.930417568,-0.366501227,-0.96996973,3,0,57.2,965.7,-2.777,137.653,-0.93196991,0,0,7.76,3.2,-0.362535636,3.437,-0.243225661,1023.5,1.189,1,0,10,0,0,0
2023-12-02 19:20,-0.928485827,0.371367836,-0.945011716,0.7,0,58.3,965.7,-7.794,137.484,-0.898042932,0,0,7.47,3.1,-0.439907823,3.394,-0.327036476,1023.5,1.19,1,0,10,0,0,0
2023-12-02 19:30,-0.692143174,-0.721760228,-0.928738394,1.3,0,59.4,965.6,-10.461,137.428,-0.898885839,0,0,7.099,2.6,-0.438182894,3.361,-0.370735749,1023.5,1.19,1,0,10,0,0,0
2023-12-02 19:40,-0.713250449,-0.700909264,-0.928738394,2.1,0,59.8,965.7,-10.461,137.415,-0.897358521,0,0,7.954,2.6,-0.44130226,3.394,-0.370735749,1023.6,1.19,1,0,10,0,0,0
2023-12-02 19:50,-0.654740814,-0.755853469,-0.928738394,1.9,0,61.4,965.6,-10.461,137.392,-0.888040175,0,0,7.551,2.3,-0.459765861,3.401,-0.370735749,1023.6,1.19,1,0,10,0,0,0
2023-12-02 20:00,-0.759271307,-0.650774217,-0.928738394,1.6,0,61.4,965.6,-10.461,137.393,-0.869917036,0,0,6.917,2.6,-0.493198084,3.416,-0.370735749,1023.5,1.19,1,0,10,0,0,0
2023-12-02 20:10,-0.987413807,-0.158158067,-0.874788884,2.6,0,61.8,965.6,-17.683,137.438,-0.812622969,0,0,6.259,2.3,-0.582789765,3.384,-0.484504291,1023.6,1.19,1,0,10,0,0,0
2023-12-02 20:20,-0.746638182,-0.665230355,-0.861717729,2.9,0,61.5,965.6,-19.192,137.513,-0.783617564,0,0,6.09,2.4,-0.621243522,3.356,-0.507387973,1023.6,1.19,1,0,10,0,0,0
2023-12-02 20:30,-0.54024032,-0.841510782,-0.797289051,2.7,0,60.2,965.5,-25.828,137.606,-0.790336831,0,0,5.794,2.6,-0.612672583,3.489,-0.603597689,1023.4,1.189,1,0,10,0,0,0
2023-12-02 20:40,-0.398749069,-0.917060074,-0.797289051,2.6,0,59.2,965.4,-25.828,137.679,-0.789651976,0,0,6.32,2.7,-0.613555015,3.59,-0.603597689,1023.3,1.189,1,0,10,0,0,0
2023-12-02 20:50,-0.270600446,-0.962691746,-0.797289051,2.2,0,58.5,965.5,-25.828,137.737,-0.782108118,0,0,7.351,2.8,-0.623142754,3.701,-0.603597689,1023.4,1.188,1,0,10,0,0,0
2023-12-02 21:00,-0.71447268,-0.699663341,-0.797289051,2.6,0,56.9,965.5,-25.828,137.782,-0.784559979,0,0,5.806,3,-0.620052933,3.668,-0.603597689,1023.3,1.188,1,0,10,0,0,0
2023-12-02 21:10,-0.05059294,-0.998719357,-0.797289051,1,0,55.6,965.5,-25.828,137.851,-0.775495743,0,0,6.111,3.2,-0.631352795,3.604,-0.603597689,1023.3,1.189,1,0,10,0,0,0
2023-12-02 21:20,-0.992114701,-0.125333234,-0.797289051,1.9,0,55.5,965.5,-25.828,137.933,-0.838128326,0,0,5.804,3.2,-0.545473106,3.624,-0.603597689,1023.3,1.189,1,0,10,0,0,0
2023-12-02 21:30,-0.697165103,-0.716910608,-0.797289051,2.6,0,56.4,965.4,-25.828,138.031,-0.806207172,0,0,5.882,3,-0.591633328,3.742,-0.603597689,1023.2,1.188,1,0,10,0,0,0
2023-12-02 21:40,-0.503019947,-0.864274802,-0.797289051,1.8,0,54.9,965.3,-25.828,138.109,-0.734121073,0,0,4.858,3.3,-0.679018594,3.595,-0.603597689,1023,1.189,1,0,10,0,0,0
2023-12-02 21:50,-0.34037955,-0.940288127,-0.797289051,0.9,0,54.6,965.2,-25.742,138.167,-0.762295679,0,0,5.284,3.4,-0.647228938,3.566,-0.603597689,1022.9,1.189,1,0,10,0,0,0
2023-12-02 22:00,-0.573576436,-0.819152044,-0.797289051,3.2,0,54.7,965.4,-25.828,138.238,-0.807516586,0,0,5.099,3.4,-0.589844863,3.436,-0.603597689,1023.1,1.189,1,0,10,0,0,0
2023-12-02 22:10,-0.996041065,0.088894297,-0.797289051,1.9,0,55.3,965.5,-25.828,138.297,-0.82455104,0,0,6.287,3.3,-0.565787578,3.407,-0.603597689,1023.3,1.19,1,0,10,0,0,0
2023-12-02 22:20,-0.722967146,-0.690882411,-0.797289051,2.5,0,56,965.2,-25.828,138.348,-0.822957935,0,0,5.689,3.2,-0.568102313,3.54,-0.603597689,1023,1.189,1,0,10,0,0,0
2023-12-02 22:30,-0.881303452,-0.472550765,-0.797289051,1.9,0,56.8,965.2,-25.828,138.369,-0.814581474,0,0,7.765,2.8,-0.580049155,3.538,-0.603597689,1023.1,1.189,1,0,10,0,0,0
2023-12-02 22:40,-0.815127796,-0.579281172,-0.798278245,2.2,0,57.9,965.4,-25.741,138.343,-0.87799133,0,0,6.908,2.7,-0.478676534,3.659,-0.602288837,1023.3,1.188,1,0,10,0,0,0
2023-12-02 22:50,-0.594822787,-0.803856861,-0.869563888,1.9,0,58,965.4,-18.292,138.346,-0.92659428,0,0,5.418,2.6,-0.376062548,3.54,-0.493820457,1023.3,1.189,1,0,10,0,0,0
2023-12-02 23:00,-0.685818353,-0.727772758,-0.869563888,1.7,0,59.2,965.5,-18.292,138.397,-0.871222379,0,0,5.763,2.5,-0.490888548,3.407,-0.493820457,1023.5,1.19,1,0,10,0,0,0
2023-12-02 23:10,-0.767165152,-0.641449632,-0.869563888,2.2,0,59.2,965.4,-18.292,138.446,-0.898839947,0,0,6.119,2.7,-0.438277023,3.477,-0.493820457,1023.3,1.189,1,0,10,0,0,0
2023-12-02 23:20,-0.7193398,-0.69465837,-0.869563888,1.7,0,59.3,965.4,-18.292,138.496,-0.865221436,0,0,6.058,2.7,-0.501389934,3.437,-0.493820457,1023.3,1.189,1,0,10,0,0,0
2023-12-02 23:30,-0.838670568,-0.544639035,-0.869563888,2.4,0,59.7,965.4,-18.292,138.543,-0.912976656,0,0,6.804,2.8,-0.408011796,3.555,-0.493820457,1023.3,1.189,1,0,10,0,0,0
2023-12-02 23:40,-0.736097087,-0.67687597,-0.869736211,2.3,0,59.6,965.3,-18.272,138.501,-0.920899915,0,0,8.582,2.8,-0.38979911,3.876,-0.493516892,1023.2,1.188,1,0,10,0,0,0
2023-12-02 23:50,-0.97113428,-0.238533458,-0.894068257,2.6,0,60.4,965.4,-15.302,138.432,-0.925454568,0,0,8.382,3,-0.378858606,3.865,-0.447930745,1023.2,1.188,1,0,10,0,0,0
2023-12-03 0:00,0.930417568,0.366501227,-0.928265289,0.7,0,61.1,965.4,-10.534,138.305,-0.942080869,0,0,8.024,2.9,-0.335385801,3.714,-0.371918745,1023.2,1.188,1,0,10,0,0,0
2023-12-03 0:10,-0.99756405,0.069756474,-0.928265289,1.9,0,62.4,965.3,-10.534,138.191,-0.95227867,0,0,8.09,2.9,-0.30522997,3.494,-0.371918745,1023.1,1.189,1,0,10,0,0,0
2023-12-03 0:20,-0.960293686,0.278991106,-0.928265289,2.9,0,63.3,965.3,-10.534,137.861,-0.952134728,0,0,9.002,2.8,-0.305678687,3.455,-0.371918745,1023.2,1.189,1,0,10,0,0,0
2023-12-03 0:30,-0.945518576,0.325568154,-0.928265289,3.4,0,63.6,965.1,-10.534,137.652,-0.97175543,0,0,10.151,2.9,-0.235990219,3.509,-0.371918745,1022.9,1.189,1,0,10,0,0,0
2023-12-03 0:40,-0.983885038,0.178802215,-0.968899228,3,0,63.8,965.1,-3.027,137.363,-0.985485036,0,0,10.274,2.7,-0.169762318,3.303,-0.247455623,1023,1.19,1,0,10,0,0,0
2023-12-03 0:50,-0.906307787,0.422618262,-0.96996973,3.4,0,64.2,965.1,-2.777,136.806,-0.988575582,0,0,10.776,2.9,-0.150725971,3.16,-0.243225661,1022.9,1.191,1,0,10,0,0,0
2023-12-03 1:00,-0.996778878,0.080198924,-0.96996973,4.3,0,64.2,965.1,-2.777,136.42,-0.98031255,0,0,11.52,2.9,-0.197452029,3.287,-0.243225661,1022.9,1.19,1,0,10,0,0,0
2023-12-03 1:10,-0.991894443,0.127064609,-0.96996973,2.7,0,65.2,965,-2.777,136.034,-0.986475068,0,0,11.081,2.6,-0.163911377,3.191,-0.243225661,1022.9,1.19,1,0,10,0,0,0
2023-12-03 1:20,-0.997052752,-0.076719028,-0.96996973,3.7,0,65.5,965,-2.777,135.522,-0.979834133,0,0,11.857,2.8,-0.19981259,3.089,-0.243225661,1022.9,1.191,1,0,10,0,0,0
2023-12-03 1:30,-0.924546034,0.381070376,-0.96996973,3.5,0,65,964.9,-2.777,135.133,-0.966765405,0,0,12.558,2.9,-0.255665117,3.201,-0.243225661,1022.7,1.19,1,0,10,0,0,0
2023-12-03 1:40,-0.89571176,0.444635179,-0.96996124,4.1,0,66.3,964.9,-2.779,134.769,-0.972880942,0,0,13.115,2.7,-0.231306448,3.108,-0.243259519,1022.8,1.191,1,0,10,0,0,0
2023-12-03 1:50,-0.981292664,0.192521967,-0.969654785,4.6,0,66.8,965.1,-2.851,134.333,-0.984774397,0,0,13.217,2.8,-0.173837244,3.063,-0.244478216,1023,1.191,1,0,10,0,0,0
2023-12-03 2:00,-0.953190668,0.302369891,-0.969654785,4,0,67.3,965,-2.851,134.053,-0.990434954,0,0,12.833,2.6,-0.137980443,3.052,-0.244478216,1022.9,1.191,1,0,10,0,0,0
2023-12-03 2:10,-0.980614659,-0.195946144,-0.969654785,4.5,0,68.1,965.1,-2.851,133.939,-0.988441027,0,0,12.556,2.4,-0.15160586,2.981,-0.244478216,1023.1,1.191,1,0,10,0,0,0
2023-12-03 2:20,-0.998341817,-0.057564027,-0.969654785,5,0,66.3,965.2,-2.851,133.64,-0.990362571,0,0,13.499,2.6,-0.138499015,2.842,-0.244478216,1023.1,1.192,1,0,10,0,0,0
2023-12-03 2:30,-0.922538089,0.385906042,-0.969654785,3.5,0,64.4,965.1,-2.851,133.443,-0.978292512,0,0,13.902,2.6,-0.207228764,3.109,-0.244478216,1023,1.191,1,0,10,0,0,0
2023-12-03 2:40,-0.966823389,0.255445758,-0.969654785,5.6,0,62.8,965,-2.851,133.31,-0.977041856,0,0,14.127,2.5,-0.213047439,3.098,-0.244478216,1022.9,1.191,1,0,10,0,0,0
2023-12-03 2:50,-0.931055816,0.364876784,-0.969654785,4.3,0,60.3,964.9,-2.851,133.03,-0.981643831,0,0,14.263,2.7,-0.190723332,2.95,-0.244478216,1022.8,1.192,1,0,10,0,0,0
2023-12-03 3:00,-0.952661481,0.304033061,-0.969654785,4.4,0,59.2,964.8,-2.851,132.85,-0.978634765,0,0,14.213,2.6,-0.20560641,3.03,-0.244478216,1022.7,1.191,1,0,10,0,0,0
2023-12-03 3:10,-0.94437637,0.328866647,-0.969654785,4.5,0,59,964.9,-2.851,132.808,-0.983555714,0,0,13.493,2.5,-0.180604977,2.974,-0.244478216,1022.8,1.191,1,0,10,0,0,0
2023-12-03 3:20,-0.99756405,0.069756474,-0.969654785,4.6,0,60.4,965,-2.851,132.699,-0.99427844,0,0,12.848,2.2,-0.106819398,2.793,-0.244478216,1023,1.192,1,0,10,0,0,0
2023-12-03 3:30,-0.9909832,-0.133986185,-0.969654785,4.7,0,59.5,965,-2.851,132.53,-0.990717022,0,0,13.353,2.2,-0.135940362,2.981,-0.244478216,1023,1.191,1,0,10,0,0,0
2023-12-03 3:40,-0.997801468,0.0662739,-0.969654785,3.6,0,57.2,964.9,-2.851,132.509,-0.99126625,0,0,12.909,2.1,-0.131875781,2.945,-0.244478216,1022.9,1.192,1,0,10,0,0,0
2023-12-03 3:50,-0.917754626,0.397147891,-0.978501787,2.6,0,56.2,964.9,-0.6,132.382,-0.995520807,0,0,12.303,2,-0.0945427,2.769,-0.206238342,1023,1.192,1,0,10,0,0,0
2023-12-03 4:00,-0.807989884,0.589196357,-0.993636891,3,0,56.1,965,4.833,132.169,-0.992876367,0,0,12.083,2.1,-0.119149147,2.715,-0.112630939,1023,1.193,1,0,10,0,0,0
2023-12-03 4:10,-0.814115518,0.580702956,-0.993636891,3.9,0,56.7,965.1,4.833,132.14,-0.993119648,0,0,10.832,2.1,-0.117104078,2.585,-0.112630939,1023.1,1.193,1,0,10,0,0,0
2023-12-03 4:20,-0.988756381,0.149535343,-0.993636891,3,0,57.6,965.1,4.833,132.143,-0.996578498,0,0,11.644,2.1,-0.082651666,2.586,-0.112630939,1023.1,1.193,1,0,10,0,0,0
2023-12-03 4:30,-0.951594404,0.307356618,-0.993636891,4.5,0,58.8,965.2,4.833,132.022,-0.995651843,0,0,11.923,2.1,-0.093152599,2.552,-0.112630939,1023.2,1.193,1,0,10,0,0,0
2023-12-03 4:40,-0.985109326,0.1719291,-0.993636891,3.7,0,58.8,965.2,4.833,132.082,-0.999178205,0,0,11.583,1.9,-0.040532892,2.54,-0.112630939,1023.3,1.193,1,0,10,0,0,0
2023-12-03 4:50,-0.790155012,0.612907054,-0.993636891,6.1,0,59.4,965.3,4.833,132.196,-0.999703618,0,0,11.501,2,-0.024344938,2.362,-0.112630939,1023.4,1.194,1,0,10,0,0,0
2023-12-03 5:00,-0.842452397,0.538770785,-0.993636891,4.6,0,59.7,965.4,4.833,132.171,-0.999670894,0,0,11.552,1.9,-0.025653525,2.189,-0.112630939,1023.5,1.195,1,0,10,0,0,0
2023-12-03 5:10,-0.753563392,0.657375246,-0.993636891,3.6,0,60.8,965.5,4.833,132.274,-0.999846474,0,0,11.977,1.7,-0.017522209,2.449,-0.112630939,1023.7,1.194,1,0,10,0,0,0
2023-12-03 5:20,-0.746638182,0.665230355,-0.993636891,5.7,0,62.2,965.6,4.833,132.432,-0.999858757,0,0,11.627,1.6,-0.016806729,2.351,-0.112630939,1023.8,1.194,1,0,10,0,0,0
2023-12-03 5:30,-0.927836254,0.372987783,-0.993636891,4.2,0,61.5,965.7,4.833,132.341,-0.99929013,0,0,11.841,2,-0.037672742,2.161,-0.112630939,1023.8,1.195,1,0,10,0,0,0
2023-12-03 5:40,-0.946085359,0.323917418,-0.993636891,3.9,0,62.9,965.8,4.833,132.258,-0.998944277,0,0,10.337,1.6,-0.045938346,2.147,-0.112630939,1024,1.195,1,0,10,0,0,0
2023-12-03 5:50,-0.818149717,0.575005252,-0.993636891,3.6,0,63.9,965.8,4.833,132.482,-0.999999619,0,0,10.03,1.5,0.000872665,2.226,-0.112630939,1024,1.195,1,0,10,0,0,0
2023-12-03 6:00,-0.863395551,0.504527624,-0.993636891,2.5,0,65.9,965.9,4.833,132.65,-0.99939569,0,0,9.836,1.1,0.034759955,2.008,-0.112630939,1024.2,1.196,1,0,10,0,0,0
2023-12-03 6:10,-0.89725837,0.441505853,-0.999839047,3.7,0,67.1,965.9,12.328,132.653,-0.99640912,0,0,9.538,1,0.08466915,1.769,0.017941022,1024.3,1.197,1,0,10,0,0,0
2023-12-03 6:20,-0.768283524,0.640109699,-0.999746554,3,0,67.4,966.1,12.59,132.808,-0.993514431,0,0,9.98,1,0.113706091,1.787,0.022512845,1024.5,1.197,1,0,10,0,0,0
2023-12-03 6:30,-0.940288127,0.34037955,-0.999746554,3.6,0,67.7,966.1,12.59,133.015,-0.996844331,0,0,10.104,1,0.079381235,1.698,0.022512845,1024.5,1.197,1,0,10,0,0,0
2023-12-03 6:40,-0.981958713,0.189095443,-0.999746554,3.8,0,70.7,966.2,12.59,133.017,-0.994004926,0,0,10.782,0.7,0.109335301,1.325,0.022512845,1024.7,1.199,1,0,10,0,0,0
2023-12-03 6:50,-0.956813584,0.290702194,-0.999746554,2.9,0,68.7,966.4,12.59,132.897,-0.999348074,0,0,10.918,1.1,0.036103015,1.518,0.022512845,1024.8,1.198,1,0,10,0,0,0
2023-12-03 7:00,-0.794414621,0.60737584,-0.999746554,3,0,69.6,966.4,12.59,132.911,-0.99746071,0,0,10.499,1,0.071218904,1.47,0.022512845,1024.8,1.198,1,0,10,0,0,0
2023-12-03 7:10,-0.824126189,0.566406237,-0.999746554,3.3,0,70.8,966.6,12.59,132.92,-0.995576735,0,0,10.225,0.8,0.09395193,1.267,0.022512845,1025.1,1.199,1,0,10,0,0,0
2023-12-03 7:20,-0.838670568,0.544639035,-0.999746554,4,0,71.6,966.6,12.59,132.75,-0.999079179,0,0,10.381,0.7,0.042904472,1.412,0.022512845,1025.1,1.198,1,0,10,0,0,0
2023-12-03 7:30,-0.845261833,0.534352349,-0.999746554,4.2,0,70.3,966.7,12.59,132.76,-0.999853129,0,0,10.988,0.9,-0.017138294,1.537,0.022512845,1025.1,1.198,1,0,10,0,0,0
2023-12-03 7:40,-0.898794046,0.438371147,-0.999746554,2.6,0,70.2,966.7,12.59,132.814,-0.999987629,0,0,10.66,0.9,-0.004974168,1.741,0.022512845,1025.1,1.197,1,0,10,0,0,0
2023-12-03 7:50,-0.989015863,0.147809411,-0.999746554,2.9,0,69.9,966.9,12.59,132.727,-0.998417294,0,0,10.508,1,0.056239726,1.546,0.022512845,1025.3,1.198,1,0,10,0,0,0
2023-12-03 8:00,-0.928485827,0.371367836,-0.999746554,4.7,0,70.1,967.1,12.59,132.68,-0.995241015,0,0,9.635,1,0.097443939,1.719,0.022512845,1025.5,1.197,1,0,10,0,0,0
2023-12-03 8:10,-0.862513669,0.506033764,-0.998482377,3.6,0,71.1,967.2,14.459,132.852,-0.986201937,0,0,9.845,0.8,0.165546789,1.841,0.055072168,1025.7,1.196,1,0,10,0,0,0
2023-12-03 8:20,-0.837718717,0.546101961,-0.98755694,2.4,0,70.8,967.4,20.348,132.975,-0.990006436,0,0,10.019,0.9,0.141022185,1.767,0.157261854,1025.9,1.197,1,0,10,0,0,0
2023-12-03 8:30,-0.900318771,0.435231099,-0.98755694,3.1,0,71,967.6,20.348,132.938,-0.977138433,0,0,8.947,1,0.212604049,1.466,0.157261854,1026.1,1.198,1,0,10,0,0,0
2023-12-03 8:40,-0.81613759,0.577857624,-0.98755694,3.8,0,70.4,967.6,20.348,132.907,-0.990976183,0,0,10.735,1.1,0.134038073,1.605,0.157261854,1026,1.197,1,0,10,0,0,0
2023-12-03 8:50,-0.978147601,0.207911691,-0.98755694,3.1,0,69.1,967.5,20.348,132.819,-0.999257547,0,0,12.255,1.1,0.038527332,1.402,0.157261854,1025.9,1.198,1,0,10,0,0,0
2023-12-03 9:00,-0.999961923,0.008726535,-0.996389884,4.2,0,68.2,967.5,16.17,132.617,-0.999390827,0,0,13.337,1,-0.034899497,1.346,0.084895226,1026,1.198,1,0,10,0,0,0
2023-12-03 9:10,-0.820151876,0.572145873,-0.999746554,4.5,0,67,967.5,12.59,132.428,-0.999867136,0,0,12.596,1.1,0.016300653,1.246,0.022512845,1025.9,1.199,1,0,10,0,0,0
2023-12-03 9:20,-0.802817475,0.596224875,-0.999746554,3.7,0,65.4,967.5,12.59,132.271,-0.997476843,0,0,8.984,1.3,0.070992585,1.342,0.022512845,1025.9,1.198,1,0,10,0,0,0
2023-12-03 9:30,-0.887010833,0.461748613,-0.999746554,4.9,0,64.8,967.8,12.59,132.434,-0.989500579,0,0,7.299,1.6,0.144528904,1.665,0.022512845,1026.1,1.197,1,0,10,0,0,0
2023-12-03 9:40,-0.846193166,0.532876276,-0.991422065,4.7,0,62.5,967.8,18.801,132.72,-0.979116497,0,0,7.274,1.6,0.203299987,1.75,0.13069923,1026.1,1.197,1,0,10,0,0,0
2023-12-03 9:50,-0.924546034,0.381070376,-0.986346028,4.4,0,59.4,967.8,20.78,133.012,-0.94592695,0,0,6.015,1.9,0.324379724,1.939,0.164686102,1026.1,1.196,1,0,10,0,0,0
2023-12-03 10:00,-0.934204474,0.356737999,-0.957294271,2.9,0,58.1,967.9,28.105,133.333,-0.976676026,0,0,7.019,2.3,0.214718281,1.983,0.289115338,1026.1,1.196,1,0,10,0,0,0
2023-12-03 10:10,-0.907777479,0.419452082,-0.957294271,4.1,0,55,968,28.105,133.621,-0.95488528,0,0,6.721,2.5,0.296974919,2.332,0.289115338,1026.1,1.194,1,0,10,0,0,0
2023-12-03 10:20,-0.969015731,0.246999013,-0.957294271,2.8,0,53.5,968,28.105,133.94,-0.959849367,0,0,6.352,3,0.28051594,2.579,0.289115338,1026,1.193,1,0,10,0,0,0
2023-12-03 10:30,0.094108313,0.995561965,-0.951985232,1.6,0,49,968.1,29.131,134.2,-0.909228843,0,0,6.801,3.1,0.416296661,2.603,0.306143951,1026.1,1.193,1,0,10,0,0,0
2023-12-03 10:40,-0.959313975,0.282341457,-0.916997428,1.8,0,44.7,968.2,34.805,134.379,-0.958799905,0,0,7.27,3.2,0.284082282,2.561,0.398893115,1026.1,1.193,1,0,10,0,0,0
2023-12-03 10:50,-0.905568799,0.424199423,-0.954724461,2.5,0,47.3,968.2,28.648,134.609,-0.743740136,0,0,3.556,3.7,0.668468855,3.017,0.297491518,1026,1.191,1,0,9.7,0,0,0
2023-12-03 11:00,-0.99970149,-0.024432178,-0.742806053,2.8,0,47,968.2,53.327,137.845,-0.911216444,0,0,4.534,3.7,0.411927898,3.202,0.66950666,1026,1.19,1,0,0.033,0,0,7.633
2023-12-03 11:10,-0.64678978,0.76266833,-0.855924318,1.7,0,44.4,968.1,42.438,137.305,-0.875970139,0,0,4.613,3.9,0.482365334,3.519,0.517101113,1026,1.189,1,0,3.233,0,0,6
2023-12-03 11:20,-0.79335334,0.608761429,-0.855924318,0.6,0,42.6,968.1,42.438,135.83,-0.932456281,0,0,5.02,4.8,0.361282831,3.618,0.517101113,1025.8,1.189,1,0,10,0,0,0
2023-12-03 11:30,-0.884580975,0.46638664,-0.913147483,2.4,0,40.3,968.1,35.357,134.55,-0.919533652,0,0,6.403,4.7,0.393011276,3.822,0.407629334,1025.8,1.188,1,0,10,0,0,0
2023-12-03 11:40,-0.737277337,0.675590208,-0.917379915,2.8,0,40.7,967.9,34.754,133.404,-0.939256094,0,0,6.292,4.4,0.343217119,3.888,0.398012677,1025.7,1.187,1,0,10,0,0,0
2023-12-03 11:50,-0.831954122,0.554844427,-0.950021101,1.7,0,38.2,967.8,29.493,132.442,-0.958978209,0,0,6.709,5,0.283479794,4.078,0.312185693,1025.4,1.187,1,0,10,0,0,0
2023-12-03 12:00,-0.977783237,0.209618563,-0.953253975,3.2,0,32.1,967.7,28.89,131.642,-0.91523414,0,0,6.047,4.7,0.40292241,4.281,0.302170248,1025.4,1.186,1,0,10,0,0,0
2023-12-03 12:10,-0.927836254,0.372987783,-0.917379915,2.2,0,32.3,967.7,34.754,130.972,-0.900242796,0,0,4.521,4.8,0.435388228,4.58,0.398012677,1025.4,1.185,1,0,10,0,0,0
2023-12-03 12:20,0.792289643,0.610145164,-0.944926066,1.5,0,32.1,967.6,30.406,130.412,-0.959589472,0,0,3.646,5.4,0.281403704,4.818,0.327283868,1025.1,1.184,1,0,5.1,0,0,3.133
2023-12-03 12:30,-0.733729865,0.679441304,-0.883495975,3.1,0,30.8,967.6,39.224,129.911,-0.856672505,0,0,3.851,5.4,0.515860659,5.013,0.468438749,1025.1,1.183,1,0,6.067,0,0,2.167
2023-12-03 12:40,-0.982287251,0.187381315,-0.857320078,2.3,0,30.4,967.6,42.283,129.472,-0.940288127,0,0,4.91,5.8,0.34037955,4.872,0.514783726,1025,1.183,1,0,7.133,0,0,2.833
2023-12-03 12:50,-0.669130606,0.743144825,-0.922430288,2.8,0,28.6,967.5,34.016,129.133,-0.92965436,0,0,3.602,5.7,0.368432858,5.201,0.386163649,1024.9,1.182,1,0,2.9,0,0,5.333
2023-12-03 13:00,-0.983254908,0.182235525,-0.937719278,3.5,0,28.1,967.3,31.633,128.813,-0.998783007,0,0,3.785,5.7,0.049320441,5.447,0.347393949,1024.7,1.181,1,0,1.867,0,0,4.733
2023-12-03 13:10,-0.999657325,0.026176948,-0.982443886,1.6,0,28.8,967.3,22.037,128.575,-0.996697183,0,0,3.485,5.8,0.081207913,5.585,0.18655833,1024.7,1.18,1,0,1.433,0,0,6.933
2023-12-03 13:20,-0.913545458,-0.406736643,-0.998688265,2.8,0,28.5,967.2,14.245,128.445,-0.988284387,0,0,3.735,6.3,0.152623621,5.772,0.051203014,1024.4,1.179,1,0,10,0,0,0
2023-12-03 13:30,-0.803856861,0.594822787,-0.983533641,2.7,0,28.1,967.1,21.707,128.396,-0.999696351,0,0,3.533,6.7,0.024641555,5.874,0.18072514,1024.2,1.179,1,0,10,0,0,0
2023-12-03 13:40,-0.824126189,-0.566406237,-0.999349333,2.5,0,28.9,967.1,13.366,128.309,-0.976563466,0,0,2.961,6.4,-0.215229638,6.188,0.036068131,1024.3,1.178,1,0,0.767,0,0,5
2023-12-03 13:50,-0.863395551,0.504527624,-0.995507597,1.3,0,27.4,967.1,5.867,128.314,-0.988035354,0,0,2.977,6.5,0.15422756,6.038,-0.0946817,1024.3,1.178,1,0,4.2,0,0,3.8
2023-12-03 14:00,-0.890212805,0.455544907,-0.992301707,1.7,0,27,966.9,18.424,128.293,-0.999991873,0,0,3.153,6.9,-0.0040317,6.209,0.123843945,1023.9,1.178,1,0,0.4,0,0,6.067
2023-12-03 14:10,-0.925870585,0.377840787,-0.971895299,1.5,0,28.5,966.9,24.917,128.302,-0.973287173,0,0,3.162,6.8,0.229591112,6.48,0.235413527,1024,1.176,1,0,0.033,0,0,6.8
2023-12-03 14:20,-0.85445883,0.519519112,-0.941599911,2.4,0,27.5,966.9,30.977,128.381,-0.851516524,0,0,3.886,6.5,0.524327769,6.57,0.336733735,1024,1.176,1,0,5.167,0,0,4.833
2023-12-03 14:30,-0.436801788,0.899557779,-0.921436499,1.1,0,26.9,966.9,34.163,128.476,-0.963345392,0,0,4.257,7,0.268264154,6.672,0.388528993,1023.9,1.176,1,0,10,0,0,0
2023-12-03 14:40,-0.290702194,0.956813584,-0.940667748,1.6,0,26.2,966.9,31.135,128.533,-0.996936475,0,0,3.586,6.6,0.078215501,6.709,0.339329026,1024,1.176,1,0,10,0,0,0
2023-12-03 14:50,0.309016994,0.951056516,-0.943129864,1.5,0,27.9,966.8,30.72,128.512,-0.837852129,0,0,2.54,6.4,0.545897251,6.713,0.332424516,1024,1.175,1,0,2.133,0,0,5.733
2023-12-03 15:00,0.601815023,0.79863551,-0.940359395,0.5,0,26.7,966.9,31.162,128.45,-0.999999188,0,0,3.946,6.5,0.00127409,6.762,0.340182609,1024,1.175,1,0,1.033,0,0,3.8
2023-12-03 15:10,-0.731353702,-0.68199836,-0.990497465,2.2,0,27.5,966.8,19.207,128.498,-0.94536505,0,0,3.543,6.5,0.326013683,6.681,0.137530984,1023.9,1.176,1,0,10,0,0,0
2023-12-03 15:20,-0.965016494,-0.262189179,-0.961386677,0.8,0,26,966.7,27.291,128.486,-0.930167883,0,0,2.861,6.5,0.367134457,6.544,0.275201121,1023.8,1.176,1,0,1.333,0,0,5.433
2023-12-03 15:30,-0.998239828,0.059306374,-0.891923838,0.3,0,27,966.8,38.179,128.514,-0.972524533,0,0,3.594,6.3,0.232800412,6.764,0.452185655,1024,1.175,1,0,0.033,0,0,7.833
2023-12-03 15:40,-0.993571856,0.113203214,-0.967334153,1.9,0,26.6,966.8,25.992,128.555,-0.929802184,0,0,2.912,6.4,0.368059641,6.671,0.253504706,1024,1.176,1,0,5.267,0,0,1.167
2023-12-03 15:50,-0.794414621,0.60737584,-0.900736148,1.8,0,27,966.9,37.045,128.58,-0.958252739,0,0,3.169,6,0.285922521,6.693,0.434366655,1024.2,1.176,0,0,0,0,0,0.1
2023-12-03 16:00,-0.885393626,0.464842046,-0.94315887,1.8,0,27.3,966.9,30.719,128.637,-0.971358661,0,0,3.682,6,0.237618079,6.553,0.332342212,1024.2,1.176,1,0,2.4,0,0,7.6
2023-12-03 16:10,-0.936672189,0.350207381,-0.950726982,1.4,0,29.4,966.9,29.361,128.724,-0.944100528,0,0,3.737,5.3,0.32965769,6.311,0.310029362,1024.4,1.177,1,0,10,0,0,0
2023-12-03 16:20,-0.979924705,-0.199367934,-0.950726982,1.2,0,30.6,967,29.361,128.73,-0.948096354,0,0,4.351,4.8,0.317983181,6.032,0.310029362,1024.6,1.178,1,0,10,0,0,0
2023-12-03 16:30,-0.998341817,-0.057564027,-0.950726982,1.5,0,30.8,967,29.361,128.737,-0.960415327,0,0,3.514,4.5,0.278572072,5.939,0.310029362,1024.7,1.179,1,0,10,0,0,0
2023-12-03 16:40,-0.69465837,0.7193398,-0.950726982,0.1,0,29.5,967.1,29.361,128.76,-0.960929055,0,0,3.619,4.5,0.276794781,5.877,0.310029362,1024.8,1.179,1,0,10,0,0,0
2023-12-03 16:50,-0.929132572,0.369746757,-0.965240369,0.8,0,30.4,967.1,26.451,128.747,-0.979208651,0,0,2.726,4.3,0.202855658,6.137,0.26136379,1024.9,1.178,1,0,4.467,0,0,3.767
2023-12-03 17:00,-0.715692734,0.698415285,-0.983410398,1.4,0,29.5,967.2,21.751,128.721,-0.835251162,0,0,1.473,4.3,0.549868617,5.607,0.181394568,1025,1.18,1,0,0.033,0,0,1.433
2023-12-03 17:10,-0.921863152,0.387515586,-0.983410398,0.9,0,30.9,967.3,21.751,128.699,-0.642747499,0,0,1.511,3.8,0.766078098,5.103,0.181394568,1025,1.182,0,0,0,0,0,0
2023-12-03 17:20,-0.999328394,0.036643709,-0.983410398,0.9,0,30.9,967.4,21.751,128.654,-0.777310691,0,0,2.122,3.7,0.629116913,4.837,0.181394568,1025.2,1.183,0,0,0,0,0,0
2023-12-03 17:30,-0.981292664,-0.192521967,-0.945416249,1,0,31,967.5,30.336,128.604,-0.902126429,0,0,3.374,3.6,0.431471791,4.601,0.325865182,1025.3,1.184,0,0,0,0,0,1.5
2023-12-03 17:40,-0.75470958,0.656059029,-0.857257179,1.3,0,31.3,967.4,42.29,128.567,-0.860324168,0,0,2.989,3.6,0.509747315,4.551,0.514888463,1025.2,1.185,1,0,7.933,0,0,0.467
2023-12-03 17:50,-0.770513243,0.63742399,-0.857257179,1.4,0,31.4,967.5,42.29,128.448,-0.9511751,0,0,2.23,3.5,0.308651792,4.389,0.514888463,1025.3,1.185,1,0,0.033,0,0,0
2023-12-03 18:00,-0.822144041,0.569279523,-0.857257179,1,0,31.2,967.6,42.29,128.336,-0.952746346,0,0,2.573,3.6,0.303767016,4.377,0.514888463,1025.4,1.185,0,0,0,0,0,0
2023-12-03 18:10,-0.937888935,0.346935652,-0.857257179,0.4,0,32,967.7,42.29,128.235,-0.965781124,0,0,2.553,3.3,0.259358479,4.328,0.514888463,1025.6,1.186,0,0,0,0,0,0
2023-12-03 18:20,-0.91636273,0.400349033,-0.945637839,1,0,32,967.9,30.283,128.14,-0.987111139,0,0,3.484,3.4,0.160036245,4.28,0.325221582,1025.8,1.186,0,0,0,0,0,2.3
2023-12-03 18:30,-0.987136265,0.159881188,-0.963746966,0.8,0,32.9,967.9,26.775,128.087,-0.989711406,0,0,4.281,3,0.143078065,4.118,0.266817888,1025.9,1.186,1,0,9.967,0,0,0
2023-12-03 18:40,-0.766044443,0.64278761,-0.963746966,1.3,0,34,967.9,26.775,127.97,-0.966317713,0,0,4.576,2.8,0.25735205,4.015,0.266817888,1025.9,1.187,1,0,10,0,0,0
2023-12-03 18:50,-0.800731371,0.599023599,-0.963746966,0.8,0,33.8,968,26.775,127.88,-0.942297256,0,0,4.548,2.9,0.334777362,3.971,0.266817888,1026,1.187,1,0,10,0,0,0
2023-12-03 19:00,-0.557745109,0.830012285,-0.963746966,1,0,34.5,968,26.775,127.785,-0.978089503,0,0,5.049,2.8,0.208184833,3.742,0.266817888,1026,1.188,1,0,10,0,0,0
2023-12-03 19:10,-0.866025404,0.5,-0.963746966,1.2,0,35.1,968.1,26.775,127.673,-0.992379324,0,0,5.299,2.5,0.12322044,3.453,0.266817888,1026.2,1.189,1,0,10,0,0,0
2023-12-03 19:20,-0.780430407,0.625242656,-0.988800706,1.7,0,36.2,968.1,19.892,127.556,-0.996366138,0,0,5.048,2.1,0.085173468,3.232,0.149241967,1026.3,1.19,1,0,10,0,0,0
2023-12-03 19:30,-0.998026728,0.06279052,-0.99059085,0.7,0,36.2,968,19.166,127.436,-0.995687538,0,0,4.575,2,0.09277029,3.194,0.136856742,1026.2,1.19,1,0,10,0,0,0
2023-12-03 19:40,-0.927183855,-0.374606593,-0.99059085,1.3,0,36.5,968,19.166,127.344,-0.971738953,0,0,5.24,2.1,0.23605806,3.409,0.136856742,1026.2,1.19,1,0,10,0,0,0
2023-12-03 19:50,-0.995561965,-0.094108313,-0.99059085,1.7,0,35.9,968,19.166,127.257,-0.975526869,0,0,5.848,2.1,0.219880257,3.49,0.136856742,1026.2,1.189,1,0,10,0,0,0
2023-12-03 20:00,-0.863395551,0.504527624,-0.99059085,1.8,0,36.3,967.9,19.166,127.151,-0.983486294,0,0,6.098,2,0.180982622,3.47,0.136856742,1026.1,1.189,1,0,10,0,0,0
2023-12-03 20:10,-0.98450318,0.175366726,-0.99059085,1.2,0,35.5,967.8,19.166,127.034,-0.98082952,0,0,5.819,2,0.194867784,3.508,0.136856742,1026,1.189,1,0,10,0,0,0
2023-12-03 20:20,-0.999780683,0.02094242,-0.99059085,1.6,0,35.6,967.7,19.166,126.934,-0.977537447,0,0,6.406,1.9,0.21076181,3.536,0.136856742,1025.9,1.189,1,0,10,0,0,0
2023-12-03 20:30,-0.975534544,0.219846204,-0.99059085,0.3,0,35.3,967.7,19.166,126.828,-0.984931761,0,0,6.459,2,0.17294342,3.406,0.136856742,1025.9,1.19,1,0,10,0,0,0
2023-12-03 20:40,-0.968583161,0.248689887,-0.99059085,1.8,0,35.4,967.7,19.166,126.734,-0.997582278,0,0,6.175,1.9,0.06949531,3.374,0.136856742,1025.9,1.19,1,0,10,0,0,0
2023-12-03 20:50,-0.969015731,-0.246999013,-0.99059085,1,0,35.3,967.6,19.166,126.671,-0.997011097,0,0,6.06,1.8,0.077258474,3.24,0.136856742,1025.9,1.19,1,0,10,0,0,0
2023-12-03 21:00,-0.679441304,0.733729865,-0.99059085,1.9,0,35.3,967.6,19.166,126.622,-0.990828201,0,0,5.647,1.9,0.135127627,3.22,0.136856742,1025.8,1.19,1,0,10,0,0,0
2023-12-03 21:10,-0.951056516,-0.309016994,-0.99059085,0.6,0,34.5,967.6,19.166,126.586,-0.991362654,0,0,5.42,2,0.13114911,3.168,0.136856742,1025.8,1.191,1,0,10,0,0,0
2023-12-03 21:20,-0.999390827,-0.034899497,-0.99059085,2.1,0,34.2,967.5,19.166,126.572,-0.988501805,0,0,5.396,2.2,0.151209063,3.126,0.136856742,1025.7,1.191,1,0,10,0,0,0
2023-12-03 21:30,-0.986572162,0.163325962,-0.99059085,0.6,0,35.5,967.6,19.166,126.562,-0.987493731,0,0,5.741,1.9,0.157658272,3.065,0.136856742,1025.8,1.191,1,0,10,0,0,0
2023-12-03 21:40,-0.994521895,0.104528463,-0.99059085,2.4,0,35.4,967.6,19.166,126.548,-0.978133083,0,0,5.607,1.9,0.207979978,3.003,0.136856742,1025.8,1.191,1,0,10,0,0,0
2023-12-03 21:50,-0.985703469,0.16848938,-0.99059085,2,0,35.6,967.5,19.166,126.533,-0.96593486,0,0,5.588,1.9,0.258785328,3.033,0.136856742,1025.7,1.191,1,0,10,0,0,0
2023-12-03 22:00,-0.999328394,0.036643709,-0.99059085,2.1,0,35.7,967.4,19.166,126.528,-0.970101186,0,0,5.067,1.8,0.242700821,2.984,0.136856742,1025.7,1.191,1,0,10,0,0,0
2023-12-03 22:10,-0.710799474,0.703394703,-0.99059085,1,0,36.3,967.4,19.166,126.524,-0.974706615,0,0,5.747,1.7,0.223488288,2.848,0.136856742,1025.7,1.192,1,0,10,0,0,0
2023-12-03 22:20,-0.866896749,0.49848774,-0.99059085,1.8,0,36.6,967.4,19.166,126.487,-0.974959527,0,0,5.901,1.6,0.222382375,2.831,0.136856742,1025.7,1.192,1,0,10,0,0,0
2023-12-03 22:30,-0.934204474,-0.356737999,-0.99059085,0.3,0,37.1,967.4,19.166,126.454,-0.987526729,0,0,6.563,1.5,0.157451448,2.79,0.136856742,1025.7,1.192,1,0,10,0,0,0
2023-12-03 22:40,-0.939094252,0.343659695,-0.99059085,2.3,0,37.6,967.3,19.166,126.385,-0.998363846,0,0,6.841,1.3,0.057180687,2.615,0.136856742,1025.7,1.193,1,0,10,0,0,0
2023-12-03 22:50,-0.999993908,-0.003490651,-0.99059085,2.4,0,38.1,967.2,19.166,126.342,-0.999611089,0,0,6.572,1.3,0.027886746,2.413,0.136856742,1025.6,1.194,1,0,10,0,0,0
2023-12-03 23:00,-0.979222811,-0.202787295,-0.99059085,2,0,39.4,967.2,19.166,126.299,-0.999965924,0,0,7.301,1.3,0.008255314,2.316,0.136856742,1025.6,1.194,1,0,10,0,0,0
2023-12-03 23:10,-0.963162567,0.268919821,-0.996093641,2.5,0,38.8,967.2,16.357,126.258,-0.999884455,0,0,6.865,1.3,-0.015201232,2.112,0.088303219,1025.6,1.195,1,0,10,0,0,0
2023-12-03 23:20,-0.905568799,0.424199423,-0.999998223,1.2,0,40.2,967.3,11.408,126.196,-0.997620936,0,0,7.38,0.9,-0.068938144,2.131,0.001884954,1025.8,1.195,1,0,10,0,0,0
2023-12-03 23:30,-0.47715876,0.878817113,-0.999998223,1.1,0,39,967.2,11.408,126.137,-0.996501617,0,0,7.478,1.3,-0.08357349,1.88,0.001884954,1025.6,1.196,1,0,10,0,0,0
2023-12-03 23:40,-0.703394703,0.710799474,-0.999998223,2,0,39.9,967.2,11.408,126.082,-0.996104422,0,0,7.119,1.1,-0.088181522,1.691,0.001884954,1025.6,1.197,1,0,10,0,0,0
2023-12-03 23:50,-0.976672278,0.214735327,-0.999998223,2,0,40.9,967,11.408,126.025,-0.999157561,0,0,7.31,0.8,-0.041038616,1.575,0.001884954,1025.5,1.197,1,0,10,0,0,0
2023-12-04 0:00,-0.997801468,-0.0662739,-0.999986017,2,0,41.3,967,10.996,125.98,-0.986380499,0,0,7.47,0.6,-0.164479519,1.845,-0.005288323,1025.5,1.196,1,0,10,0,0,0
2023-12-04 0:10,-0.9909832,0.133986185,-0.991273154,2.3,0,40.5,966.9,3.725,125.948,-0.975476955,0,0,7.019,0.8,-0.220101591,2.039,-0.131823878,1025.4,1.195,1,0,10,0,0,0
2023-12-04 0:20,-0.888617233,0.458649554,-0.989116245,2.2,0,41,966.8,2.843,125.927,-0.948815394,0,0,7.27,0.7,-0.315831202,2.036,-0.147136175,1025.3,1.195,1,0,10,0,0,0
2023-12-04 0:30,-0.887815385,0.460199785,-0.964745995,2.7,0,41.3,966.7,-3.959,125.866,-0.929776486,0,0,8.141,0.5,-0.368124553,2.64,-0.26318276,1025.3,1.193,1,0,10,0,0,0
2023-12-04 0:40,-0.912834177,0.40833046,-0.964745995,2.4,0,41.1,966.7,-3.959,125.788,-0.948887029,0,0,8.58,0.6,-0.315615915,2.789,-0.26318276,1025.2,1.192,1,0,10,0,0,0
2023-12-04 0:50,-0.940880769,0.33873792,-0.964745995,3,0,42.3,966.6,-3.959,125.667,-0.956207749,0,0,9.502,0.4,-0.292688811,2.631,-0.26318276,1025.2,1.193,1,0,10,0,0,0
2023-12-04 1:00,-0.965925826,0.258819045,-0.964745995,2.6,0,43.6,966.5,-3.959,125.522,-0.958112896,0,0,9.668,0.1,-0.286390778,2.49,-0.26318276,1025.1,1.194,1,0,10,0,0,0
2023-12-04 1:10,-0.939094252,-0.343659695,-0.964745995,1.9,0,45.8,966.5,-3.959,125.375,-0.948345805,0,0,9.983,-0.6,-0.31723845,2.668,-0.26318276,1025.3,1.193,1,0,10,0,0,0
2023-12-04 1:20,-0.927183855,-0.374606593,-0.964745995,2.6,0,43.7,966.4,-3.959,125.187,-0.953690706,0,0,9.604,0.1,-0.300789026,2.399,-0.26318276,1025,1.194,1,0,10,0,0,0
2023-12-04 1:30,-0.999048222,-0.043619387,-0.964745995,2,0,43.7,966.4,-3.959,134.182,-0.950151786,0,0,9.639,0,-0.311787722,2.182,-0.26318276,1025.1,1.195,1,0,10,0,0,0
2023-12-04 1:40,-0.981292664,0.192521967,-0.964745995,3,0,46.5,966.4,-3.959,138.315,-0.946980609,0,0,9.369,-0.6,-0.321290718,1.989,-0.26318276,1025.2,1.196,1,0,10,0,0,0
2023-12-04 1:50,-0.991894443,-0.127064609,-0.964745995,2.4,0,46.3,966.4,-3.959,136.702,-0.951417221,0,0,9.784,-0.5,-0.307904646,2.141,-0.26318276,1025.2,1.195,1,0,10,0,0,0
2023-12-04 2:00,-0.962691746,-0.270600446,-0.964745995,1.7,0,46,966.3,-3.959,135.649,-0.952714531,0,0,9.776,-0.5,-0.303866786,2.201,-0.26318276,1025.1,1.195,1,0,10,0,0,0
2023-12-04 2:10,-0.999975631,0.00698126,-0.964745995,2.3,0,46,966.2,-3.959,134.912,-0.962065773,0,0,9.697,-0.5,-0.272817608,2.134,-0.26318276,1025,1.195,1,0,10,0,0,0
2023-12-04 2:20,-0.99853667,-0.054078813,-0.964745995,3.3,0,43.8,966.3,-3.959,134.387,-0.961189501,0,0,9.623,0,-0.275889004,1.9,-0.26318276,1025,1.196,1,0,10,0,0,0
2023-12-04 2:30,-0.978147601,-0.207911691,-0.964745995,2.1,0,43.2,966.2,-3.959,133.771,-0.964488304,0,0,9.674,0,-0.264125561,1.681,-0.26318276,1024.9,1.197,1,0,10,0,0,0
2023-12-04 2:40,-0.9952274,-0.0975829,-0.964745995,1.8,0,43.8,966.2,-3.959,133.355,-0.956884587,0,0,9.368,-0.3,-0.290468391,2.458,-0.26318276,1024.9,1.194,1,0,10,0,0,0
2023-12-04 2:50,-0.932323801,0.36162457,-0.964745995,2.7,0,45,966.1,-3.959,133.132,-0.966573258,0,0,9.285,-0.4,-0.256390594,2.599,-0.26318276,1024.9,1.193,1,0,10,0,0,0
2023-12-04 3:00,-0.999986292,-0.005235964,-0.964745995,2,0,44.1,966,-3.959,132.964,-0.974358285,0,0,9.14,-0.1,-0.225002072,2.194,-0.26318276,1024.7,1.195,1,0,10,0,0,0
2023-12-04 3:10,-0.965016494,0.262189179,-0.964745995,3.3,0,45.3,966,-3.959,132.75,-0.981823147,0,0,9.368,-0.2,-0.189798069,1.404,-0.26318276,1024.7,1.198,1,0,10,0,0,0
2023-12-04 3:20,-0.994702817,-0.102792537,-0.964745995,3.3,0,46.5,965.9,-3.959,132.498,-0.979120045,0,0,9.505,-0.1,-0.203282899,1.859,-0.26318276,1024.6,1.196,1,0,10,0,0,0
2023-12-04 3:30,-0.943222658,-0.332161132,-0.964745995,2.4,0,48,965.8,-3.959,132.409,-0.965194737,0,0,9.233,-0.5,-0.261532252,2.342,-0.26318276,1024.6,1.194,1,0,10,0,0,0
2023-12-04 3:40,-0.9952274,-0.0975829,-0.964745995,3.1,0,47,965.7,-3.959,132.342,-0.981750198,0,0,9.1,-0.1,-0.190175048,1.768,-0.26318276,1024.3,1.197,1,0,10,0,0,0
2023-12-04 3:50,-0.973578903,-0.22835087,-0.964745995,1.6,0,46.5,965.5,-3.959,132.268,-0.985136321,0,0,9.324,0.1,-0.171774358,1.284,-0.26318276,1024.1,1.199,1,0,10,0,0,0
2023-12-04 4:00,-0.927836254,0.372987783,-0.964745995,2.7,0,46,965.4,-3.959,132.021,-0.986824673,0,0,9.517,0.2,-0.161793281,1.181,-0.26318276,1024,1.199,1,0,10,0,0,0
2023-12-04 4:10,-0.965472631,0.260504509,-0.964745995,3.3,0,46,965.3,-3.959,132.037,-0.982541433,0,0,9.618,0.2,-0.186043898,1.592,-0.26318276,1023.8,1.197,1,0,10,0,0,0
2023-12-04 4:20,-0.877146164,0.480223497,-0.964745995,2.7,0,45.5,965.1,-3.959,132.094,-0.974114239,0,0,9.722,0.4,-0.226056297,2.019,-0.26318276,1023.6,1.196,1,0,10,0,0,0
2023-12-04 4:30,-0.999610115,-0.027921639,-0.964745995,3.3,0,46.9,965,-3.959,131.992,-0.979757339,0,0,10.156,0,-0.200188804,1.847,-0.26318276,1023.6,1.196,1,0,10,0,0,0
2023-12-04 4:40,-0.983885038,-0.178802215,-0.964745995,2.6,0,47.8,965,-3.959,131.612,-0.980809108,0,0,10.678,-0.1,-0.194970495,1.848,-0.26318276,1023.6,1.196,1,0,10,0,0,0
2023-12-04 4:50,-0.988756381,0.149535343,-0.964745995,2.2,0,50.9,965,-3.959,131.473,-0.981520463,0,0,10.666,-1,-0.19135721,1.671,-0.26318276,1023.8,1.197,1,0,10,0,0,0
2023-12-04 5:00,-0.907777479,0.419452082,-0.964745995,3.1,0,51.1,964.9,-3.959,131.339,-0.979020586,0,0,10.609,-1,-0.203761363,1.738,-0.26318276,1023.7,1.197,1,0,10,0,0,0
2023-12-04 5:10,-0.918446381,0.395545503,-0.964745995,3.1,0,49.7,964.8,-3.959,131.024,-0.981743559,0,0,10.342,-0.3,-0.190209318,0.903,-0.26318276,1023.4,1.2,1,0,10,0,0,0
2023-12-04 5:20,-0.921185406,0.38912395,-0.964745995,3.4,0,49.4,964.9,-3.959,130.949,-0.978440551,0,0,10.63,-0.2,-0.20652866,1.486,-0.26318276,1023.5,1.198,1,0,10,0,0,0
2023-12-04 5:30,-0.977045574,0.213030386,-0.964745995,2.2,0,50,964.9,-3.959,130.917,-0.974197027,0,0,10.554,-0.4,-0.22569925,1.767,-0.26318276,1023.6,1.197,1,0,10,0,0,0
2023-12-04 5:40,-0.959805292,-0.280666709,-0.964745995,1.7,0,50.8,964.9,-3.959,130.745,-0.981550509,0,0,10.708,-0.2,-0.19120303,1.496,-0.26318276,1023.5,1.198,1,0,10,0,0,0
2023-12-04 5:50,-0.957822495,-0.28736052,-0.964745995,2.9,0,50.4,964.9,-3.959,130.434,-0.967493244,0,0,10.916,-0.2,-0.252896862,1.893,-0.26318276,1023.5,1.196,1,0,10,0,0,0
2023-12-04 6:00,-0.967267753,0.253757945,-0.964745995,2.9,0,50.5,964.8,-3.959,130.284,-0.964132473,0,0,11.216,0.1,-0.265421502,2.31,-0.26318276,1023.3,1.194,1,0,10,0,0,0
2023-12-04 6:10,-0.98450318,0.175366726,-0.964745995,2.6,0,50.7,964.9,-3.959,130.098,-0.977227403,0,0,10.795,0.3,-0.212194728,1.998,-0.26318276,1023.4,1.196,1,0,10,0,0,0
2023-12-04 6:20,-0.966823389,0.255445758,-0.964745995,3.3,0,51.4,964.8,-3.959,129.852,-0.984472558,0,0,10.717,-0.2,-0.175538552,2.114,-0.26318276,1023.4,1.195,1,0,10,0,0,0
2023-12-04 6:30,-0.975916762,0.218143241,-0.964745995,3.2,0,52.8,964.7,-3.959,129.843,-0.987085988,0,0,10.936,-0.4,-0.160191298,2.493,-0.26318276,1023.4,1.193,1,0,10,0,0,0
2023-12-04 6:40,-0.975916762,-0.218143241,-0.964745995,2.8,0,52,964.7,-3.959,129.873,-0.987482722,0,0,10.605,-0.1,-0.157727212,2.563,-0.26318276,1023.3,1.193,1,0,10,0,0,0
2023-12-04 6:50,-0.960293686,-0.278991106,-0.984155403,2.1,0,50.5,964.8,0.906,129.72,-0.990374654,0,0,10.571,0.4,-0.138412589,2.029,-0.177308043,1023.3,1.195,1,0,10,0,0,0
2023-12-04 7:00,-0.99756405,-0.069756474,-0.991273154,3.1,0,51.6,964.8,3.725,129.577,-0.982326474,0,0,10.248,0.2,-0.187175581,2.142,-0.131823878,1023.3,1.195,1,0,10,0,0,0
2023-12-04 7:10,-0.997440783,0.071497444,-0.991273154,2,0,53.8,964.8,3.725,129.548,-0.967827848,0,0,10.317,-0.4,-0.251613308,2.286,-0.131823878,1023.5,1.194,1,0,10,0,0,0
2023-12-04 7:20,-0.964095404,0.265556117,-0.977607284,2.2,0,54.6,964.9,-0.847,129.539,-0.946857173,0,0,9.445,-0.6,-0.321654309,2.666,-0.210437635,1023.6,1.193,1,0,10,0,0,0
2023-12-04 7:30,-0.979222811,0.202787295,-0.964405279,1.4,0,53.4,965,-4.033,129.672,-0.931564372,0,0,8.397,-0.3,-0.36357643,2.839,-0.264428551,1023.7,1.192,1,0,10,0,0,0
2023-12-04 7:40,-0.973975967,-0.226651307,-0.934235602,1.9,0,53.8,964.9,-9.593,129.934,-0.84509392,0,0,8.1,-0.1,-0.53461787,3.417,-0.356656473,1023.5,1.19,1,0,10,0,0,0
2023-12-04 7:50,-0.920504853,-0.390731128,-0.864257243,0.9,0,52.9,965,-18.906,130.17,-0.807804743,0,0,8.279,0,-0.589450166,4.778,-0.503050115,1023.6,1.184,1,0,10,0,0,0
2023-12-04 8:00,-0.805928282,-0.592013179,-0.835231968,2.7,0,52,965.2,-22.06,130.449,-0.838537462,0,0,8.318,0.3,-0.544843945,4.865,-0.549897772,1023.7,1.183,1,0,10,0,0,0
2023-12-04 8:10,-0.964557418,-0.26387305,-0.838328196,1.4,0,52.8,965.3,-21.735,130.821,-0.909606288,0,0,8.037,0.2,-0.4154713,5.967,-0.54516588,1023.8,1.179,1,0,10,0,0,0
2023-12-04 8:20,-0.949425478,-0.313992456,-0.901258593,1.6,0,51.3,965.2,-14.376,131.07,-0.93513521,0,0,8.02,0.6,-0.354291038,6.003,-0.433281604,1023.6,1.178,1,0,10,0,0,0
2023-12-04 8:30,-0.996492859,0.083677843,-0.901258593,2.1,0,53,965.2,-14.376,131.304,-0.950282304,0,0,7.484,0.5,-0.311389696,6.391,-0.433281604,1023.7,1.177,1,0,10,0,0,0
2023-12-04 8:40,-0.983254908,0.182235525,-0.901258593,1.3,0,54.1,965.2,-14.376,131.667,-0.950162669,0,0,7.003,0.8,-0.311754555,5.858,-0.433281604,1023.6,1.179,1,0,10,0,0,0
2023-12-04 8:50,-0.997314477,-0.073238197,-0.901258593,1.1,0,52.8,965.3,-14.376,132.011,-0.940300008,0,0,6.453,1,-0.340346728,5.415,-0.433281604,1023.6,1.181,1,0,10,0,0,0
2023-12-04 9:00,-0.996917334,-0.078459096,-0.901258593,0.7,0,51,965.2,-14.376,132.337,-0.931023971,0,0,5.833,1.5,-0.364958033,5.253,-0.433281604,1023.4,1.182,1,0,10,0,0,0
2023-12-04 9:10,-0.882947593,-0.469471563,-0.901258593,2.5,0,50.6,965.2,-14.376,132.673,-0.954485312,0,0,6.512,1.8,-0.298257924,6.215,-0.433281604,1023.3,1.178,1,0,10,0,0,0
2023-12-04 9:20,-0.985109326,-0.1719291,-0.947528767,2.1,0,49.3,965.1,-7.342,132.999,-0.964211183,0,0,6.634,2.4,-0.265135426,6.317,-0.319670512,1023.1,1.177,1,0,10,0,0,0
2023-12-04 9:30,-0.992331938,0.123601477,-0.951094263,2.2,0,48.2,965.3,-6.693,133.3,-0.927229614,0,0,6.062,2.6,-0.374493314,5.779,-0.308900799,1023.2,1.179,1,0,10,0,0,0
2023-12-04 9:40,-0.929776486,0.368124553,-0.951094263,1.3,0,47.3,965.4,-6.693,133.553,-0.950140902,0,0,5.665,3.2,-0.311820888,4.681,-0.308900799,1023.2,1.184,1,0,10,0,0,0
2023-12-04 9:50,-0.971961001,0.235142113,-0.951094263,2.7,0,45.9,965.4,-6.693,133.77,-0.954714076,0,0,5.921,3.4,-0.297524844,4.512,-0.308900799,1023.1,1.185,1,0,10,0,0,0
2023-12-04 10:00,-0.99955986,0.029666244,-0.951094263,2.6,0,45.6,965.3,-6.693,133.968,-0.945296749,0,0,6.052,3.8,-0.326211673,4.666,-0.308900799,1022.9,1.184,1,0,10,0,0,0
2023-12-04 10:10,-0.966376079,-0.257132793,-0.951094263,1.3,0,45.7,965.4,-6.693,134.172,-0.927144621,0,0,5.526,4.2,-0.374703686,5.069,-0.308900799,1023.1,1.182,1,0,10,0,0,0
2023-12-04 10:20,-0.99970149,-0.024432178,-0.951094263,2.3,0,43.5,965.3,-6.693,134.392,-0.930647664,0,0,5.539,4.5,-0.365916556,5.684,-0.308900799,1022.9,1.18,1,0,10,0,0,0
2023-12-04 10:30,-0.994521895,0.104528463,-0.951094263,1.5,0,42.5,965.2,-6.693,134.598,-0.941611664,0,0,5.155,5.1,-0.336700867,5.913,-0.308900799,1022.6,1.179,1,0,10,0,0,0
2023-12-04 10:40,-0.755853469,0.654740814,-0.951094263,2.1,0,40.6,965,-6.693,134.784,-0.966160325,0,0,4.829,5.6,-0.257942292,5.93,-0.308900799,1022.3,1.179,1,0,10,0,0,0
2023-12-04 10:50,-0.989015863,0.147809411,-0.951094263,1.9,0,39.4,964.9,-6.693,134.986,-0.951680197,0,0,4.615,6.1,-0.307090871,5.852,-0.308900799,1022,1.179,1,0,10,0,0,0
2023-12-04 11:00,-0.995561965,0.094108313,-0.951094263,1.7,0,39.9,964.8,-6.693,135.184,-0.893457635,0,0,4.26,6.2,-0.449147475,6.319,-0.308900799,1021.9,1.177,1,0,10,0,0,0
2023-12-04 11:10,-0.67687597,-0.736097087,-0.901598614,2.1,0,37.9,964.7,-14.331,135.374,-0.833297729,0,0,3.934,6.8,-0.55282447,7.072,-0.432573624,1021.6,1.174,1,0,10,0,0,0
2023-12-04 11:20,-0.99317065,-0.116670737,-0.901258593,1.8,0,33.9,964.5,-14.376,135.584,-0.860955178,0,0,4.427,6.9,-0.508680824,7.574,-0.433281604,1021.4,1.172,1,0,10,0,0,0
2023-12-04 11:30,-0.992331938,-0.123601477,-0.901258593,1.4,0,34.7,964.2,-14.376,135.825,-0.876239406,0,0,5.038,7.4,-0.481876025,7.822,-0.433281604,1020.9,1.171,1,0,10,0,0,0
2023-12-04 11:40,-0.994150964,0.107999356,-0.901258593,1.8,0,33.9,964.1,-14.376,136.062,-0.886195493,0,0,4.818,7.4,-0.463311502,7.872,-0.433281604,1020.8,1.171,1,0,10,0,0,0
2023-12-04 11:50,-0.970295726,0.241921896,-0.901258593,1.7,0,31.9,964,-14.376,136.282,-0.864362582,0,0,3.889,7.9,-0.502869095,8.239,-0.433281604,1020.6,1.169,1,0,10,0,0,0
2023-12-04 12:00,-0.950515732,-0.31067643,-0.900265591,1.5,0,30.2,963.8,-14.506,136.511,-0.823384059,0,0,3.589,8.6,-0.56748453,8.5,-0.435341091,1020.2,1.168,1,0,10,0,0,0
2023-12-04 12:10,-0.983254908,-0.182235525,-0.835941488,1.5,0,28.2,963.7,-21.986,136.736,-0.818260095,0,0,3.433,8.6,-0.574848168,8.642,-0.548818575,1020.1,1.167,1,0,10,0,0,0
2023-12-04 12:20,-0.998134798,-0.06104854,-0.835941488,1.3,0,28.5,963.6,-21.986,136.998,-0.855011452,0,0,3.371,9.1,-0.518609117,8.711,-0.548818575,1020.1,1.167,1,0,10,0,0,0
2023-12-04 12:30,-0.687087511,0.726574671,-0.835941488,2.3,0,25.5,963.3,-21.986,137.257,-0.817637571,0,0,4.511,8.6,-0.575733274,8.543,-0.548818575,1019.7,1.168,1,0,10,0,0,0
2023-12-04 12:40,-0.997052752,0.076719028,-0.835941488,2.5,0,26.3,963.3,-21.986,137.474,-0.896857302,0,0,4.538,8.9,-0.442319997,8.493,-0.548818575,1019.8,1.168,1,0,10,0,0,0
2023-12-04 12:50,-0.844327926,-0.535826795,-0.88471118,2.4,0,28,963.1,-16.489,137.664,-0.965980012,0,0,4.144,9,-0.258616736,8.634,-0.466139601,1019.6,1.167,1,0,10,0,0,0
2023-12-04 13:00,-0.985407898,0.170209499,-0.952963473,1.3,0,27.9,963.1,-6.344,137.838,-0.964897417,0,0,4.296,9.5,-0.262627062,8.507,-0.303085167,1019.4,1.168,1,0,10,0,0,0
2023-12-04 13:10,-0.998629535,0.052335956,-0.96996973,2.5,0,30.2,962.8,-2.777,137.98,-0.97844776,0,0,3.858,9.4,-0.206494506,8.637,-0.243225661,1019.2,1.167,1,0,10,0,0,0
2023-12-04 13:20,-0.934825676,-0.355106962,-0.96996973,2.4,0,28.7,962.6,-2.777,138.128,-0.959022726,0,0,3.727,9.3,-0.283329155,8.782,-0.243225661,1019,1.167,1,0,10,0,0,0
2023-12-04 13:30,-0.901077021,0.433659085,-0.96996973,1.1,0,29.1,962.5,-2.777,138.27,-0.970842132,0,0,4.168,9.5,-0.239719744,8.898,-0.243225661,1018.8,1.166,1,0,10,0,0,0
2023-12-04 13:40,-0.865151421,0.501510737,-0.96996973,1,0,30.4,962.3,-2.777,138.411,-0.980247019,0,0,4.469,9.7,-0.197777102,9.04,-0.243225661,1018.5,1.166,1,0,10,0,0,0
2023-12-04 13:50,-0.997440783,-0.071497444,-0.977463817,1.3,0,30.6,962.2,-0.885,138.53,-0.999570666,0,0,4.108,9.7,0.029299884,9.161,-0.211103022,1018.4,1.165,1,0,10,0,0,0
2023-12-04 14:00,-0.97154912,0.236838146,-0.998093013,2.4,0,30.2,962.1,7.761,138.647,-0.987007586,0,0,3.535,9.3,0.16067366,9.274,-0.061727934,1018.4,1.165,1,0,10,0,0,0
2023-12-04 14:10,0.882126866,0.471011881,-0.993203191,2.3,0,29.9,961.9,17.983,138.748,-0.998718474,0,0,3.404,9.3,0.050610371,9.313,0.116393387,1018.2,1.165,1,0,10,0,0,0
2023-12-04 14:20,-0.983571471,0.180519145,-0.999889959,2,0,29.9,961.8,12.155,138.744,-0.957061846,0,0,3.785,9.3,-0.28988381,9.605,0.014834754,1018.1,1.163,1,0,0.8,0,0,7.433
2023-12-04 14:30,-0.936059536,-0.351841648,-0.980826119,2.1,0,28.5,961.7,0.074,138.85,-0.997181206,0,0,3.35,9.7,-0.075030939,9.523,-0.194884903,1017.9,1.164,1,0,8.4,0,0,1.6
2023-12-04 14:40,0.457097927,0.889416373,-0.994871886,0.7,0,28.2,961.6,5.486,126.516,-0.997939204,0,0,2.411,10.1,-0.064166549,9.825,-0.101143117,1017.7,1.163,1,0,4.167,0,6,0
2023-12-04 14:50,-0.727772758,0.685818353,-0.999369941,1.4,0,28.9,961.6,9.266,103.126,-0.995237613,0,0,2.104,9.7,0.097478679,10.716,-0.035492541,1017.8,1.159,0,0,0,0,10,0
2023-12-04 15:00,-0.253757945,0.967267753,-0.999369941,0.7,0,30.6,961.4,9.266,103.863,-0.977647667,0,0,2.012,9.6,-0.210249944,11.203,-0.035492541,1017.6,1.157,1,0.9,0.033,0,9,0
2023-12-04 15:10,-0.973178873,-0.230049737,-0.999369941,0.7,0,28.9,961.4,9.266,131.676,-0.98616435,0,0,1.963,10.1,-0.165770547,10.658,-0.035492541,1017.5,1.159,0,0,0,0,0,0
2023-12-04 15:20,-0.959313975,0.282341457,-0.999369941,2.4,0,30.5,961.3,9.266,128.904,-0.96996973,0,0,1.962,9.9,0.243225661,10.31,-0.035492541,1017.4,1.161,0,0,0,0,0,0
2023-12-04 15:30,-0.922538089,0.385906042,-0.999369941,0.7,0,31.7,961.3,9.266,126.922,-0.996798445,0,0,2.217,9.3,-0.079955363,10.107,-0.035492541,1017.6,1.161,0,0,0,0,0,0
2023-12-04 15:40,-0.118403968,0.992965508,-0.999369941,1,0,31.5,961.3,9.266,128.455,-0.983941162,0,0,2.803,9.1,-0.17849311,9.838,-0.035492541,1017.7,1.163,0,0,0,0,0,0
2023-12-04 15:50,-0.893371388,0.449318999,-0.999798578,2.1,0,31.6,961.3,10.156,138.152,-0.978516182,0,0,2.949,9.1,0.206170029,9.783,-0.020069939,1017.7,1.163,0,0,0,0,0,0
2023-12-04 16:00,0.566406237,0.824126189,-0.995269884,0.5,0,32.3,961.3,16.875,135.998,-0.927699484,0,0,2.446,8.9,0.373327827,9.698,0.097148641,1017.7,1.163,0,0,0,0,0,0
2023-12-04 16:10,-0.905568799,0.424199423,-0.995269884,1.4,0,33.3,961.2,16.875,134.408,-0.992186724,0,0,2.755,8.3,0.124761796,9.362,0.097148641,1017.5,1.164,0,0,0,0,0,0
2023-12-04 16:20,-0.94776841,0.318959309,-0.99311147,1.8,0,32.7,961.4,18.031,133.171,-0.972043021,0,0,3.505,8.1,0.23480282,8.981,0.117173411,1017.8,1.166,1,0,2.567,0,0,1.8
2023-12-04 16:30,-0.961261696,0.275637356,-0.973046212,2.1,0,31.5,961.4,24.633,132.153,-0.98836151,0,0,2.84,7.7,0.152123386,8.663,0.23061021,1017.9,1.167,1,0,7.067,0,0,0
2023-12-04 16:40,-0.930417568,0.366501227,-0.987721082,0.7,0,31.5,961.4,20.289,131.287,-0.993623123,0,0,3.171,7.5,0.112752334,8.623,0.156227601,1017.9,1.168,0,0,0,0,0,3.667
2023-12-04 16:50,-0.90408255,0.427357863,-0.993012958,1.3,0,31.2,961.5,18.084,130.666,-0.96406759,0,0,2.868,7.2,0.265657076,8.536,0.118005357,1018.1,1.168,1,0,9.467,0,0,0.533
2023-12-04 17:00,-0.840566603,0.54170821,-0.973638652,1.4,0,31.5,961.5,24.485,130.09,-0.926686142,0,0,2.035,7,0.375836127,8.278,0.22809598,1018.2,1.169,1,0,2.733,0,0,0
2023-12-04 17:10,-0.868631514,0.495458668,-0.973638652,1,0,31.9,961.7,24.485,129.591,-0.828539497,0,0,2.121,6.8,0.559930623,8.043,0.22809598,1018.5,1.17,0,0,0,0,0,0
2023-12-04 17:20,-0.961261696,0.275637356,-0.973638652,1,0,32.2,961.7,24.485,129.167,-0.865072633,0,0,2.508,6.8,0.501646629,7.863,0.22809598,1018.5,1.171,0,0,0,0,0,0
2023-12-04 17:30,-0.89179753,0.452434709,-0.910921441,1.8,0,32.4,961.7,35.654,128.737,-0.955262878,0,0,2.664,6.7,0.295758068,7.697,0.412579845,1018.5,1.171,0,0,0,0,0,0
2023-12-04 17:40,-0.885393626,0.464842046,-0.936170024,0.3,0,32.8,961.9,31.887,128.32,-0.972267968,0,0,3.426,6.5,0.233869618,7.604,0.351547559,1018.7,1.172,0,0,0,0,0,1.933
2023-12-04 17:50,-0.846193166,0.532876276,-0.955407298,0.9,0,32.7,962.1,28.475,128.002,-0.962041962,0,0,4.342,6.5,0.272901563,7.389,0.295291203,1019,1.173,1,0,9.333,0,0,0.667
2023-12-04 18:00,-0.863395551,-0.504527624,-0.955407298,0.5,0,34.2,962.3,28.475,127.668,-0.969897521,0,0,4.91,5.8,0.243513446,7.211,0.295291203,1019.4,1.173,1,0,10,0,0,0
2023-12-04 18:10,-0.982612797,-0.185666615,-0.955407298,0.4,0,34.2,962.5,28.475,127.361,-0.972075797,0,0,4.88,5.8,0.234667095,6.995,0.295291203,1019.6,1.174,1,0,10,0,0,0
2023-12-04 18:20,-0.972775878,0.231747903,-0.955407298,0.6,0,33.9,962.5,28.475,127.094,-0.981978509,0,0,5.52,5.7,0.188992611,6.847,0.295291203,1019.6,1.175,1,0,10,0,0,0
2023-12-04 18:30,-0.985996037,-0.166768747,-0.955407298,1,0,34.4,962.5,28.475,126.834,-0.979557699,0,0,5.824,5.6,0.201163404,6.694,0.295291203,1019.6,1.176,1,0,10,0,0,0
2023-12-04 18:40,-0.996194698,-0.087155743,-0.955407298,1.4,0,34.6,962.5,28.475,126.558,-0.97918386,0,0,7.164,5.5,0.202975289,6.585,0.295291203,1019.7,1.176,1,0,10,0,0,0
2023-12-04 18:50,-0.958322574,0.285688367,-0.955407298,2.1,0,35.7,962.6,28.475,126.24,-0.978292512,0,0,7.389,5.3,0.207228764,6.465,0.295291203,1019.8,1.177,1,0,10,0,0,0
2023-12-04 19:00,-0.809016994,0.587785252,-0.955407298,2,0,36.8,962.6,28.475,125.981,-0.97777226,0,0,6.869,5.1,0.209669759,6.413,0.295291203,1019.9,1.177,1,0,10,0,0,0
2023-12-04 19:10,-0.991894443,0.127064609,-0.976747176,1.6,0,36.3,962.7,23.681,125.72,-0.999986745,0,0,7.486,5.3,-0.005148699,6.572,0.214394391,1019.9,1.176,1,0,10,0,0,0
2023-12-04 19:20,-0.998026728,-0.06279052,-0.998688265,1.4,0,37.6,962.6,14.234,125.363,-0.999735433,0,0,8.037,4.9,-0.023001411,6.502,0.051203014,1019.9,1.176,1,0,10,0,0,0
2023-12-04 19:30,-0.979222811,0.202787295,-0.999682872,2.2,0,37.1,962.4,9.857,133.112,-0.999471418,0,0,8.215,5,0.032509755,6.526,-0.025182439,1019.7,1.176,1,0,10,0,0,0
2023-12-04 19:40,-0.986285602,0.165047606,-0.999682872,2.2,0,35.9,962.4,9.857,137.654,-0.994980751,0,0,8.623,5,0.100066503,6.46,-0.025182439,1019.7,1.177,1,0,10,0,0,0
2023-12-04 19:50,-0.959805292,0.280666709,-0.999994843,2.9,0,34.9,962.4,11.125,136.018,-0.992618296,0,0,8.908,5,0.121280333,6.429,-0.0032114,1019.7,1.177,1,0,10,0,0,0
2023-12-04 20:00,-0.907044014,0.421035813,-0.994075324,1.8,0,34.2,962.3,17.54,134.668,-0.993268043,0,0,9.339,5.2,0.11583866,6.206,0.108693378,1019.5,1.178,1,0,10,0,0,0
2023-12-04 20:10,-0.934825676,0.355106962,-0.994075324,2.5,0,34.3,962.4,17.54,133.531,-0.991118325,0,0,8.431,5.1,0.132982954,6.061,0.108693378,1019.7,1.178,1,0,10,0,0,0
2023-12-04 20:20,-0.998134798,0.06104854,-0.994075324,2.1,0,33.8,962.2,17.54,132.731,-0.997297834,0,0,8.212,5.2,0.073464479,6.282,0.108693378,1019.4,1.177,1,0,10,0,0,0
2023-12-04 20:30,-0.915662593,0.401947777,-0.994075324,1.8,0,34.1,962.4,17.54,132.087,-0.997803781,0,0,7.492,5.2,0.066239071,6.32,0.108693378,1019.6,1.177,1,0,10,0,0,0
2023-12-04 20:40,-0.985996037,-0.166768747,-0.995160747,1.5,0,33.4,962.4,16.937,131.589,-0.998687372,0,0,7.359,5.4,-0.051220444,6.406,0.098260307,1019.6,1.177,1,0,10,0,0,0
2023-12-04 20:50,-0.966823389,-0.255445758,-0.999682872,1.6,0,34.3,962.5,9.857,131.15,-0.99843979,0,0,7.522,5.1,-0.055838931,6.597,-0.025182439,1019.8,1.176,1,0,10,0,0,0
2023-12-04 21:00,-0.978147601,0.207911691,-0.999682872,1.6,0,34.6,962.6,9.857,130.838,-0.999999718,0,0,7.387,5,-0.000750492,6.521,-0.025182439,1019.9,1.176,1,0,10,0,0,0
2023-12-04 21:10,-0.97113428,-0.238533458,-0.999682872,0.6,0,34.2,962.6,9.857,130.616,-0.999985551,0,0,7.287,5.2,0.005375588,6.316,-0.025182439,1019.8,1.177,1,0,10,0,0,0
2023-12-04 21:20,-0.929132572,-0.369746757,-0.999682872,1,0,35.1,962.6,9.857,130.441,-0.999999376,0,0,7.326,5,-0.00111701,6.268,-0.025182439,1019.9,1.177,1,0,10,0,0,0
2023-12-04 21:30,-0.96944535,0.245307386,-0.999682872,2.4,0,35.4,962.6,9.857,130.258,-0.999821034,0,0,7.38,4.9,0.01891824,5.96,-0.025182439,1019.9,1.179,1,0,10,0,0,0
2023-12-04 21:40,-0.956813584,-0.290702194,-0.999682872,1.1,0,36.6,962.5,9.857,130.113,-0.999614004,0,0,7.248,4.7,0.027782067,6.088,-0.025182439,1019.9,1.178,1,0,10,0,0,0
2023-12-04 21:50,-0.764921401,-0.64412363,-0.999682872,1.4,0,36.4,962.4,9.857,130.01,-0.999670894,0,0,7.164,4.7,0.025653525,6.314,-0.025182439,1019.8,1.177,1,0,10,0,0,0
2023-12-04 22:00,-0.985109326,-0.1719291,-0.999682872,0.6,0,36,962.3,9.857,129.949,-0.999992561,0,0,7.348,4.8,0.003857168,6.503,-0.025182439,1019.6,1.176,1,0,10,0,0,0
2023-12-04 22:10,-0.992331938,0.123601477,-0.999682872,1.3,0,36.2,962.3,9.857,129.908,-0.997404467,0,0,7.156,4.8,-0.072002285,6.32,-0.025182439,1019.6,1.177,1,0,10,0,0,0
2023-12-04 22:20,-0.999993908,-0.003490651,-0.999682872,1.2,0,37,962.2,9.857,129.873,-0.996161159,0,0,7.038,4.8,-0.087538248,6.106,-0.025182439,1019.5,1.178,1,0,10,0,0,0
2023-12-04 22:30,-0.999328394,0.036643709,-0.999682872,1,0,37.4,962.3,9.857,129.854,-0.999186672,0,0,6.983,4.7,-0.040323623,5.949,-0.025182439,1019.7,1.179,1,0,10,0,0,0
2023-12-04 22:40,-0.996041065,-0.088894297,-0.999682872,0.2,0,36.9,962.3,9.857,129.839,-0.999915919,0,0,6.529,4.8,-0.012967433,5.887,-0.025182439,1019.6,1.179,1,0,10,0,0,0
2023-12-04 22:50,-0.746638182,-0.665230355,-0.999682872,0.7,0,36.3,962.4,9.857,129.834,-0.998665829,0,0,6.27,5,-0.051638769,5.911,-0.025182439,1019.7,1.179,1,0,10,0,0,0
2023-12-04 23:00,-0.94664926,-0.322265695,-0.999682872,1.5,0,37.3,962.4,9.857,129.835,-0.994287758,0,0,6.382,4.7,-0.10673263,5.966,-0.025182439,1019.8,1.179,1,0,10,0,0,0
2023-12-04 23:10,-0.983571471,0.180519145,-0.999682872,1.1,0,37.1,962.3,9.857,129.839,-0.992979966,0,0,6.09,4.7,-0.118282654,6.166,-0.025182439,1019.7,1.178,1,0,10,0,0,0
2023-12-04 23:20,-0.966376079,0.257132793,-0.999682872,1.1,0,37.4,962.2,9.857,129.867,-0.998373811,0,0,6.468,4.6,-0.057006439,6.033,-0.025182439,1019.6,1.178,1,0,10,0,0,0
2023-12-04 23:30,-0.997440783,0.071497444,-0.999938586,1.8,0,35.4,962.2,10.667,129.884,-0.989363924,0,0,7.394,5,0.145461422,5.744,-0.011082614,1019.5,1.18,1,0,10,0,0,0
2023-12-04 23:40,-0.828060335,0.560638995,-0.994075324,2.9,0,34.6,962.2,17.54,129.867,-0.993762081,0,0,6.799,4.9,0.111520966,5.531,0.108693378,1019.5,1.18,1,0,10,0,0,0
2023-12-04 23:50,-0.980271175,0.19765734,-0.998587195,0.1,0,33.8,962.1,14.345,129.88,-0.997915618,0,0,6.205,4.7,-0.064532308,5.846,0.05313769,1019.4,1.179,1,0,10,0,0,0
2023-12-05 0:00,-0.997440783,-0.071497444,-0.999682872,0.2,0,34.2,962.1,9.857,129.905,-0.996450378,0,0,6.369,4.6,-0.084182203,5.613,-0.025182439,1019.5,1.18,1,0,10,0,0,0
2023-12-05 0:10,-0.865151421,-0.501510737,-0.994027803,1.1,0,33.2,962.1,5.037,129.926,-0.988966794,0,0,6.216,4.7,-0.148137373,6.091,-0.109127114,1019.4,1.178,1,0,10,0,0,0
2023-12-05 0:20,-0.800731371,0.599023599,-0.997925743,1.2,0,32.2,962.1,7.607,129.904,-0.990333543,0,0,7.067,5,0.138706433,5.595,-0.064375555,1019.4,1.18,1,0,10,0,0,0
2023-12-05 0:30,-0.907777479,0.419452082,-0.999989625,1.3,0,33.3,961.9,11.039,129.881,-0.993368753,0,0,7.225,4.7,0.114971826,5.87,-0.004555294,1019.2,1.179,1,0,10,0,0,0
2023-12-05 0:40,0.02094242,0.999780683,-0.999989625,0.7,0,33.8,962,11.039,129.85,-0.997834885,0,0,6.836,4.7,0.065768859,5.258,-0.004555294,1019.3,1.182,1,0,10,0,0,0
2023-12-05 0:50,-0.992965508,0.118403968,-0.999989625,0.7,0,35.8,961.9,11.039,129.821,-0.996813777,0,0,6.648,4.2,0.07976399,5.295,-0.004555294,1019.4,1.181,1,0,10,0,0,0
2023-12-05 1:00,-0.940880769,0.33873792,-0.999989625,1.4,0,35,961.8,11.039,129.811,-0.998049675,0,0,6.785,4.3,0.062424719,5.22,-0.004555294,1019.2,1.182,1,0,10,0,0,0
2023-12-05 1:10,-0.975149354,-0.221548498,-0.999989625,1.3,0,36.8,961.7,11.039,129.793,-0.999709537,0,0,7.182,3.8,-0.024100663,5.09,-0.004555294,1019.1,1.182,1,0,10,0,0,0
2023-12-05 1:20,-0.887815385,-0.460199785,-0.999989625,1,0,37.6,961.8,11.039,129.784,-0.999933856,0,0,7.579,3.8,-0.011501466,5.375,-0.004555294,1019.2,1.181,1,0,10,0,0,0
2023-12-05 1:30,-0.978508985,-0.206204185,-0.998922518,1.4,0,36.9,961.7,8.638,129.744,-0.979321794,0,0,7.704,3.9,-0.202308733,5.94,-0.046409083,1019.2,1.179,1,0,10,0,0,0
2023-12-05 1:40,-0.990268069,0.139173101,-0.990401209,0.8,0,37.6,961.7,3.355,129.644,-0.977404828,0,0,8.447,3.7,-0.211375974,5.98,-0.138222448,1019.1,1.179,1,0,10,0,0,0
2023-12-05 1:50,-0.877146164,0.480223497,-0.990401209,1,0,38.1,961.9,3.355,129.515,-0.999806211,0,0,7.911,3.5,-0.019686042,5.234,-0.138222448,1019.4,1.182,1,0,10,0,0,0
2023-12-05 2:00,-0.981292664,0.192521967,-0.999233142,1.9,0,38.3,962.1,9.061,129.489,-0.999411959,0,0,8.086,3.4,0.034288997,4.808,-0.039155177,1019.6,1.184,1,0,10,0,0,0
2023-12-05 2:10,-0.998134798,0.06104854,-0.999989625,2.5,0,38.3,962.2,11.039,129.43,-0.997983757,0,0,8.508,3.6,0.06346984,4.729,-0.004555294,1019.7,1.184,1,0,10,0,0,0
2023-12-05 2:20,-0.97154912,0.236838146,-0.999989625,1.8,0,36.5,962.1,11.039,129.06,-0.998291202,0,0,8.359,3.9,0.058435223,4.746,-0.004555294,1019.7,1.184,1,0,10,0,0,0
2023-12-05 2:30,-0.495458668,0.868631514,-0.999989625,0.9,0,35.1,962.1,11.039,128.91,-0.999999505,0,0,8.07,4.3,-0.000994838,5.28,-0.004555294,1019.6,1.182,1,0,10,0,0,0
2023-12-05 2:40,-0.567843745,0.823136369,-0.999989625,1.2,0,35,962,11.039,128.868,-0.997313199,0,0,7.519,4.2,-0.073255604,5.348,-0.004555294,1019.5,1.181,1,0,10,0,0,0
2023-12-05 2:50,-0.973178873,0.230049737,-0.999989625,1.7,0,35.8,961.9,11.039,128.886,-0.994585563,0,0,6.359,3.9,-0.103920925,4.991,-0.004555294,1019.5,1.183,1,0,10,0,0,0
2023-12-05 3:00,-0.86162916,-0.507538363,-0.995464529,1.3,0,36.7,961.8,5.846,128.948,-0.982277438,0,0,6.572,3.7,-0.187432747,6.085,-0.095133437,1019.2,1.178,1,0,10,0,0,0
2023-12-05 3:10,-0.918446381,-0.395545503,-0.990401209,1.5,0,36.5,961.8,3.355,128.991,-0.997758462,0,0,7.24,3.7,-0.066918239,5.372,-0.138222448,1019.2,1.181,1,0,10,0,0,0
2023-12-05 3:20,-0.641449632,-0.767165152,-0.990401209,1.1,0,36,961.7,3.355,129.002,-0.996777479,0,0,7.597,3.7,-0.080216321,5.154,-0.138222448,1019.1,1.182,1,0,10,0,0,0
2023-12-05 3:30,-0.996041065,-0.088894297,-0.990401209,0.7,0,38.5,961.6,3.355,129.017,-0.98733086,0,0,7.457,3.1,-0.158675054,5.573,-0.138222448,1019.2,1.18,1,0,10,0,0,0
2023-12-05 3:40,-0.973578903,0.22835087,-0.990401209,2.7,0,38.6,961.6,3.355,129.035,-0.992746854,0,0,7.017,3.1,-0.120223473,5.81,-0.138222448,1019.2,1.179,1,0,10,0,0,0
2023-12-05 3:50,-0.952129393,0.305695305,-0.990401209,2,0,38.2,961.6,3.355,129.031,-0.999355613,0,0,7.328,3.6,-0.035893711,5.085,-0.138222448,1019,1.182,1,0,10,0,0,0
2023-12-05 4:00,-0.927836254,0.372987783,-0.990401209,1.2,0,39,961.5,3.355,129.028,-0.999798228,0,0,7.093,3.3,-0.020087389,5.273,-0.138222448,1019,1.182,1,0,10,0,0,0
2023-12-05 4:10,-0.852640164,0.522498565,-0.994799255,1,0,37.9,961.5,5.456,129.049,-0.999949818,0,0,7.016,3.7,0.010018022,5.44,-0.101855006,1018.9,1.181,1,0,10,0,0,0
2023-12-05 4:20,-0.868631514,-0.495458668,-0.999989625,0.9,0,38.4,961.5,11.039,129.084,-0.99980724,0,0,6.313,3.5,0.019633692,5.581,-0.004555294,1019,1.18,1,0,10,0,0,0
2023-12-05 4:30,-0.884580975,-0.46638664,-0.999989625,0.2,0,38.1,961.3,11.039,129.132,-0.996447439,0,0,6.456,3.7,0.084216986,5.432,-0.004555294,1018.7,1.181,1,0,10,0,0,0
2023-12-05 4:40,-0.954240329,-0.299040792,-0.999989625,1.3,0,36.5,961.2,11.039,129.17,-0.998147563,0,0,5.363,4.3,0.060839489,5.359,-0.004555294,1018.6,1.181,1,0,10,0,0,0
2023-12-05 4:50,-0.993571856,0.113203214,-0.999998925,2,0,36.8,961,11.222,129.242,-0.988575582,0,0,4.74,3.8,0.150725971,6.007,-0.001466076,1018.4,1.178,1,0,10,0,0,0
2023-12-05 5:00,-0.823136369,0.567843745,-0.991399239,1.8,0,36.2,960.9,18.82,129.34,-0.959893419,0,0,3.766,4.1,0.280365163,6.166,0.130872264,1018.3,1.178,1,0,10,0,0,0
2023-12-05 5:10,-0.554844427,0.831954122,-0.962757838,0.9,0,35.1,960.9,26.986,129.465,-0.956783137,0,0,3.915,4.2,0.290802389,5.99,0.270365208,1018.3,1.179,1,0,10,0,0,0
2023-12-05 5:20,-0.915662593,0.401947777,-0.930359987,1.4,0,37.3,960.9,32.807,129.595,-0.716557649,0,0,2.415,3.5,0.697527875,6.745,0.366647372,1018.3,1.175,1,0,10,0,0,0
2023-12-05 5:30,-0.99756405,-0.069756474,-0.917379915,1,0,36.2,960.9,34.754,129.714,-0.755178853,0,0,1.883,3.9,0.655518802,6.664,0.398012677,1018.4,1.176,1,0,2.133,0,0,0
2023-12-05 5:40,-0.833885822,-0.551936985,-0.917379915,0.9,0,36.6,961,34.754,129.81,-0.040498014,0,0,1.449,3.9,0.999179619,7.039,0.398012677,1018.5,1.174,0,0,0,0,0,0
2023-12-05 5:50,-0.999975631,-0.00698126,-0.917379915,0.7,0,36.3,960.9,34.754,129.888,-0.563079004,0,0,1.891,4.1,0.826403071,6.787,0.398012677,1018.3,1.175,0,0,0,0,0,0
2023-12-05 6:00,-0.977045574,0.213030386,-0.917379915,0.7,0,36.4,960.9,34.754,129.964,-0.752322931,0,0,2.19,4.1,0.658794511,6.532,0.398012677,1018.3,1.176,0,0,0,0,0,0
2023-12-05 6:10,-0.979924705,-0.199367934,-0.887163906,0.8,0,36.3,960.9,38.792,130.03,-0.887139743,0,0,3.309,3.9,0.461500895,6.321,0.461454444,1018.4,1.177,0,0,0,0,0,0.767
2023-12-05 6:20,-0.839619865,0.54317445,-0.87393345,2.3,0,34.4,961,40.378,130.055,-0.958022877,0,0,4.389,4,0.286691764,6.047,0.4860456,1018.5,1.178,1,0,0.033,0,0,9.967
2023-12-05 6:30,-0.974761194,-0.223250116,-0.923424704,1.6,0,33.4,961.1,33.868,130.129,-0.943910502,0,0,4.106,4.3,0.330201398,6.201,0.383779645,1018.5,1.178,1,0,10,0,0,0
2023-12-05 6:40,0.46638664,-0.884580975,-0.923424704,0.9,0,34.6,961.3,33.868,130.179,-0.950878378,0,0,2.909,4,0.309564712,6.417,0.383779645,1018.8,1.177,1,0,10,0,0,0
2023-12-05 6:50,0.64678978,0.76266833,-0.923424704,0.2,0,34,961.4,33.868,130.23,-0.94806305,0,0,2.328,3.9,0.318082464,6.541,0.383779645,1018.9,1.176,1,0,6.667,0,0,0
2023-12-05 7:00,-0.958819735,-0.284015345,-0.923424704,0.6,0,36.8,961.5,33.868,130.248,-0.196750481,0,0,0.679,3.4,-0.980453593,6.932,0.383779645,1019,1.175,0,0,0,0,0,0
2023-12-05 7:10,-0.849892693,-0.526955795,-0.923424704,0.9,0,34.4,961.5,33.868,130.279,0.999959447,0,0,0.876,3.9,-0.009005777,6.899,0.383779645,1019,1.175,0,0,0,0,0,0
2023-12-05 7:20,-0.661311865,-0.75011107,-0.923424704,0.7,0,31.7,961.5,33.868,130.313,0.941081614,0,0,0.752,4.4,0.338179531,6.88,0.383779645,1018.9,1.175,0,0,0,0,0,0
2023-12-05 7:30,-0.763796029,-0.645457688,-0.923424704,1,0,31.7,961.5,33.868,130.343,0.855797941,0,0,1.331,4.2,0.517310239,6.729,0.383779645,1018.9,1.175,0,0,0,0,0,0
2023-12-05 7:40,-0.901077021,-0.433659085,-0.923424704,0.8,0,29.5,961.5,33.868,130.361,0.174507518,0,0,2.449,4.6,0.984655841,6.73,0.383779645,1018.8,1.175,0,0,0,0,0,0
2023-12-05 7:50,-0.523985906,-0.851726934,-0.226787298,0.8,0,33.1,961.5,86.462,130.339,0.38165121,0,0,2.6,4,0.924306418,6.726,0.973944311,1019,1.175,0,0,0,0,0,0
2023-12-05 8:00,0.989272333,0.146083029,0.171017777,0.3,0,28.7,961.4,111.147,130.315,0.458696082,0,0,2.558,4.5,0.888593217,6.62,0.985267943,1018.8,1.176,0,0,0,0,0,0
2023-12-05 8:10,0.785856893,0.618408395,0.171017777,0.8,0,23.4,961.4,111.147,130.293,0.299673603,0,0,2.542,5.5,0.954041787,6.598,0.985267943,1018.5,1.176,0,0,0,0,0,0
2023-12-05 8:20,0.953716951,0.3007058,0.171017777,0.3,0,22.5,961.4,111.147,130.265,0.133259721,0,0,2.661,5.5,0.99108115,6.544,0.985267943,1018.5,1.176,0,0,0,0,0,0
2023-12-05 8:30,0.718126298,0.695912797,0.171017777,0.4,0,22.5,961.5,111.147,130.234,0.169848317,0,0,2.445,5.5,0.985470217,6.514,0.985267943,1018.6,1.176,0,0,0,0,0,0
2023-12-05 8:40,0,1,0.171017777,0,0,23.9,961.5,111.147,130.197,0.168386156,0,0,2.493,5.2,0.985721108,6.553,0.985267943,1018.7,1.176,0,0,0,0,0,0
2023-12-05 8:50,0.999048222,0.043619387,0.171017777,0.3,0,25,961.5,111.147,130.148,0.188358438,0,0,2.986,4.9,0.982100351,6.636,0.985267943,1018.8,1.176,0,0,0,0,0,0
2023-12-05 9:00,0.831954122,0.554844427,0.171017777,1.1,0,22.8,961.6,111.147,130.094,0.231476244,0,0,2.566,5.3,0.972840557,7.048,0.985267943,1018.8,1.174,0,0,0,0,0,0
2023-12-05 9:10,0.937888935,0.346935652,0.171017777,0.5,0,22,961.5,111.147,130.036,0.25333587,0,0,1.484,5.6,0.967378383,7.658,0.985267943,1018.6,1.172,0,0,0,0,0,0
2023-12-05 9:20,0.43993917,0.898027576,0.171017777,0.5,0,21,961.4,111.147,129.993,0.722255331,0,0,0.615,6.1,0.691626516,8.27,0.985267943,1018.3,1.169,0,0,0,0,0,0
2023-12-05 9:30,0.325568154,0.945518576,0.171017777,0.5,0,20.8,961.4,111.147,129.97,0.355514823,0,0,0.901,6.5,0.934670643,8.656,0.985267943,1018.2,1.167,0,0,0,0,0,0
2023-12-05 9:40,0.183951351,0.982935349,0.171017777,0.7,0,21.4,961.3,111.147,129.964,-0.069025202,0,0,0.975,6.7,0.997614916,8.468,0.985267943,1018.1,1.168,0,0,0,0,0,0
2023-12-05 9:50,0.563526049,0.826098294,0.171017777,1.3,0,24,961.3,111.147,129.969,0.501133196,0,0,0.494,6.4,0.865370164,9.314,0.985267943,1018.1,1.165,0,0,0,0,0,0
2023-12-05 10:00,0.61152704,0.791223533,0.171017777,0.3,0,24.3,961.3,111.147,129.986,0.783368118,0,0,0.637,6.9,0.621558036,9.572,0.985267943,1018,1.164,0,0,0,0,0,0
2023-12-05 10:10,-0.597625147,0.801775644,0.171017777,0.9,0,24.3,961.3,111.147,130.007,0.841001244,0,0,0.61,7.8,0.541033186,9.588,0.985267943,1017.8,1.164,0,0,0,0,0,0
2023-12-05 10:20,-0.981958713,0.189095443,0.171017777,0.4,0,23.1,961.2,111.147,130.035,-0.334218132,0,0,0.882,8.1,0.942495751,9.869,0.985267943,1017.6,1.162,0,0,0,0,0,0
2023-12-05 10:30,-0.653420604,0.756995056,0.171017777,0.7,0,24.6,961.1,111.147,130.085,-0.974106348,0,0,0.635,8.1,0.2260903,9.851,0.985267943,1017.5,1.162,0,0,0,0,0,0
2023-12-05 10:40,-0.901832526,-0.432085749,0.171017777,1,0,33.1,961,111.147,130.146,-0.725758708,0,0,1.042,7.2,0.687949343,9.492,0.985267943,1017.6,1.164,0,0,0,0,0,0
2023-12-05 10:50,0.7193398,0.69465837,0.171017777,0.9,0,29.2,960.9,111.147,130.212,-0.762386042,0,0,0.648,8.2,0.647122495,10.03,0.985267943,1017.2,1.162,0,0,0,0,0,0
2023-12-05 11:00,-0.551936985,0.833885822,0.171017777,1.4,0,25.9,960.7,111.147,130.275,-0.276677379,0,0,0.51,8.8,-0.960962865,10.495,0.985267943,1016.9,1.16,0,0,0,0,0,0
2023-12-05 11:10,0.718126298,0.695912797,0.171017777,1.3,0,26.5,960.6,111.147,130.337,0.848805632,0,0,1.022,9.5,-0.528705021,10.505,0.985267943,1016.8,1.16,0,0,0,0,0,0
2023-12-05 11:20,0.675590208,0.737277337,0.171017777,0.1,0,22.7,960.4,111.147,130.381,0.973005948,0,0,1.448,9.9,-0.230780035,9.836,0.985267943,1016.5,1.163,0,0,0,0,0,0
2023-12-05 11:30,0.487859659,0.872922077,0.171017777,0.6,0,24.2,960.2,111.147,130.388,0.950162669,0,0,1.649,10,-0.311754555,9.253,0.985267943,1016.2,1.165,0,0,0,0,0,0
2023-12-05 11:40,-0.97154912,0.236838146,0.171017777,1.4,0,27.1,960.1,111.147,130.378,0.97134207,0,0,2.118,10.3,-0.237685892,9.308,0.985267943,1016,1.165,0,0,0,0,0,0
2023-12-05 11:50,-0.956813584,0.290702194,0.171017777,1.5,0,30.7,960,111.147,130.354,0.94098714,0,0,2.531,10.2,-0.338442317,9.328,0.985267943,1016,1.165,0,0,0,0,0,0
2023-12-05 12:00,-0.994702817,-0.102792537,0.784246042,1.3,0,30.2,960,155.875,130.308,0.575247977,0,0,2.395,9.9,-0.817979074,9.328,0.620449955,1016.1,1.165,0,0,0,0,0,0
2023-12-05 12:10,0.899557779,-0.436801788,0.882274795,0.1,0,32.8,959.9,219.382,130.28,0.281370207,0,0,1.488,10,-0.959599295,9.621,-0.47073473,1015.9,1.163,0,0,0,0,0,0
2023-12-05 12:20,-0.844327926,0.535826795,0.882274795,1.4,0,29.8,959.8,219.382,130.274,0.296608247,0,0,1.356,10.7,-0.95499924,9.704,-0.47073473,1015.6,1.163,0,0,0,0,0,0
2023-12-05 12:30,-0.771624583,0.63607822,0.882274795,2.3,0,28.6,959.8,219.382,130.275,-0.563252073,0,0,1.035,10.7,-0.826285121,9.716,-0.47073473,1015.6,1.163,0,0,0,0,0,0
2023-12-05 12:40,-0.909236109,0.416280792,0.882274795,1.4,0,28.9,959.7,219.382,130.254,-0.911934005,0,0,0.975,10.4,-0.410336899,9.58,-0.47073473,1015.6,1.164,0,0,0,0,0,0
2023-12-05 12:50,-0.934825676,-0.355106962,0.882274795,2,0,28.3,959.6,219.382,130.25,-0.009581711,0,0,1.12,11,-0.999954094,9.728,-0.47073473,1015.3,1.163,0,0,0,0,0,0
2023-12-05 13:00,-0.63742399,-0.770513243,0.882274795,1.6,0,25.5,959.5,219.382,130.239,0.29672492,0,0,1.572,10.9,-0.954962995,10.029,-0.47073473,1015.2,1.162,0,0,0,0,0,0
2023-12-05 13:10,-0.914959668,-0.403545296,0.882274795,1,0,24.1,959.4,219.382,130.228,0.437162859,0,0,1.512,11.3,-0.899382363,10.14,-0.47073473,1015,1.161,0,0,0,0,0,0
2023-12-05 13:20,-0.880477354,0.474088209,0.882274795,1.7,0,26,959.3,219.382,130.232,-0.911546867,0,0,1.579,11.3,-0.411196194,10.014,-0.47073473,1014.9,1.162,0,0,0,0,0,0
2023-12-05 13:30,0.6059884,0.795473481,0.882274795,1.5,0,24.8,959.1,219.382,130.235,-0.737807717,0,0,1.201,11.3,-0.675010943,10.508,-0.47073473,1014.7,1.16,0,0,0,0,0,0
2023-12-05 13:40,-0.884580975,0.46638664,0.882274795,2,0,24.1,959,219.382,130.229,-0.678787929,0,0,1.184,11.5,-0.734334357,10.445,-0.47073473,1014.5,1.16,0,0,0,0,0,0
2023-12-05 13:50,-0.973578903,0.22835087,0.882274795,1.4,0,24.4,959,219.382,130.219,0.205725971,0,0,1.397,11.3,-0.978609639,10.565,-0.47073473,1014.6,1.16,0,0,0,0,0,0
2023-12-05 14:00,0.986285602,-0.165047606,0.882274795,0.4,0,24.2,958.9,219.382,130.195,0.736203401,0,0,1.555,11.5,-0.676760335,10.273,-0.47073473,1014.4,1.161,0,0,0,0,0,0
2023-12-05 14:10,0.77384021,0.633380873,0.882274795,1.3,0,23.6,958.8,219.382,119.267,0.991321403,0,0,2.104,11.6,-0.131460549,10.071,-0.47073473,1014.3,1.162,0,0,0,4.533,0,0
2023-12-05 14:20,0.956304756,-0.292371705,0.882274795,1.7,0,35.2,958.9,219.382,87.728,0.979148419,0,0,2.471,11.1,0.203146186,10.339,-0.47073473,1014.6,1.16,0,0,0,10,0,0
2023-12-05 14:30,0.979222811,-0.202787295,0.882274795,2.8,0,36.7,959,219.382,72.713,0.999389608,0,0,2.317,10.9,0.034934382,10.36,-0.47073473,1014.7,1.16,0,0,0,10,0,0
2023-12-05 14:40,-0.996637387,0.081938509,0.882274795,0.6,0,39.1,959,219.382,63.641,0.72886109,0,0,2.103,10.7,-0.684661604,10.331,-0.47073473,1014.8,1.16,0,0,0,10,0,0
2023-12-05 14:50,0.003490651,-0.999993908,0.882274795,1.5,0,38,959,219.382,58.837,0.920661629,0,0,2.265,10.8,-0.390361583,10.02,-0.47073473,1014.7,1.162,0,0,0,10,0,0
2023-12-05 15:00,0.282341457,-0.959313975,0.882274795,1.5,0,40.6,959.1,219.382,55.837,0.999825301,0,0,2.239,10.5,-0.018691388,9.388,-0.47073473,1014.9,1.164,0,0,0,10,0,0
2023-12-05 15:10,0.777145961,-0.629320391,0.882274795,1.3,0,41.6,959.1,219.382,53.607,0.999668652,0,0,1.734,10.7,-0.025740763,9.321,-0.47073473,1014.9,1.165,0,0,0,10,0,0
2023-12-05 15:20,0.102792537,-0.994702817,0.882274795,0.6,0,44.2,959.2,219.382,51.825,0.985550147,0,0,2.019,10.5,-0.169383906,9.048,-0.47073473,1015,1.166,0,0,0,10,0,0
2023-12-05 15:30,0.667832555,-0.744311546,0.882274795,2,0,47.8,959.2,219.382,50.329,0.999619319,0,0,2.096,9.3,0.027590154,8.765,-0.47073473,1015.4,1.167,0,0,0,10,0,0
2023-12-05 15:40,0.912120116,-0.409923034,0.882274795,2.2,0,48.3,959.2,219.382,49.041,0.997515108,0,0,2.324,9.3,0.070452888,8.757,-0.47073473,1015.4,1.167,0,0,0,10,0,0
2023-12-05 15:50,0.913545458,-0.406736643,0.882274795,1.4,0,48.1,959.2,219.382,47.912,0.997154955,0,0,2.033,9.4,0.075379017,9.485,-0.47073473,1015.3,1.164,0,0,0,10,0,0
2023-12-05 16:00,0.444635179,-0.89571176,0.882274795,1,0,51.4,959.2,219.382,46.893,0.997327245,0,0,2.464,8.7,0.073064132,9.407,-0.47073473,1015.3,1.164,0,0,0,10,0,0
2023-12-05 16:10,0.732542899,-0.680720869,0.882274795,1.5,0,53.2,959.2,219.382,45.966,0.996099803,0,0,3.346,8.5,0.088233678,8.975,-0.47073473,1015.4,1.166,0,0,0,10,0,0
2023-12-05 16:20,0.866025404,-0.5,0.882274795,1.2,0,55.1,959.2,219.382,45.115,0.986928948,0,0,3.538,8.2,0.161155984,8.466,-0.47073473,1015.4,1.168,0,0,0,10,0,0
2023-12-05 16:30,-0.036643709,-0.999328394,0.882274795,0.8,0,57.1,959.2,219.382,44.334,0.977242215,0,0,3.493,8,0.212126504,8.234,-0.47073473,1015.5,1.169,0,0,0,10,0,0
2023-12-05 16:40,-0.076719028,-0.997052752,0.882274795,0.7,0,58.4,959.3,219.382,43.625,0.991789877,0,0,3.669,7.8,0.127878221,7.758,-0.47073473,1015.6,1.171,0,0,0,10,0,0
2023-12-05 16:50,0.233445364,-0.97236992,0.882274795,1.2,0,59.6,959.3,219.382,42.964,0.993402822,0,0,3.736,7.5,0.114677082,7.743,-0.47073473,1015.7,1.171,0,0,0,10,0,0
2023-12-05 17:00,0.640109699,-0.768283524,0.882274795,1.3,0,61.3,959.3,219.382,42.339,0.987272636,0,0,3.222,7.1,0.159036919,7.434,-0.47073473,1015.8,1.172,0,0,0,10,0,0
2023-12-05 17:10,0.457097927,-0.889416373,0.999999692,0.5,0,62.1,959.4,191.479,111.005,0.931354813,0,0,2.885,6.9,0.364112912,7.622,0.000785398,1016,1.172,1,0.967,0.033,2.033,0,0.167
2023-12-05 17:20,0.359996808,-0.932953535,0.928226337,0.2,0,62.3,959.4,169.501,129.616,0.749395022,0,0,3.165,6.2,0.662123176,7.409,0.37201595,1016.2,1.173,0,0,0,0,0,3.567
2023-12-05 17:30,0.603207988,-0.797583929,0.781836146,0.7,0,62,959.4,152.746,126.465,0.704076697,0,0,2.704,6.6,0.710123936,7.366,0.623483954,1016.1,1.173,0,0,0,0,0,2.1
2023-12-05 17:40,0.599023599,-0.800731371,0.714533734,0.3,0,64.2,959.5,146.905,137.857,0.664461156,0,0,3.018,6.2,0.747322803,7.324,0.699600988,1016.3,1.173,0,0,0,0,0,0
2023-12-05 17:50,-0.777145961,-0.629320391,0.714533734,0,0,66,959.6,146.905,134.668,0.623961434,0,0,2.883,5.7,0.781455136,7.302,0.699600988,1016.5,1.173,0,0,0,0,0,0
2023-12-05 18:00,0,1,0.714533734,0,0,68.4,959.7,146.905,131.722,0.636885915,0,0,2.425,6.1,0.770958061,7.31,0.699600988,1016.5,1.173,0,0,0,0,0,0
2023-12-05 18:10,0.844327926,0.535826795,0.714533734,0.2,0,68.3,959.7,146.905,129.247,0.605113365,0,0,2.448,6.3,0.796139319,7.302,0.699600988,1016.5,1.173,0,0,0,0,0,0
2023-12-05 18:20,-0.956813584,0.290702194,0.714533734,0.1,0,69.4,959.7,146.905,127.141,0.601076008,0,0,2.243,6.1,0.799191862,7.321,0.699600988,1016.5,1.173,0,0,0,0,0,0
2023-12-05 18:30,-0.13225639,-0.99121554,0.714533734,0.2,0,68.6,959.8,146.905,130.112,0.768830672,0,0,1.607,6.3,0.639452421,7.303,0.699600988,1016.6,1.173,0,0,0,0,0,0
2023-12-05 18:40,0.840566603,-0.54170821,0.714533734,1.7,0,69.8,959.9,146.905,137.787,0.717178247,0,0,1.585,6.6,0.696889778,7.295,0.699600988,1016.6,1.173,0,0,0,0,0,0
2023-12-05 18:50,0.469471563,-0.882947593,0.714533734,0.6,0,71.8,959.8,146.905,135.01,0.708327518,0,0,1.121,6.3,0.705883933,7.3,0.699600988,1016.6,1.173,0,0,0,0,0,0
2023-12-05 19:00,0.720551112,-0.693401828,0.714533734,0.8,0,69.2,960,146.905,132.696,0.781030238,0,0,1.335,6.4,0.624493209,7.159,0.699600988,1016.8,1.174,0,0,0,0,0,0
2023-12-05 19:10,0.94437637,-0.328866647,0.714533734,1.1,0,68.9,960,146.905,130.707,0.72331674,0,0,1.367,6.8,0.690516396,7.101,0.699600988,1016.7,1.174,0,0,0,0,0,0
2023-12-05 19:20,0.975534544,-0.219846204,0.714533734,1.2,0,67.7,960.1,146.905,128.963,0.537211286,0,0,1.893,6.9,0.843447707,7.135,0.699600988,1016.7,1.174,0,0,0,0,0,0
2023-12-05 19:30,0.85536426,0.518027009,0.714533734,0.3,0,66.4,960.2,146.905,127.4,-0.771069207,0,0,0.979,6.4,0.636751347,7.246,0.699600988,1017,1.173,0,0,0,0,0,0
2023-12-05 19:40,-0.376224263,-0.926528631,0.714533734,0.6,0,67.9,960.3,146.905,126.003,-0.986802072,0,0,1.865,6,0.161931066,7.175,0.699600988,1017.2,1.174,0,0,0,0,0,0
2023-12-05 19:50,-0.738455341,-0.674302388,0.714533734,0.7,0,70.2,960.3,146.905,135.405,-0.998532892,0,0,2.018,5.8,0.054148524,7.186,0.699600988,1017.2,1.174,0,0,0,0,0,0
2023-12-05 20:00,-0.887010833,-0.461748613,0.714533734,1.2,0,69,960.5,146.905,137.017,-0.999912259,0,0,2.441,5.8,0.013246662,7.221,0.699600988,1017.5,1.173,0,0,0,0,0,0
2023-12-05 20:10,-0.975534544,-0.219846204,0.121245684,0.9,0,68.2,960.4,99.942,134.842,-0.99801905,0,0,2.917,6.1,-0.062912451,7.007,0.992622528,1017.3,1.174,0,0,0,0,0,0
2023-12-05 20:20,-0.904827052,-0.425779292,-0.997799154,0.8,0,65.1,960.5,15.102,132.974,-0.996358701,0,0,2.605,6,-0.085260417,7.075,0.06630873,1017.4,1.174,0,0,0,0,0,0
2023-12-05 20:30,-0.841510782,-0.54024032,-0.997799154,0.3,0,64.2,960.4,15.102,131.38,-0.981144528,0,0,2.14,6.2,-0.193275488,7.104,0.06630873,1017.2,1.174,0,0,0,0,0,0
2023-12-05 20:40,-0.823136369,0.567843745,-0.997799154,0.3,0,63.7,960.4,15.102,129.991,-0.985943596,0,0,2.028,6.3,-0.167078498,7.124,0.06630873,1017.2,1.174,0,0,0,0,0,0
2023-12-05 20:50,-0.978508985,0.206204185,-0.997799154,0.1,0,63.4,960.3,15.102,128.716,-0.999200687,0,0,2.415,6.2,-0.039974839,7.059,0.06630873,1017.1,1.174,0,0,0,0,0,0
2023-12-05 21:00,-0.868631514,-0.495458668,-0.999072427,0.7,0,66.2,960.3,13.772,127.553,-0.980195207,0,0,2.746,5.8,-0.198033723,6.981,0.043061407,1017.2,1.174,0,0,0,0,0,0
2023-12-05 21:10,-0.929776486,-0.368124553,-0.986509376,1.7,0,68.3,960.3,1.878,126.488,-0.982922505,0,0,3.71,5.3,-0.184019972,6.764,-0.163704767,1017.4,1.175,0,0,0,0,0,2.367
2023-12-05 21:20,-0.821149209,-0.570713568,-0.986509376,1.2,0,70.2,960.3,1.878,126.99,-0.996607288,0,0,3.441,4.8,-0.08230379,6.659,-0.163704767,1017.5,1.176,1,0,1.267,0,0,0
2023-12-05 21:30,-0.755853469,-0.654740814,-0.990908213,0.6,0,69.2,960.1,3.564,139.02,-0.996176422,0,0,2.88,5.6,0.087364383,6.94,-0.134539634,1017.1,1.175,1,0,8.767,0,0,0
2023-12-05 21:40,0,1,-0.999964026,0,0,69.6,959.9,11.816,136.753,-0.973618743,0,0,2.851,5.8,0.228180945,7.223,0.008482198,1016.8,1.173,1,0,0.033,0,0,0
2023-12-05 21:50,-0.935444031,-0.353474844,-0.971903516,0.3,0,70.5,959.8,24.912,135.058,-0.997140465,0,0,4.122,5.4,0.075570455,7.28,0.235379601,1016.8,1.173,1,0,4.2,0,0,2.967
2023-12-05 22:00,-0.866896749,-0.49848774,-0.994578305,2.2,0,69.3,959.9,17.267,133.633,-0.999105202,0,0,4.499,5.7,-0.042294162,7.028,0.10399036,1016.8,1.174,1,0,10,0,0,0
2023-12-05 22:10,-0.844327926,-0.535826795,-0.999499408,1.7,0,66.4,960,9.487,132.354,-0.999621723,0,0,4.528,5.7,0.027502921,7.08,-0.031637539,1016.9,1.174,1,0,10,0,0,0
2023-12-05 22:20,-0.703394703,-0.710799474,-0.998965814,1.2,0,68.2,959.9,13.9,131.211,-0.973138707,0,0,3.808,5.5,0.230219585,7.343,0.0454676,1016.9,1.173,1,0,10,0,0,0
2023-12-05 22:30,-0.85536426,-0.518027009,-0.994885999,0.2,0,58.1,959.8,17.097,130.218,-0.992984095,0,0,4.301,6.3,0.118247992,7.409,0.101004205,1016.6,1.173,1,0,10,0,0,0
2023-12-05 22:40,-0.862513669,-0.506033764,-0.994885999,0.6,0,51.9,959.8,17.097,129.359,-0.991410656,0,0,4.038,6.2,0.130785747,7.193,0.101004205,1016.6,1.173,1,0,10,0,0,0
2023-12-05 22:50,-0.826098294,-0.563526049,-0.994885999,0.7,0,56.8,959.8,17.097,128.582,-0.998505358,0,0,4.092,6.1,0.05465392,7.081,0.101004205,1016.6,1.174,1,0,10,0,0,0
2023-12-05 23:00,-0.939692621,-0.342020143,-0.994885999,1.2,0,63.1,959.7,17.097,127.898,-0.995086723,0,0,3.516,5.4,0.099007139,7.063,0.101004205,1016.7,1.174,1,0,10,0,0,0
2023-12-05 23:10,-0.54317445,-0.839619865,-0.994885999,0.6,0,61.4,959.6,17.097,127.278,-0.999999897,0,0,3.308,5.7,0.000453786,7.238,0.101004205,1016.5,1.173,1,0,3.8,0,0,1.3
2023-12-05 23:20,-0.970295726,-0.241921896,-0.994885999,0.7,0,55.7,959.6,17.097,126.792,-0.999754738,0,0,4.617,5.5,0.022146417,7.144,0.101004205,1016.6,1.174,1,0,8.6,0,0,1.4
2023-12-05 23:30,-0.963630453,-0.267238376,-0.994885999,0.3,0,49.7,959.6,17.097,126.304,-0.999917496,0,0,5.023,6,-0.01284527,7.198,0.101004205,1016.4,1.173,1,0,10,0,0,0
2023-12-05 23:40,-0.999876632,0.015707317,-0.994885999,0.9,0,41.8,959.6,17.097,125.851,-0.997106069,0,0,5.028,5.7,0.076022935,7.178,0.101004205,1016.5,1.174,1,0,10,0,0,0
2023-12-05 23:50,-0.584957675,-0.811063819,-0.994885999,0.2,0,43.8,959.4,17.097,125.448,-0.99636911,0,0,4.542,5.6,0.085138688,7.327,0.101004205,1016.3,1.173,1,0,10,0,0,0
2023-12-06 0:00,-0.96770917,0.252069358,-0.994885999,0.5,0,42.2,959.2,17.097,129.928,-0.996733931,0,0,4.599,5.7,0.080755618,7.356,0.101004205,1016.1,1.173,1,0,10,0,0,0
2023-12-06 0:10,-0.996778878,0.080198924,-0.994885999,0.8,0,47.6,959.2,17.097,138.676,-0.993595543,0,0,5.173,5.6,0.112995118,7.417,0.101004205,1016.1,1.173,1,0,10,0,0,0
2023-12-06 0:20,-0.918446381,-0.395545503,-0.994885999,0.8,0,44,959.2,17.097,136.95,-0.998276894,0,0,5.802,5.6,0.058679149,7.351,0.101004205,1016.1,1.173,1,0,10,0,0,0
2023-12-06 0:30,-0.99992537,0.012217001,-0.994885999,1.1,0,41.9,959.1,17.097,135.628,-0.999748515,0,0,7.038,5.4,-0.022425601,7.32,0.101004205,1016.1,1.173,1,0,10,0,0,0
2023-12-06 0:40,-0.941470545,-0.337095258,-0.999620282,1.2,0,41.6,959.2,12.873,134.415,-0.999446158,0,0,7.347,5.2,-0.033277284,7.104,0.027555261,1016.2,1.174,1,0,10,0,0,0
2023-12-06 0:50,-0.94664926,-0.322265695,-0.999457713,0.5,0,42,959,9.413,133.412,-0.996530728,0,0,6.922,5,-0.083225641,7.263,-0.032928409,1016.1,1.173,1,0,10,0,0,0
2023-12-06 1:00,-0.857167301,-0.515038075,-0.999457713,1.3,0,42.8,959.1,9.413,132.55,-0.997794523,0,0,7.131,4.7,-0.06637839,7.241,-0.032928409,1016.3,1.173,1,0,10,0,0,0
2023-12-06 1:10,-0.940880769,-0.33873792,-0.999457713,1.6,0,43.7,959.1,9.413,131.785,-0.999183854,0,0,5.846,4.4,-0.04039338,7.266,-0.032928409,1016.3,1.173,1,0,10,0,0,0
2023-12-06 1:20,-0.784776371,-0.619779032,-0.999457713,1.9,0,41.9,958.9,9.413,131.181,-0.999247426,0,0,6.329,4.9,0.038788936,7.292,-0.032928409,1016,1.173,1,0,10,0,0,0
2023-12-06 1:30,-0.834847863,-0.55048074,-0.999457713,1.7,0,40.6,958.9,9.413,130.65,-0.999938004,0,0,5.988,5.6,0.011134971,7.152,-0.032928409,1015.8,1.174,1,0,10,0,0,0
2023-12-06 1:40,-0.948876012,-0.315649037,-0.999457713,1.9,0,41.9,958.8,9.413,130.165,-0.999173245,0,0,6.146,5.3,-0.040654964,7.009,-0.032928409,1015.8,1.174,1,0,10,0,0,0
2023-12-06 1:50,-0.758134336,-0.652098404,-0.999457713,1.9,0,43.2,958.9,9.413,129.731,-0.999775906,0,0,6.112,5.4,0.021169262,7.11,-0.032928409,1015.9,1.174,1,0,10,0,0,0
2023-12-06 2:00,-0.538770785,-0.842452397,-0.999457713,1.1,0,44.9,958.8,9.413,129.345,-0.998800162,0,0,5.909,5.2,-0.048971797,7.323,-0.032928409,1015.8,1.173,1,0,10,0,0,0
2023-12-06 2:10,-0.953716951,-0.3007058,-0.999457713,0.8,0,44.8,958.7,9.413,129.008,-0.996352746,0,0,6.211,5.7,-0.085329975,7.355,-0.032928409,1015.6,1.173,1,0,10,0,0,0
2023-12-06 2:20,-0.889416373,-0.457097927,-0.999457713,0.9,0,45,958.8,9.413,128.619,-0.987021604,0,0,6.453,5.3,-0.160587527,7.284,-0.032928409,1015.8,1.173,1,0,10,0,0,0
2023-12-06 2:30,-0.875464527,-0.483282383,-0.995141864,1.5,0,45.6,958.8,5.645,128.229,-0.984689326,0,0,6.538,5.3,-0.174318475,7.268,-0.098451362,1015.8,1.173,1,0,10,0,0,0
2023-12-06 2:40,-0.756995056,-0.653420604,-0.986083222,1.7,0,44.8,958.7,1.73,127.882,-0.980388294,0,0,7.03,5.6,-0.197075601,7.263,-0.166252458,1015.6,1.173,1,0,10,0,0,0
2023-12-06 2:50,-0.779337965,-0.626603811,-0.986083222,1.5,0,45.3,958.6,1.73,127.553,-0.97509132,0,0,6.939,5.3,-0.221803784,7.094,-0.166252458,1015.6,1.174,1,0,10,0,0,0
2023-12-06 3:00,-0.756995056,-0.653420604,-0.986083222,1.6,0,45.4,958.6,1.73,127.278,-0.980607818,0,0,6.289,5.4,-0.195980374,6.724,-0.166252458,1015.5,1.175,1,0,10,0,0,0
2023-12-06 3:10,-0.745476,-0.66653247,-0.986083222,1.4,0,49,958.5,1.73,127.087,-0.982152912,0,0,6.564,4.7,-0.188084177,6.75,-0.166252458,1015.6,1.175,1,0,10,0,0,0
2023-12-06 3:20,-0.807989884,-0.589196357,-0.986083222,1.4,0,49.1,958.4,1.73,126.886,-0.971313024,0,0,7.183,5.1,-0.237804562,6.746,-0.166252458,1015.4,1.175,1,0,10,0,0,0
2023-12-06 3:30,-0.817144898,-0.576432316,-0.986083222,1.8,0,52.3,958.3,1.73,126.675,-0.988813726,0,0,7.839,5,-0.149155677,6.776,-0.166252458,1015.3,1.175,1,0,10,0,0,0
2023-12-06 3:40,-0.994702817,-0.102792537,-0.986083222,2.4,0,54.4,958.3,1.73,126.459,-0.994612735,0,0,8.426,4.7,-0.103660539,6.737,-0.166252458,1015.4,1.175,1,0,10,0,0,0
2023-12-06 3:50,-0.996345296,0.085416923,-0.986083222,2.3,0,53,958.3,1.73,126.253,-0.994025898,0,0,8.232,5.5,-0.109144464,6.651,-0.166252458,1015.2,1.176,1,0,10,0,0,0
2023-12-06 4:00,-0.346935652,-0.937888935,-0.986083222,1.2,0,53.1,958.2,1.73,126.103,-0.995865395,0,0,7.441,5.2,-0.090841156,6.558,-0.166252458,1015.2,1.176,1,0,10,0,0,0
2023-12-06 4:10,-0.985996037,-0.166768747,-0.986083222,2.5,0,54.7,958.2,1.73,126.02,-0.994873651,0,0,8.112,5.4,-0.101125753,6.5,-0.166252458,1015.1,1.176,1,0,10,0,0,0
2023-12-06 4:20,-0.998026728,0.06279052,-0.986083222,2.4,0,56.9,958.1,1.73,125.889,-0.996740975,0,0,8.353,5.1,-0.080668636,6.465,-0.166252458,1015.1,1.177,1,0,10,0,0,0
2023-12-06 4:30,-0.9909832,0.133986185,-0.986083222,3,0,57.8,957.9,1.73,125.753,-0.996422408,0,0,8.241,5.2,-0.084512634,6.428,-0.166252458,1014.9,1.177,1,0,10,0,0,0
2023-12-06 4:40,-0.974761194,0.223250116,-0.986083222,3.1,0,60.1,957.8,1.73,125.653,-0.999101507,0,0,8.683,5.1,-0.04238135,6.39,-0.166252458,1014.8,1.177,1,0,10,0,0,0
2023-12-06 4:50,-0.986855716,0.161603821,-0.986083222,2.8,0,61.9,957.7,1.73,125.567,-0.998994967,0,0,9.298,4.9,-0.044822486,6.419,-0.166252458,1014.7,1.177,1,0,10,0,0,0
2023-12-06 5:00,-0.998629535,-0.052335956,-0.986083222,3.5,0,63.3,957.6,1.73,125.339,-0.995952137,0,0,9.024,5.2,-0.089885152,6.446,-0.166252458,1014.5,1.177,1,0,10,0,0,0
2023-12-06 5:10,-0.982935349,-0.183951351,-0.986083222,2.7,0,61.5,957.6,1.73,136.464,-0.9971127,0,0,8.936,5.5,-0.075935921,6.204,-0.166252458,1014.5,1.178,1,0,10,0,0,0
2023-12-06 5:20,-0.989525789,-0.144356201,-0.986083222,2.2,0,62.3,957.7,1.73,137.393,-0.999679788,0,0,9.569,5.2,-0.025304573,6.253,-0.166252458,1014.6,1.177,1,0,10,0,0,0
2023-12-06 5:30,-0.963630453,0.267238376,-0.999027556,2.8,0,62.8,957.8,8.771,135.552,-0.999593868,0,0,10.628,4.9,-0.028497368,6.17,-0.044090173,1014.8,1.178,1,0,10,0,0,0
2023-12-06 5:40,-0.985703469,0.16848938,-0.999457713,3.1,0,62.4,957.9,9.413,133.909,-0.99970743,0,0,10.382,4.9,-0.024187904,6.146,-0.032928409,1014.9,1.178,1,0,10,0,0,0
2023-12-06 5:50,-0.986855716,0.161603821,-0.999457713,2.5,0,62.1,957.7,9.413,132.566,-0.999892533,0,0,9.746,5,0.014660241,5.992,-0.032928409,1014.7,1.179,1,0,10,0,0,0
2023-12-06 6:00,-0.99121554,0.13225639,-0.999457713,1.7,0,62.4,957.6,9.413,131.365,-0.996655952,0,0,9.659,4.8,0.081712377,5.986,-0.032928409,1014.6,1.179,1,0,10,0,0,0
2023-12-06 6:10,-0.957822495,-0.28736052,-0.999457713,1.7,0,62.5,957.5,9.413,130.473,-0.998347839,0,0,9.597,4.4,0.057459481,6.123,-0.032928409,1014.7,1.178,1,0,10,0,0,0
2023-12-06 6:20,-0.943800952,-0.330514393,-0.999457713,2.3,0,63.1,957.4,9.413,129.762,-0.999973769,0,0,9.414,4.4,0.007243053,6.079,-0.032928409,1014.5,1.178,1,0,10,0,0,0
2023-12-06 6:30,-0.998806137,-0.04884977,-0.999457713,2.6,0,64.3,957.4,9.413,129.178,-0.997971553,0,0,8.279,4.4,-0.063661438,6.05,-0.032928409,1014.5,1.178,1,0,10,0,0,0
2023-12-06 6:40,-0.998026728,0.06279052,-0.999457713,2,0,65.1,957.4,9.413,128.736,-0.992584389,0,0,7.871,4.6,-0.12155752,6.14,-0.032928409,1014.5,1.178,1,0,10,0,0,0
2023-12-06 6:50,-0.997440783,0.071497444,-0.999457713,1.3,0,63.8,957.3,9.413,128.353,-0.992101571,0,0,8.17,4.6,-0.125437127,6.018,-0.032928409,1014.4,1.178,1,0,10,0,0,0
2023-12-06 7:00,-0.99970149,0.024432178,-0.999457713,1.3,0,63.1,957.4,9.413,127.952,-0.99436758,0,0,9.204,4.8,-0.105986396,6.296,-0.032928409,1014.4,1.177,1,0,10,0,0,0
2023-12-06 7:10,-0.998806137,0.04884977,-0.999457713,1.6,0,64.2,957.5,9.413,127.501,-0.991854475,0,0,8.748,4.5,-0.127376215,6.2,-0.032928409,1014.6,1.178,1,0,10,0,0,0
2023-12-06 7:20,-0.907777479,-0.419452082,-0.998177175,1.7,0,60,957.4,7.831,127.232,-0.982877511,0,0,7.471,5,-0.18426014,6.682,-0.060351695,1014.4,1.176,1,0,10,0,0,0
2023-12-06 7:30,-0.963162567,-0.268919821,-0.986083222,2.5,0,57.6,957.3,1.73,127.068,-0.956028777,0,0,5.879,5,-0.293272871,7.095,-0.166252458,1014.3,1.174,1,0,10,0,0,0
2023-12-06 7:40,-0.999815712,-0.019197442,-0.966259297,0.7,0,58.4,957.2,-3.624,126.919,-0.97524593,0,0,5.14,5.3,-0.221122987,7.01,-0.257571294,1014.1,1.174,1,0,10,0,0,0
2023-12-06 7:50,-0.842452397,-0.538770785,-0.95499924,1.1,0,58.8,957.1,-5.954,126.817,-0.972263886,0,0,4.991,5.3,-0.233886587,7.09,-0.296608247,1014,1.174,1,0,10,0,0,0
2023-12-06 8:00,-0.935444031,-0.353474844,-0.95499924,1.5,0,59,957.1,-5.954,126.744,-0.986360396,0,0,4.683,5.3,-0.164600027,7.061,-0.296608247,1014,1.174,1,0,10,0,0,0
2023-12-06 8:10,-0.882126866,-0.471011881,-0.971025937,1.8,0,59.2,957.2,-2.533,126.702,-0.990516658,0,0,4.43,5.2,-0.137392683,7.209,-0.23897412,1014.1,1.173,1,0,10,0,0,0
2023-12-06 8:20,-0.58212297,-0.813100761,-0.986626268,0.6,0,57.2,957.1,1.73,126.665,-0.978343118,0,0,4.732,5.4,-0.206989716,7.193,-0.162998794,1014,1.173,1,0,10,0,0,0
2023-12-06 8:30,-0.781520472,-0.623879597,-0.986083222,1.1,0,56.7,957.2,1.73,126.635,-0.962369913,0,0,5.367,5.3,-0.271742801,7.139,-0.166252458,1014.1,1.174,1,0,10,0,0,0
2023-12-06 8:40,-0.957319498,0.289031797,-0.986083222,1.4,0,55.7,957.1,1.73,126.615,-0.98034011,0,0,4.95,5.2,-0.197315149,7.187,-0.166252458,1014,1.174,1,0,10,0,0,0
2023-12-06 8:50,-0.720551112,0.693401828,-0.986083222,1.8,0,54,957,1.73,126.569,-0.99749169,0,0,4.629,5.3,-0.070783672,7.184,-0.166252458,1013.9,1.174,1,0,10,0,0,0
2023-12-06 9:00,-0.924546034,0.381070376,-0.986083222,1.4,0,54.5,957,1.73,126.525,-0.993678106,0,0,5.272,5.3,-0.112266744,7.283,-0.166252458,1013.9,1.173,1,0,10,0,0,0
2023-12-06 9:10,-0.997801468,0.0662739,-0.986083222,1.9,0,55.3,956.9,1.73,126.473,-0.987598077,0,0,5.162,5.1,-0.157003307,7.318,-0.166252458,1013.8,1.173,1,0,10,0,0,0
2023-12-06 9:20,-0.898794046,0.438371147,-0.986083222,2.4,0,52.9,956.9,1.73,126.448,-0.995457885,0,0,4.705,5.4,-0.095202934,7.522,-0.166252458,1013.7,1.172,1,0,10,0,0,0
2023-12-06 9:30,-0.971961001,0.235142113,-0.990934025,2.2,0,51.9,957.1,3.581,126.463,-0.999950515,0,0,4.585,5.9,-0.009948213,7.726,-0.134349391,1013.8,1.171,1,0,10,0,0,0
2023-12-06 9:40,-0.989525789,0.144356201,-0.999457713,2.6,0,50.6,957,9.413,126.484,-0.99762815,0,0,3.944,6.3,0.068833673,7.782,-0.032928409,1013.6,1.171,1,0,10,0,0,0
2023-12-06 9:50,-0.931055816,0.364876784,-0.998233612,2.3,0,48.3,956.9,14.704,126.493,-0.994944008,0,0,4.466,6.6,0.100431175,7.6,0.059410909,1013.4,1.172,1,0,10,0,0,0
2023-12-06 10:00,-0.801775644,0.597625147,-0.998142249,2.6,0,47.5,956.8,14.791,126.459,-0.995235912,0,0,4.744,7.1,-0.097496049,7.422,0.060926594,1013.2,1.173,1,0,10,0,0,0
2023-12-06 10:10,-0.688354576,0.725374371,-0.999323268,1.6,0,47.6,956.7,9.192,126.423,-0.994963271,0,0,4.826,7.1,-0.100240158,7.663,-0.036783241,1013.1,1.172,1,0,10,0,0,0
2023-12-06 10:20,-0.76266833,0.64678978,-0.999323268,2.2,0,47.3,956.8,9.192,126.414,-0.996155046,0,0,4.728,7.6,-0.087607793,7.655,-0.036783241,1013,1.172,1,0,10,0,0,0
2023-12-06 10:30,-0.991671162,0.128795597,-0.999323268,2.6,0,47.2,956.6,9.192,126.4,-0.983931815,0,0,4.097,7.9,-0.178544628,7.86,-0.036783241,1012.8,1.171,1,0,10,0,0,0
2023-12-06 10:40,-0.960293686,0.278991106,-0.986987949,1.6,0,47.9,956.6,2.043,126.417,-0.983900638,0,0,4.209,8.1,-0.178716354,8.209,-0.160794244,1012.7,1.169,1,0,10,0,0,0
2023-12-06 10:50,-0.579281172,0.815127796,-0.985431655,1.9,0,49.4,956.6,1.508,126.464,-0.991991729,0,0,4.052,8.4,-0.126302851,8.053,-0.170071909,1012.6,1.17,1,0,10,0,0,0
2023-12-06 11:00,-0.952129393,0.305695305,-0.994761856,1.3,0,51,956.5,5.432,126.496,-0.994470694,0,0,3.623,7.8,0.105014466,8.084,-0.102219612,1012.7,1.17,1,0,10,0,0,0
2023-12-06 11:10,-0.819152044,0.573576436,-0.998621302,2.7,0,51.4,956.3,14.309,126.504,-0.987297606,0,0,3.954,8.4,0.158881837,8.421,0.05249282,1012.3,1.168,1,0,10,0,0,0
2023-12-06 11:20,-0.675590208,0.737277337,-0.989315633,2.3,0,49.6,956,19.683,126.502,-0.999526636,0,0,4.535,8.7,0.030765299,8.45,0.145789499,1011.9,1.168,1,0,10,0,0,0
2023-12-06 11:30,-0.894154237,0.447759088,-0.997960427,2.1,0,48.6,955.6,14.958,126.522,-0.999793645,0,0,3.365,9.3,-0.020314235,8.607,0.063835616,1011.6,1.168,1,0,10,0,0,0
2023-12-06 11:40,-0.959313975,0.282341457,-0.998289162,2,0,46.8,955.2,7.954,126.534,-0.884694909,0,0,2.496,9.2,-0.466170483,8.88,-0.058470069,1011.2,1.166,1,0,2.6,0,0,0
2023-12-06 11:50,-0.79335334,-0.608761429,-0.913836278,2.2,0,44.7,954.9,-12.721,126.52,-0.554161785,0,0,3.212,9.6,-0.832408984,9.768,-0.40608282,1010.7,1.163,0,0,0,0,0,1.1
2023-12-06 12:00,-0.961261696,-0.275637356,-0.645017666,2.4,0,41.8,954.8,-38.542,126.539,-0.647787556,0,0,3.144,10.9,-0.761821031,10.124,-0.764167659,1010.3,1.161,0,0,0,0,0,10
2023-12-06 12:10,-0.724171861,0.689619544,-0.511772989,1.5,0,41.2,954.6,-47.918,126.606,-0.693049618,0,0,2.57,10.1,-0.720889886,10.036,-0.859120718,1010.3,1.162,1,0,0.033,0,0,0.467
2023-12-06 12:20,-0.987688341,0.156434465,-0.591365947,2.1,0,38.3,954.6,-42.381,126.673,-0.888953202,0,0,2.845,10.5,-0.457998041,10.046,-0.806403321,1010.2,1.162,0,0,0,0,0,0
2023-12-06 12:30,-0.889416373,0.457097927,-0.862672602,2.4,0,39.4,954.6,-19.062,126.754,-0.942653143,0,0,4.262,10.1,-0.333773955,9.837,-0.505762772,1010.3,1.163,1,0,5.3,0,0,2.367
2023-12-06 12:40,-0.515038075,-0.857167301,-0.93782231,1.4,0,38.1,954.5,-9.011,126.81,-0.871975302,0,0,4.164,10.4,-0.489549868,10.001,-0.347115707,1010.1,1.162,1,0,10,0,0,0
2023-12-06 12:50,-0.981292664,-0.192521967,-0.88562879,0.6,0,37,954.2,-16.371,126.834,-0.872964648,0,0,4.29,11.3,-0.48778348,10.016,-0.464393848,1009.5,1.162,1,0,10,0,0,0
2023-12-06 13:00,-0.997052752,-0.076719028,-0.88562879,2.2,0,37.6,954.1,-16.371,126.84,-0.865510073,0,0,4.227,10.4,-0.500891519,9.983,-0.464393848,1009.7,1.162,1,0,10,0,0,0
2023-12-06 13:10,-0.994702817,-0.102792537,-0.88562879,0.7,0,40.5,953.7,-16.371,126.847,-0.872265653,0,0,3.678,10.8,-0.489032341,10.024,-0.464393848,1009.1,1.162,1,0,10,0,0,0
2023-12-06 13:20,-0.996041065,-0.088894297,-0.879972116,1.4,0,40,953.7,-17.07,126.815,-0.810103041,0,0,4.394,10.7,-0.586287526,9.869,-0.475025341,1009.2,1.162,1,0,10,0,0,0
2023-12-06 13:30,-0.851726934,-0.523985906,-0.81632917,1.8,0,39.3,953.6,-23.981,126.741,-0.774403687,0,0,4.657,10.5,-0.632691813,9.888,-0.577586951,1009.1,1.162,1,0,10,0,0,0
2023-12-06 13:40,-0.960293686,-0.278991106,-0.81632917,2.1,0,40.1,953.4,-23.981,126.664,-0.861877088,0,0,5.726,10.7,-0.507117231,10.001,-0.577586951,1008.8,1.162,1,0,10,0,0,0
2023-12-06 13:50,-0.669130606,-0.743144825,-0.817908788,3.9,0,39.9,953.4,-23.981,126.607,-0.842734381,0,0,6.253,10.4,-0.538329604,10.106,-0.575347907,1008.9,1.161,1,0,10,0,0,0
2023-12-06 14:00,-0.592013179,-0.805928282,-0.81632917,1.5,0,39.8,953.2,-23.981,126.52,-0.782847128,0,0,6.346,10.8,-0.622214091,10.085,-0.577586951,1008.6,1.161,1,0,10,0,0,0
2023-12-06 14:10,-0.697165103,-0.716910608,-0.81632917,1.1,0,39.1,953.1,-23.981,126.394,-0.85445883,0,0,4.596,10.6,-0.519519112,10.123,-0.577586951,1008.6,1.161,1,0,10,0,0,0
2023-12-06 14:20,-0.999998477,-0.001745328,-0.81632917,1.6,0,40,953.1,-23.981,126.311,-0.796593227,0,0,4.986,10.7,-0.604515699,10.142,-0.577586951,1008.5,1.161,1,0,10,0,0,0
2023-12-06 14:30,-0.908508178,-0.417867074,-0.81632917,2.1,0,39.9,953.1,-23.981,126.217,-0.814196592,0,0,6.14,10.6,-0.580589278,10.148,-0.577586951,1008.6,1.161,1,0,10,0,0,0
2023-12-06 14:40,-0.521009632,-0.853550797,-0.81632917,2.9,0,38.7,952.9,-23.981,126.079,-0.717701055,0,0,7.156,10.7,-0.696351345,10.119,-0.577586951,1008.3,1.161,1,0,10,0,0,0
2023-12-06 14:50,-0.827080574,-0.562083378,-0.745185099,2.2,0,38.1,952.8,-30.529,125.811,-0.645937467,0,0,7.114,10.8,-0.763390325,10.083,-0.666857682,1008.2,1.162,1,0,10,0,0,0
2023-12-06 15:00,-0.725374371,-0.688354576,-0.731782069,2.7,0,36.6,952.5,-31.664,125.605,-0.677813274,0,0,6.658,10.9,-0.735234089,10.02,-0.681538702,1007.8,1.162,1,0,10,0,0,0
2023-12-06 15:10,-0.5,-0.866025404,-0.722665623,4.7,0,35.4,952.6,-32.433,125.435,-0.589562951,0,0,7.047,10.8,-0.807722432,9.896,-0.691197799,1008,1.162,1,0,10,0,0,0
2023-12-06 15:20,-0.833885822,-0.551936985,-0.622897017,3,0,36.1,952.6,-40.174,125.225,-0.490858136,0,0,7.952,10.7,-0.871239514,9.888,-0.782303845,1008,1.162,1,0,10,0,0,0
2023-12-06 15:30,-0.580702956,-0.814115518,-0.487204401,2.3,0,37.2,952.5,-49.543,125.128,-0.575504924,0,0,6.101,10.6,-0.817798314,9.794,-0.873287966,1007.9,1.163,1,0,10,0,0,0
2023-12-06 15:40,-0.566406237,-0.824126189,-0.487204401,1.6,0,37.8,952.5,-49.543,125.098,-0.517847851,0,0,5.778,10.4,-0.855472737,9.639,-0.873287966,1008,1.163,1,0,10,0,0,0
2023-12-06 15:50,-0.392337117,-0.919821497,-0.487204401,1.9,0,39.7,952.4,-49.543,125.088,-0.45254366,0,0,6.426,10.2,-0.891742248,9.579,-0.873287966,1007.9,1.164,1,0,10,0,0,0
2023-12-06 16:00,-0.342020143,-0.939692621,-0.487204401,2,0,42.4,952.3,-49.543,130.813,-0.402459116,0,0,7.859,10.1,-0.915437961,9.511,-0.873287966,1007.8,1.164,1,0,10,0,0,0
2023-12-06 16:10,-0.519519112,-0.85445883,-0.487204401,2.6,0,44.9,952.3,-49.543,139.074,-0.607847148,0,0,6.481,10,-0.794054057,9.496,-0.873287966,1007.9,1.164,1,0,10,0,0,0
2023-12-06 16:20,-0.99317065,-0.116670737,-0.597695113,2.8,0,46.6,952.4,-41.995,137.817,-0.824145959,0,0,6.149,9.9,-0.566377469,9.79,-0.801723489,1008,1.163,1,0,10,0,0,0
2023-12-06 16:30,-0.761538308,-0.648119901,-0.805835279,2.5,0,42.8,952.4,-25.032,136.851,-0.820032028,0,0,8.765,10.1,-0.572317633,10.235,-0.592139766,1008,1.161,1,0,10,0,0,0
2023-12-06 16:40,-0.976672278,-0.214735327,-0.831770083,3.3,0,42.2,952.2,-22.561,135.969,-0.887332978,0,0,9.206,10.1,-0.46112925,10.385,-0.555120283,1007.7,1.16,1,0,10,0,0,0
2023-12-06 16:50,-0.826098294,-0.563526049,-0.88562879,2,0,41.6,952.1,-16.371,135.185,-0.890610004,0,0,10.977,10.2,-0.454767877,10.42,-0.464393848,1007.6,1.16,1,0,10,0,0,0
2023-12-06 17:00,-0.879648573,-0.475624209,-0.851424999,2.4,0,40.8,951.9,-20.332,134.391,-0.765741452,0,0,9.223,10.2,-0.643148528,10.233,-0.524476379,1007.4,1.161,1,0,10,0,0,0
2023-12-06 17:10,-0.707106781,-0.707106781,-0.803347868,3.6,0,42.6,951.7,-25.245,133.721,-0.687949343,0,0,7.991,10.2,-0.725758708,9.924,-0.595510037,1007.2,1.162,1,0,10,0,0,0
2023-12-06 17:20,-0.669130606,-0.743144825,-0.712148584,3.6,0,43.9,951.6,-33.296,133.149,-0.530156063,0,0,8.216,10.1,-0.847900082,9.69,-0.70202877,1007.1,1.163,1,0,10,0,0,0
2023-12-06 17:30,-0.342020143,-0.939692621,-0.58657027,3.1,0,44.8,951.4,-42.786,132.685,-0.536386657,0,0,8.707,9.9,-0.843972366,9.46,-0.809898338,1006.9,1.164,1,0,10,0,0,0
2023-12-06 17:40,-0.446197813,-0.894934362,-0.586089563,2.6,0,47.1,951.6,-42.82,132.231,-0.481998366,0,0,9.247,9.8,-0.876172115,9.26,-0.810246274,1007.2,1.165,1,0,10,0,0,0
2023-12-06 17:50,-0.675590208,-0.737277337,-0.501238917,2.5,0,51.8,951.4,-48.61,131.75,-0.385519577,0,0,10.728,9,-0.922699656,9.244,-0.865308932,1007.2,1.165,1,0,10,0,0,0
2023-12-06 18:00,0.04884977,-0.998806137,-0.471350559,1.6,0,53,951.2,-50.578,131.355,-0.456927163,0,0,9.17,9.2,-0.889504113,9.24,-0.881945945,1006.9,1.165,1,0,10,0,0,0
2023-12-06 18:10,0.235142113,-0.971961001,-0.440487662,2,0,54.9,951,-52.568,130.991,-0.326426146,0,0,11.132,9.2,-0.94522271,9.186,-0.897758665,1006.7,1.165,1,0,10,0,0,0
2023-12-06 18:20,-0.67815967,-0.734914595,-0.341938138,1.9,0,57.8,951,-58.705,130.72,-0.46664908,0,0,8.129,9.3,-0.884442557,9.047,-0.939722464,1006.7,1.166,1,0,10,0,0,0
2023-12-06 18:30,-0.458649554,-0.888617233,-0.418485379,3,0,61.9,950.8,-53.962,130.616,-0.551922431,0,0,8.452,9.2,-0.833895455,9.062,-0.908223534,1006.5,1.166,1,0,10,0,0,0
2023-12-06 18:40,-0.29570805,-0.955278362,-0.466788002,1.3,0,63.9,950.8,-50.875,130.517,-0.477266124,0,0,8.219,9,-0.87875881,9.004,-0.884369245,1006.6,1.166,1,0,10,0,0,0
2023-12-06 18:50,-0.724171861,-0.689619544,-0.530304042,2.9,0,65.2,950.8,-46.675,130.418,-0.695662081,0,0,7.218,9,-0.718369173,8.998,-0.847807539,1006.6,1.166,1,0,10,0,0,0
2023-12-06 19:00,-0.428935133,-0.903335293,-0.580845037,2,0,66.6,950.9,-43.19,130.375,-0.57939498,0,0,7.592,9,-0.815046905,9.016,-0.814014154,1006.7,1.166,1,0,10,0,0,0
2023-12-06 19:10,0.36325123,-0.931691228,-0.580845037,1.9,0,67.6,950.8,-43.19,130.323,-0.587121414,0,0,6.419,9.1,-0.809498885,9.018,-0.814014154,1006.5,1.166,1,0,10,0,0,0
2023-12-06 19:20,-0.460199785,-0.887815385,-0.580845037,2.3,0,68,950.9,-43.19,130.277,-0.639143741,0,0,6.242,9.2,-0.769087302,9.088,-0.814014154,1006.6,1.166,1,0,10,0,0,0
2023-12-06 19:30,-0.118403968,-0.992965508,-0.580845037,1.6,0,67.6,950.6,-43.19,130.263,-0.588970701,0,0,6.452,9.2,-0.808154387,9.137,-0.814014154,1006.3,1.165,1,0,10,0,0,0
2023-12-06 19:40,-0.241921896,-0.970295726,-0.580845037,4.2,4,69.6,950.7,-43.19,130.283,-0.602539594,0,0,6.158,9.3,-0.798088991,9.015,-0.814014154,1006.4,1.166,1,0,10,0,0,0
2023-12-06 19:50,0.534352349,-0.845261833,-0.580845037,1.2,1,70,950.5,-43.19,130.285,-0.646084016,0,0,6.295,9.3,-0.7632663,9.12,-0.814014154,1006.2,1.165,1,0,10,0,0,0
2023-12-06 20:00,0.590605668,-0.806960312,-0.580845037,2.1,2,71.6,950.5,-43.19,130.352,-0.618710097,0,0,7.169,9.2,-0.785619383,9.273,-0.814014154,1006.2,1.165,1,0,10,0,0,0
2023-12-06 20:10,0.782608157,-0.622514637,-0.580845037,1.7,1,72.4,950.4,-43.19,130.394,-0.688886118,0,0,6.176,9.4,-0.724869586,9.307,-0.814014154,1006,1.165,1,0,10,0,0,0
2023-12-06 20:20,-0.662620048,-0.748955721,-0.679991771,1.8,5,72.2,950.3,-35.857,130.47,-0.829193696,0,0,6.913,9.6,-0.558961371,9.458,-0.733219743,1005.9,1.164,1,0,10,0,0,0
2023-12-06 20:30,-0.963162567,-0.268919821,-0.81079829,3,0,71.5,950.3,-24.52,130.495,-0.806702535,0,0,8.927,9.9,-0.590957714,9.696,-0.585325664,1005.8,1.163,1,0,10,0,0,0
2023-12-06 20:40,-0.830984469,0.556295616,-0.828422207,2.4,0,71,950.6,-22.761,130.405,-0.920811449,0,0,8.012,10,-0.390008045,9.884,-0.56010414,1006.1,1.162,1,0,10,0,0,0
2023-12-06 20:50,-0.961261696,0.275637356,-0.903589669,1.3,1,78.3,950.7,-14.05,130.421,-0.994101853,0,0,3.973,8.6,-0.108450476,9.305,-0.428399008,1006.3,1.165,1,0,4.667,0,0,3.567
2023-12-06 21:00,-0.744311546,0.667832555,-0.996920072,1.7,3,83.5,950.5,6.783,130.511,-0.940341582,0,0,4.778,8,-0.340231846,8.686,-0.078424297,1006.3,1.167,1,0,10,0,0,0
2023-12-06 21:10,0.46638664,0.884580975,-0.940204929,0.7,3,86.8,950.5,-8.614,130.558,-0.968025166,0,0,6.073,7.6,-0.2508531,8.603,-0.340609296,1006.4,1.168,1,0,10,0,0,0
2023-12-06 21:20,0.979222811,-0.202787295,-0.940204929,0.2,5,88.1,950.6,-8.614,130.522,-0.928738394,0,0,8.831,7.6,-0.370735749,8.51,-0.340609296,1006.5,1.168,1,0,10,0,0,0
2023-12-06 21:30,-0.983254908,0.182235525,-0.940204929,2.2,11,85.9,950.7,-8.614,130.371,-0.966358126,0,0,9.824,8,-0.257200258,8.658,-0.340609296,1006.5,1.167,1,0,10,0,0,0
2023-12-06 21:40,-0.962691746,0.270600446,-0.967059269,2.6,5,86.7,950.8,-3.449,130.128,-0.993839695,0,0,9.992,7.8,0.110827162,8.113,-0.254551313,1006.6,1.17,1,0,10,0,0,0
2023-12-06 21:50,-0.860742027,0.509041416,-0.999766197,2.6,3,88,950.7,12.529,129.888,-0.999668202,0,0,9.752,7.6,0.025758211,7.59,0.021622944,1006.6,1.172,1,0,10,0,0,0
2023-12-06 22:00,-0.999945169,-0.010471784,-0.998216982,2.5,10,85.4,950.5,14.733,129.488,-0.996623071,0,0,13.78,7.8,-0.082112453,7.955,0.059689666,1006.3,1.17,1,0,10,0,0,0
2023-12-06 22:10,-0.992331938,-0.123601477,-0.999964468,5.1,17,83,950.5,10.817,129.042,-0.994561958,0,0,13.811,8,-0.104146587,7.937,-0.00842984,1006.3,1.17,1,0,10,0,0,0
2023-12-06 22:20,-0.966823389,-0.255445758,-0.999026016,5.5,11,82.9,950.3,8.763,128.641,-0.985082307,0,0,15.634,7.9,-0.172083839,7.914,-0.044125046,1006.1,1.17,1,0,10,0,0,0
2023-12-06 22:30,-0.977415894,-0.211324796,-0.989860694,5.7,5,83.2,950.2,3.133,128.27,-0.990847059,0,0,14.326,7.7,-0.13498928,7.702,-0.142041564,1006,1.171,1,0,10,0,0,0
2023-12-06 22:40,-0.823136369,0.567843745,-0.989860694,3.1,4,82.2,950.2,3.133,127.914,-0.999693765,0,0,11.564,7.6,-0.024746242,7.525,-0.142041564,1006.1,1.172,1,0,10,0,0,0
2023-12-06 22:50,-0.918446381,0.395545503,-0.999488303,4.2,2,80.3,950.1,9.465,127.742,-0.998231537,0,0,13.607,7.4,-0.059445754,7.499,-0.031986428,1006,1.172,1,0,10,0,0,0
2023-12-06 23:00,-0.885393626,0.464842046,-0.999974522,2.5,0,76.7,950.1,10.891,127.422,-0.995617634,0,0,14.984,7.2,-0.093517518,7.465,-0.007138336,1006.1,1.172,1,0,10,0,0,0
2023-12-06 23:10,-0.858959897,0.512042865,-0.999974522,3.3,1,74.8,950.3,10.891,127.083,-0.999892533,0,0,14.278,7.1,0.014660241,7.359,-0.007138336,1006.3,1.173,1,0,10,0,0,0
2023-12-06 23:20,-0.988228381,0.152985836,-0.999974522,5.5,4,73,950.3,10.891,126.719,-0.999941453,0,0,14.476,7,0.01082083,7.114,-0.007138336,1006.3,1.174,1,0,10,0,0,0
2023-12-06 23:30,-0.992965508,0.118403968,-0.999975141,5,8,70.7,950.1,10.896,126.449,-0.999885249,0,0,14.416,7,0.015148878,7.071,-0.007051072,1006.1,1.174,1,0,10,0,0,0
2023-12-06 23:40,-0.692143174,0.721760228,-0.999979597,6.4,5,72.4,949.9,10.934,126.251,-0.998204459,0,0,14.432,6.7,0.059898731,6.883,-0.006387862,1006,1.175,1,0,10,0,0,0
2023-12-06 23:50,-0.882126866,0.471011881,-0.999974646,4.9,1,72.5,949.8,10.892,126.039,-0.999572199,0,0,15.939,6.7,0.029247547,6.651,-0.007120883,1005.9,1.176,1,0,10,0,0,0
2023-12-07 0:00,-0.767165152,0.641449632,-0.999974522,3.8,0,74,949.9,10.891,125.803,-0.999996149,0,0,15.433,6.6,0.00277507,6.616,-0.007138336,1006,1.176,1,0,10,0,0,0
2023-12-07 0:10,-0.91636273,0.400349033,-0.999142453,3.9,1,77.7,950.2,13.674,125.668,-0.973991788,0,0,11.126,6.2,0.226583311,6.317,0.041404824,1006.4,1.177,1,0,10,0,0,0
2023-12-07 0:20,-0.976296007,0.216439614,-0.979265261,3.7,7,76,950.5,22.996,125.572,-0.935079546,0,0,11.549,6.1,0.354437924,6.04,0.202582203,1006.8,1.178,1,0,10,0,0,0
2023-12-07 0:30,-0.985407898,0.170209499,-0.937470448,4.4,0,76.9,950.4,31.669,125.329,-0.964791914,0,0,12.401,5.8,0.263014376,5.755,0.348064878,1006.8,1.18,1,0,10,0,0,0
2023-12-07 0:40,-0.998134798,0.06104854,-0.937567609,4.6,0,72.3,950.4,31.653,133.577,-0.979757339,0,0,12.691,5.7,0.200188804,5.718,0.347803073,1006.8,1.18,1,0,10,0,0,0
2023-12-07 0:50,0.587785252,0.809016994,-0.937579749,6.4,0,70.2,950.5,31.651,137.092,-0.967577055,0,0,13.25,5.6,0.252576015,5.628,0.347770346,1006.9,1.18,1,0,10,0,0,0
2023-12-07 1:00,-0.769399555,0.638767818,-0.954558162,5.6,0,70.4,950.7,28.634,134.822,-0.993579756,0,0,13.693,5.4,0.113133849,5.598,0.29802469,1007.2,1.18,1,0,10,0,0,0
2023-12-07 1:10,-0.990509463,0.137444546,-0.984780464,6.3,0,68,950.7,21.309,132.995,-0.981985106,0,0,13.368,5.4,0.188958334,5.576,0.173802869,1007.2,1.18,1,0,10,0,0,0
2023-12-07 1:20,-0.99317065,0.116670737,-0.984810784,5.5,0,65.1,950.7,21.299,131.416,-0.998634098,0,0,13.357,5.2,0.052248809,5.406,0.17363099,1007.2,1.181,1,0,10,0,0,0
2023-12-07 1:30,-0.998719357,-0.05059294,-0.997172032,5.5,0,62.9,950.7,15.612,129.932,-0.999195095,0,0,13.824,5.3,0.040114353,5.301,0.075152767,1007.2,1.181,1,0,10,0,0,0
2023-12-07 1:40,-0.882947593,-0.469471563,-0.999870808,5.7,0,62.9,950.8,12.221,128.631,-0.999488861,0,0,14.591,5.2,0.031968984,5.227,0.01607379,1007.3,1.182,1,0,10,0,0,0
2023-12-07 1:50,-0.992114701,0.125333234,-0.999870808,5.3,1,64.1,951,12.221,127.381,-0.999087398,0,0,12.657,5,0.042712662,5.007,0.01607379,1007.6,1.183,1,0,10,0,0,0
2023-12-07 2:00,-0.919135339,0.39394191,-0.999870808,5.6,0,63.6,951.1,12.221,126.279,-0.99436758,0,0,12.524,5.1,0.105986396,4.974,0.01607379,1007.7,1.183,1,0,10,0,0,0
2023-12-07 2:10,-0.944948912,0.327217899,-0.999870808,4.6,0,64.1,951.3,12.221,129.703,-0.9998359,0,0,13.323,4.9,0.018115527,4.948,0.01607379,1007.9,1.183,1,0,10,0,0,0
2023-12-07 2:20,-0.997915618,-0.064532308,-0.999870808,5.5,0,63.2,951.3,12.221,138.57,-0.999378584,0,0,13.838,4.9,0.035248348,4.838,0.01607379,1007.9,1.183,1,0,10,0,0,0
2023-12-07 2:30,-0.940880769,0.33873792,-0.999870808,5.8,0,61.4,951.4,12.221,136.45,-0.999079179,0,0,14.236,4.7,0.042904472,4.687,0.01607379,1008.1,1.184,1,0,10,0,0,0
2023-12-07 2:40,-0.999993908,-0.003490651,-0.999870808,4.8,0,58.6,951.8,12.221,134.798,-0.999183149,0,0,14.183,4.6,0.040410819,4.701,0.01607379,1008.6,1.184,1,0,10,0,0,0
2023-12-07 2:50,-0.999657325,-0.026176948,-0.999870808,6,0,58.2,951.7,12.221,133.382,-0.999723662,0,0,15.534,4.3,0.023507419,4.708,0.01607379,1008.5,1.184,1,0,10,0,0,0
2023-12-07 3:00,-0.901832526,0.432085749,-0.999870808,5.7,0,51.9,951.8,12.221,132.133,-0.99970743,0,0,15.441,4.5,-0.024187904,4.609,0.01607379,1008.6,1.184,1,0,10,0,0,0
2023-12-07 3:10,-0.792289643,0.610145164,-0.999870808,7.5,0,51.8,951.8,12.221,130.985,-0.999881249,0,0,17.032,4.6,-0.015410647,4.351,0.01607379,1008.6,1.185,1,0,10,0,0,0
2023-12-07 3:20,-0.923879533,0.382683432,-0.999879359,3.6,0,53.4,951.8,12.19,129.876,-0.999254181,0,0,18.382,4.3,-0.038614534,4.361,0.015532806,1008.6,1.185,1,0,10,0,0,0
2023-12-07 3:30,-0.801775644,0.597625147,-0.999890734,9.4,0,51.4,951.9,12.147,128.931,-0.996056565,0,0,18.936,4.4,-0.088720454,4.35,0.0147824,1008.7,1.185,1,0,10,0,0,0
2023-12-07 3:40,-0.96174131,0.273959219,-0.999890734,8.7,0,52.2,951.8,12.147,128.077,-0.999833042,0,0,18.494,4.1,-0.01827258,4.241,0.0147824,1008.7,1.186,1,0,10,0,0,0
2023-12-07 3:50,-0.999742609,0.022687334,-0.999890734,5.2,0,53.3,951.8,12.147,127.312,-0.996331867,0,0,17.716,4,-0.085573428,4.047,0.0147824,1008.7,1.187,1,0,10,0,0,0
2023-12-07 4:00,-0.980955155,0.194234351,-0.99928618,5.2,0,54.5,951.9,9.14,126.57,-0.990705155,0,0,17.791,3.7,-0.136026818,3.853,-0.037777387,1008.7,1.188,1,0,10,0,0,0
2023-12-07 4:10,-0.844327926,0.535826795,-0.992422276,7.7,0,52.5,952,4.242,125.866,-0.994574675,0,0,15.877,3.7,-0.104025077,3.621,-0.122874026,1008.8,1.189,1,0,10,0,0,0
2023-12-07 4:20,-0.908508178,0.417867074,-0.992422276,6.3,0,53.9,952.2,4.242,125.328,-0.996037962,0,0,16.201,3.4,-0.088929065,3.668,-0.122874026,1009.1,1.188,1,0,10,0,0,0
2023-12-07 4:30,-0.77384021,0.633380873,-0.992422276,6.5,0,56,952.5,4.242,138.143,-0.999816382,0,0,13.812,3.3,-0.019162542,3.465,-0.122874026,1009.5,1.189,1,0,10,0,0,0
2023-12-07 4:40,-0.781520472,0.623879597,-0.995702098,6.6,0,55.7,952.6,5.988,137.716,-0.999514749,0,0,14.814,3.1,0.031149088,3.059,-0.092613886,1009.6,1.191,1,0,10,0,0,0
2023-12-07 4:50,-0.964557418,0.26387305,-0.999964026,6.6,0,55.9,952.8,11.786,136.206,-0.993889885,0,0,13.431,2.9,0.11037616,3.061,0.008482198,1009.9,1.191,1,0,10,0,0,0
2023-12-07 5:00,-0.986572162,0.163325962,-0.998146501,5.6,0,57.6,953.2,14.784,135.107,-0.983828817,0,0,12.423,2.5,0.179111303,2.813,0.06085691,1010.4,1.192,1,0,10,0,0,0
2023-12-07 5:10,-0.934204474,0.356737999,-0.98755694,8.3,0,56.8,953.5,20.348,134.219,-0.976933898,0,0,13.53,2.4,0.213541937,2.549,0.157261854,1010.8,1.193,1,0,10,0,0,0
2023-12-07 5:20,-0.979924705,0.199367934,-0.987515735,5.4,0,57.5,953.7,20.363,133.273,-0.988696274,0,0,14.385,2.2,0.149932244,2.25,0.15752039,1011,1.195,1,0,10,0,0,0
2023-12-07 5:30,-0.818149717,0.575005252,-0.987353006,5.7,0,57,954.2,20.422,132.448,-0.994317525,0,0,14.2,2.1,0.106454969,2.363,0.158537195,1011.6,1.194,1,0,10,0,0,0
2023-12-07 5:40,-0.966823389,0.255445758,-0.987353006,4.4,0,55.9,954.3,20.422,131.805,-0.99602709,0,0,12.707,2.1,0.089050754,2.292,0.158537195,1011.7,1.194,1,0,10,0,0,0
2023-12-07 5:50,-0.943800952,0.330514393,-0.987353006,5.2,0,54.9,954.4,20.422,131.216,-0.986674588,0,0,12.073,2.1,0.162706048,2.157,0.158537195,1011.8,1.195,1,0,10,0,0,0
2023-12-07 6:00,-0.997314477,0.073238197,-0.987353006,5,0,53.7,954.7,20.422,130.556,-0.981235498,0,0,13.279,2.1,0.192813113,2.123,0.158537195,1012.1,1.195,1,0,10,0,0,0
2023-12-07 6:10,-0.977045574,0.213030386,-0.987353006,3.3,0,52.8,955,20.422,130.026,-0.989558517,0,0,13.035,2,0.144131681,2.242,0.158537195,1012.5,1.195,1,0,10,0,0,0
2023-12-07 6:20,-0.767165152,0.641449632,-0.987353006,4.7,0,50.7,955.1,20.422,129.604,-0.996881627,0,0,12.782,2.1,0.078911474,2.191,0.158537195,1012.5,1.195,1,0,10,0,0,0
2023-12-07 6:30,-0.965016494,-0.262189179,-0.987353006,6.1,0,49.9,955.1,20.422,129.192,-0.997481797,0,0,14.184,2,0.070922948,2.235,0.158537195,1012.6,1.195,1,0,10,0,0,0
2023-12-07 6:40,-0.738455341,0.674302388,-0.987353006,4.7,0,48.9,955.2,20.422,128.744,-0.979725881,0,0,14.215,1.9,0.200342702,2.003,0.158537195,1012.7,1.196,1,0,10,0,0,0
2023-12-07 6:50,-0.903335293,0.428935133,-0.987353006,7.1,0,46.7,955.3,20.422,128.34,-0.975526869,0,0,12.062,2,0.219880257,2.055,0.158537195,1012.8,1.195,1,0,10,0,0,0
2023-12-07 7:00,-0.958819735,-0.284015345,-0.987353006,6.1,0,45.8,955.6,20.422,128.123,-0.986912067,0,0,13.549,1.9,0.161259334,2.08,0.158537195,1013.1,1.195,1,0,10,0,0,0
2023-12-07 7:10,0.989776231,-0.142628934,-0.987353006,4.4,0,44.6,955.7,20.422,127.923,-0.977838081,0,0,14.274,2,0.209362573,2.018,0.158537195,1013.2,1.196,1,0,10,0,0,0
2023-12-07 7:20,-0.956813584,0.290702194,-0.98732255,4.8,0,45.4,955.8,20.433,127.663,-0.957982838,0,0,12.306,1.7,0.286825526,1.741,0.158726751,1013.4,1.197,1,0,10,0,0,0
2023-12-07 7:30,-0.956813584,0.290702194,-0.962776711,4.3,0,45.7,956,26.98,127.399,-0.977493283,0,0,12.438,1.5,0.210966541,1.904,0.270297994,1013.6,1.196,1,0,10,0,0,0
2023-12-07 7:40,0.999902524,0.01396218,-0.957521046,4.5,0,44.1,956.2,28.06,127.193,-0.983162544,0,0,9.896,1.5,0.182733172,1.869,0.288363391,1013.9,1.196,1,0,10,0,0,0
2023-12-07 7:50,0.922538089,0.385906042,-0.957309408,3.6,0,44,956.4,28.102,127.113,-0.986193268,0,0,8.64,1.4,0.165598426,1.873,0.289065214,1014.1,1.196,1,0,10,0,0,0
2023-12-07 8:00,0.947210278,0.320612991,-0.983906875,3.7,0,42.5,956.7,21.599,127.086,-0.99064809,0,0,9.808,1.4,0.136441792,1.976,0.17868201,1014.4,1.196,1,0,10,0,0,0
2023-12-07 8:10,-0.999328394,0.036643709,-0.987959866,4,0,43.9,956.9,20.2,127.052,-0.984576551,0,0,10.336,1.2,0.174954323,2.047,0.154710386,1014.7,1.195,1,0,10,0,0,0
2023-12-07 8:20,-0.97113428,0.238533458,-0.987959866,3.4,0,44.8,957.2,20.2,126.946,-0.972038923,0,0,10.865,1.1,0.234819786,2.077,0.154710386,1015,1.195,1,0,10,0,0,0
2023-12-07 8:30,-0.881303452,0.472550765,-0.987959866,2.6,0,43.8,957.5,20.2,126.628,-0.971903516,0,0,10.976,1.2,0.235379601,2.056,0.154710386,1015.3,1.195,1,0,10,0,0,0
2023-12-07 8:40,-0.813389726,0.569541618,-0.987959866,2.9,0,41.5,957.75,20.2,126.5415,-0.974195896,0,0,10.1655,1.45,0.225475056,2.311,0.154710386,1015.5,1.194,1,0,7.3165,0,0,0
2023-12-07 8:50,-0.745476,0.66653247,-0.987959866,3.2,0,39.2,958,20.2,126.455,-0.976488277,0,0,9.355,1.7,0.21557051,2.566,0.154710386,1015.7,1.193,1,0,4.633,0,0,0
2023-12-07 9:00,-0.830012285,0.557745109,-0.987959866,2,0,38.9,958.1,20.2,126.493,-0.977471185,0,0,9.048,1.8,0.211068902,2.649,0.154710386,1015.8,1.193,1,0,10,0,0,0
2023-12-07 9:10,-0.888617233,0.458649554,-0.987959866,2.6,0,37.7,958.3,20.2,126.593,-0.975764231,0,0,8.647,1.9,0.218824507,2.874,0.154710386,1016,1.192,1,0,10,0,0,0
2023-12-07 9:20,-0.968583161,0.248689887,-0.96888195,3.3,0,33.7,958.5,25.629,126.573,-0.945512893,0,0,7.072,2.3,0.325584657,2.861,0.247523265,1016.1,1.192,1,0,10,0,0,0
2023-12-07 9:30,-0.987136265,-0.159881188,-0.95877015,3.1,0,32.5,958.6,27.81,126.611,-0.970147764,0,0,6.979,2.5,0.24251457,3.077,0.284182686,1016.1,1.191,1,0,10,0,0,0
2023-12-07 9:40,-0.937281989,0.348572047,-0.95877015,2.2,0,30.6,958.7,27.81,126.705,-0.947159904,0,0,6.418,2.7,0.320761774,3.269,0.284182686,1016.2,1.19,1,0,10,0,0,0
2023-12-07 9:50,-0.882126866,0.471011881,-0.95877015,4,0,29.4,958.9,27.81,126.86,-0.987175302,0,0,5.791,3,0.15963998,3.484,0.284182686,1016.3,1.189,1,0,10,0,0,0
2023-12-07 10:00,0.045362988,0.99897057,-0.987501985,1.5,0,28.5,958.9,20.369,126.965,-0.999824974,0,0,4.111,3.5,-0.018708838,3.689,0.157606567,1016.2,1.188,1,0,10,0,0,0
2023-12-07 10:10,-0.999742609,0.022687334,-0.997629351,2.8,0,27.7,959.1,15.248,127.101,-0.998452434,0,0,4.574,3.8,-0.055612391,3.994,0.068816261,1016.3,1.187,1,0,10,0,0,0
2023-12-07 10:20,-0.928485827,0.371367836,-0.999849214,1.9,0,28.4,959.2,12.295,127.263,-0.999921919,0,0,4.189,4.3,-0.012496232,4.311,0.017365153,1016.5,1.186,1,0,10,0,0,0
2023-12-07 10:30,-0.927183855,0.374606593,-0.999961004,3.1,0,26.5,959.4,10.788,127.458,-0.946609881,0,0,3.807,4.3,-0.322381348,4.529,-0.008831251,1016.7,1.185,1,0,10,0,0,0
2023-12-07 10:40,0.46638664,0.884580975,-0.984862258,0.1,0,28.4,959.5,1.282,127.602,-0.801055357,0,0,3.117,5.2,-0.598590273,4.969,-0.173338783,1016.6,1.183,1,0,3.467,0,0,4.767
2023-12-07 10:50,-0.996194698,0.087155743,-0.871641874,2.2,0,26.9,959.6,-18.078,127.717,-0.68199836,0,0,3.302,5.4,-0.731353702,5.424,-0.490143289,1016.6,1.181,1,0,0.033,0,0,2.467
2023-12-07 11:00,-0.99505557,0.09931975,-0.700311487,1,0,27.6,959.6,-34.24,127.951,-0.883937076,0,0,3.979,5,-0.467605866,5.585,-0.713837391,1016.7,1.18,1,0,7.1,0,0,2.867
2023-12-07 11:10,-0.246999013,-0.969015731,-0.842950413,1.1,0,27.7,959.7,-21.247,128.221,-0.77004578,0,0,5.397,5.7,-0.637988634,5.762,-0.537991266,1016.6,1.179,1,0,10,0,0,0
2023-12-07 11:20,-0.937888935,-0.346935652,-0.860786446,2.9,0,27.6,959.7,-19.292,128.444,-0.934036262,0,0,6.312,6.2,-0.357178193,5.815,-0.5089663,1016.5,1.179,1,0,10,0,0,0
2023-12-07 11:30,-0.528438335,-0.848971688,-0.908959821,1.4,0,26.4,959.6,-13.337,128.608,-0.963714361,0,0,6.159,6.1,-0.266935629,5.922,-0.416883729,1016.4,1.179,1,0,10,0,0,0
2023-12-07 11:40,-0.513541252,-0.858064906,-0.955082031,3.3,0,24.8,959.4,-5.938,128.698,-0.890554436,0,0,6.794,6.4,-0.454876682,5.96,-0.29634155,1016.1,1.179,1,0,10,0,0,0
2023-12-07 11:50,-0.841510782,-0.54024032,-0.900698239,2.5,0,24.9,959.5,-14.45,128.692,-0.903028122,0,0,7.73,6.7,-0.429581437,6.007,-0.434445257,1016.1,1.178,1,0,10,0,0,0
2023-12-07 12:00,-0.990509463,0.137444546,-0.900698239,2,0,25.3,959.5,-14.45,128.663,-0.941758488,0,0,9.253,6.8,-0.336289979,6.006,-0.434445257,1016.1,1.178,1,0,10,0,0,0
2023-12-07 12:10,-0.997801468,0.0662739,-0.9446859,2.4,0,25.7,959.6,-7.848,128.451,-0.960166985,0,0,11.752,7,-0.279426845,5.768,-0.327976447,1016.2,1.179,1,0,10,0,0,0
2023-12-07 12:20,-0.81004164,0.586372357,-0.950298607,3.1,0,26,959.4,-6.84,128.034,-0.96786297,0,0,11.916,7.1,-0.251478171,5.802,-0.311339939,1015.9,1.179,1,0,10,0,0,0
2023-12-07 12:30,-0.903335293,-0.428935133,-0.950298607,3,0,26.7,959.4,-6.84,127.657,-0.977408517,0,0,10.429,7,-0.211358915,5.89,-0.311339939,1016,1.179,1,0,10,0,0,0
2023-12-07 12:40,-0.955278362,-0.29570805,-0.950298607,1.7,0,26.1,959.3,-6.84,127.333,-0.947868567,0,0,9.112,7.6,-0.318661543,6.123,-0.311339939,1015.7,1.178,1,0,10,0,0,0
2023-12-07 12:50,-0.965016494,0.262189179,-0.950298607,4.2,0,24.5,959.4,-6.84,127.258,-0.972707074,0,0,7.732,7.6,-0.232036522,6.52,-0.311339939,1015.8,1.176,1,0,10,0,0,0
2023-12-07 13:00,-0.99756405,0.069756474,-0.9793112,2.8,0,24.2,959.4,-0.377,127.389,-0.999091121,0,0,7.696,7.5,-0.042625475,6.921,-0.20236001,1015.8,1.175,1,0,10,0,0,0
2023-12-07 13:10,-0.736097087,0.67687597,-0.993394814,1.6,0,24.3,959.3,4.711,127.563,-0.999700636,0,0,6.301,7.7,-0.024467074,7.255,-0.114746434,1015.7,1.173,1,0,10,0,0,0
2023-12-07 13:20,-0.955793015,0.294040325,-0.994116986,2.4,0,25.7,959.2,5.088,127.644,-0.956712052,0,0,9.203,8.3,-0.291036167,7.299,-0.108311672,1015.4,1.173,1,0,10,0,0,0
2023-12-07 13:30,-0.931055816,-0.364876784,-0.983156165,2,0,23.6,959.1,0.769,127.584,-0.993552083,0,0,9.928,8.8,-0.113376623,7.297,-0.182767491,1015.2,1.173,1,0,10,0,0,0
2023-12-07 13:40,-0.924546034,0.381070376,-0.996042617,3.2,0,24.7,959.1,6.199,127.618,-0.998335783,0,0,8.964,8.5,-0.057668573,7.498,-0.088876913,1015.2,1.172,1,0,10,0,0,0
2023-12-07 13:50,-0.872922077,0.487859659,-0.99876573,3.2,0,24.9,959.2,8.453,127.651,-0.998509171,0,0,8.966,8.1,-0.054584211,7.675,-0.049669079,1015.5,1.171,1,0,10,0,0,0
2023-12-07 14:00,-0.75011107,0.661311865,-0.99876573,1.6,0,24.8,959.2,8.453,127.589,-0.987537719,0,0,8.717,8.6,-0.157382506,7.738,-0.049669079,1015.3,1.171,1,0,10,0,0,0
2023-12-07 14:10,-0.923879533,0.382683432,-0.99876573,1.8,0,24.2,959.1,8.453,127.633,-0.999994208,0,0,7.72,8.8,-0.003403385,7.866,-0.049669079,1015.2,1.171,1,0,10,0,0,0
2023-12-07 14:20,0.965472631,-0.260504509,-0.99876573,2.2,0,24.4,959.2,8.453,127.781,-0.997004351,0,0,6.524,8.5,-0.07734548,8.014,-0.049669079,1015.4,1.17,1,0,10,0,0,0
2023-12-07 14:30,-0.913545458,0.406736643,-0.99876573,2.8,0,22.9,959.1,8.453,128.002,-0.995230806,0,0,5.978,8.7,-0.09754816,8.128,-0.049669079,1015.2,1.17,1,0,10,0,0,0
2023-12-07 14:40,-0.974761194,-0.223250116,-0.99876573,2.4,0,23.9,959.2,8.453,128.154,-0.982793795,0,0,7.59,8.7,-0.184706136,8.066,-0.049669079,1015.3,1.17,1,0,10,0,0,0
2023-12-07 14:50,-0.989525789,-0.144356201,-0.991111361,3.7,0,23.2,959.2,3.659,128.174,-0.989505623,0,0,7.326,8.8,-0.144494363,8.037,-0.133034848,1015.3,1.17,1,0,10,0,0,0
2023-12-07 15:00,-0.934825676,0.355106962,-0.983156165,2.2,0,24.9,959.3,0.769,128.287,-0.984371291,0,0,7.779,8.6,-0.176105538,8.021,-0.182767491,1015.4,1.17,1,0,10,0,0,0
2023-12-07 15:10,-0.978147601,0.207911691,-0.983156165,4.7,0,24.2,959.4,0.769,128.338,-0.987058015,0,0,7.25,8.4,-0.160363574,7.974,-0.182767491,1015.6,1.17,1,0,10,0,0,0
2023-12-07 15:20,-0.996492859,0.083677843,-0.98040205,1.3,0,25,959.3,-0.064,128.358,-0.931329391,0,0,8.145,8.4,-0.364177932,7.902,-0.197007156,1015.5,1.171,1,0,10,0,0,0
2023-12-07 15:30,-0.866896749,0.49848774,-0.949491219,2.9,0,24.5,959.3,-6.988,128.218,-0.893645695,0,0,7.279,8.2,-0.448773185,7.928,-0.313793602,1015.5,1.17,1,0,10,0,0,0
2023-12-07 15:40,-0.967267753,-0.253757945,-0.949491219,0.3,0,26.2,959.3,-6.988,128.249,-0.971192536,0,0,8.289,8.3,-0.238296158,7.776,-0.313793602,1015.5,1.171,1,0,10,0,0,0
2023-12-07 15:50,-0.692143174,0.721760228,-0.949491219,3,0,26,959.5,-6.988,128.19,-0.963087433,0,0,8.41,8.1,-0.269188776,7.637,-0.313793602,1015.8,1.172,1,0,10,0,0,0
2023-12-07 16:00,-0.999657325,0.026176948,-0.949491219,1.1,0,26.6,959.6,-6.988,128.185,-0.976926443,0,0,7.114,7.8,-0.213576038,7.649,-0.313793602,1016,1.172,1,0,10,0,0,0
2023-12-07 16:10,-0.829037573,-0.559192903,-0.945484477,3.3,0,27.7,959.6,-7.707,128.317,-0.860012621,0,0,4.957,7.5,-0.510272762,7.583,-0.325667167,1016,1.172,1,0,10,0,0,0
2023-12-07 16:20,-0.927183855,0.374606593,-0.891750146,1,0,29.1,959.6,-15.613,128.419,-0.7387142,0,0,5.188,7.2,-0.674018791,7.512,-0.452528096,1016.1,1.172,1,0,10,0,0,0
2023-12-07 16:30,-0.732542899,-0.680720869,-0.754469071,0.7,0,28.7,959.6,-29.727,128.531,-0.590873233,0,0,5.696,7.3,-0.806764416,7.262,-0.6563356,1016.1,1.173,1,0,10,0,0,0
2023-12-07 16:40,-0.457097927,-0.889416373,-0.627052574,2.3,0,28.9,959.6,-39.867,128.52,-0.445807282,0,0,7.193,7.2,-0.895128967,6.976,-0.778976938,1016.1,1.174,1,0,10,0,0,0
2023-12-07 16:50,-0.661311865,-0.75011107,-0.4623368,2,0,29.5,959.7,-51.162,128.503,-0.539873091,0,0,5.718,7,-0.841746426,6.851,-0.886704395,1016.3,1.175,1,0,10,0,0,0
2023-12-07 17:00,-0.278991106,-0.960293686,-0.462228465,3,0,31.2,959.7,-51.169,128.561,-0.348097602,0,0,5.93,6.5,-0.937458298,6.694,-0.886760873,1016.4,1.176,1,0,10,0,0,0
2023-12-07 17:10,-0.725374371,-0.688354576,-0.356477106,1.7,0,32,959.8,-57.814,128.586,-0.283747581,0,0,5.714,6.2,-0.95889901,6.585,-0.934304058,1016.6,1.176,1,0,10,0,0,0
2023-12-07 17:20,-0.278991106,-0.960293686,-0.339526032,2.2,0,33.3,959.9,-58.852,128.625,-0.243310305,0,0,6.145,5.8,-0.969948501,6.468,-0.940596658,1016.8,1.177,1,0,10,0,0,0
2023-12-07 17:30,0.092370587,-0.995724698,-0.339526032,2.6,0,33.8,960.1,-58.852,128.647,-0.246796057,0,0,7.538,5.9,-0.969067442,6.344,-0.940596658,1017,1.177,1,0,10,0,0,0
2023-12-07 17:40,-0.073238197,-0.997314477,-0.339526032,1.8,0,35,960.2,-58.852,128.571,-0.270970073,0,0,7.44,5.5,-0.962587772,6.259,-0.940596658,1017.2,1.177,1,0,10,0,0,0
2023-12-07 17:50,-0.406736643,-0.913545458,-0.339526032,1.5,0,37.4,960.3,-58.852,128.486,-0.283329155,0,0,8.176,5.4,-0.959022726,6.185,-0.940596658,1017.3,1.178,1,0,10,0,0,0
2023-12-07 18:00,0.140901232,-0.990023658,-0.339526032,2.9,0,39.4,960.4,-58.852,128.388,-0.230355459,0,0,8.143,5.5,-0.973106552,6.165,-0.940596658,1017.4,1.178,1,0,10,0,0,0
2023-12-07 18:10,-0.483282383,-0.875464527,-0.339526032,3.1,0,41.8,960.5,-58.852,128.29,-0.215519381,0,0,8.168,5.8,-0.976499563,6.028,-0.940596658,1017.5,1.178,1,0,10,0,0,0
2023-12-07 18:20,-0.027921639,-0.999610115,-0.250447593,2.9,0,43.1,960.5,-64.194,128.158,-0.208082407,0,0,8.794,5.6,-0.978111298,5.994,-0.968130158,1017.5,1.179,1,0,10,0,0,0
2023-12-07 18:30,-0.190808995,-0.981627183,-0.208184833,3,0,43.9,960.5,-66.684,128.048,-0.174438776,0,0,8.872,5.5,-0.984668022,5.96,-0.978089503,1017.5,1.179,1,0,10,0,0,0
2023-12-07 18:40,-0.147809411,-0.989015863,-0.208184833,1.9,0,44.7,960.6,-66.684,127.887,-0.138291591,0,0,8.037,5.3,-0.990391557,5.831,-0.978089503,1017.7,1.179,1,0,10,0,0,0
2023-12-07 18:50,0.260504509,-0.965472631,-0.208184833,2.4,0,46.5,960.7,-66.684,127.847,-0.148361759,0,0,8.849,5.2,-0.988933157,5.798,-0.978089503,1017.8,1.179,1,0,10,0,0,0
2023-12-07 19:00,0.118403968,-0.992965508,-0.208184833,2.3,0,47.5,960.9,-66.684,127.761,-0.171310104,0,0,8.399,5.1,-0.985217158,5.792,-0.978089503,1018.1,1.179,1,0,10,0,0,0
2023-12-07 19:10,-0.0975829,-0.9952274,-0.208184833,2.6,0,49.2,961,-66.684,127.687,-0.200325602,0,0,8.787,4.4,-0.979729377,5.811,-0.978089503,1018.4,1.179,1,0,10,0,0,0
2023-12-07 19:20,0.045362988,-0.99897057,-0.208184833,2.2,0,48.4,960.9,-66.684,127.396,-0.263250111,0,0,8.639,5.1,-0.964727619,5.678,-0.978089503,1018.1,1.18,1,0,10,0,0,0
2023-12-07 19:30,-0.221548498,-0.975149354,-0.208184833,2.8,0,48.3,961.1,-66.684,127.249,-0.271675614,0,0,8.241,5.2,-0.962388882,5.83,-0.978089503,1018.2,1.179,1,0,10,0,0,0
2023-12-07 19:40,-0.522498565,-0.852640164,-0.208184833,2.8,0,48.1,961.3,-66.684,127.244,-0.325023521,0,0,7.337,5.1,-0.945705933,5.792,-0.978089503,1018.5,1.179,1,0,10,0,0,0
2023-12-07 19:50,-0.406736643,-0.913545458,-0.30639317,2.7,0,47.5,961.3,-60.86,127.27,-0.441192624,0,0,7.11,5,-0.89741243,5.763,-0.951905051,1018.5,1.179,1,0,10,0,0,0
2023-12-07 20:00,-0.366501227,-0.930417568,-0.404215888,1.9,0,47.4,961.4,-54.858,127.322,-0.470488334,0,0,7.341,4.8,-0.882406215,5.665,-0.914663608,1018.7,1.18,1,0,10,0,0,0
2023-12-07 20:10,-0.382683432,-0.923879533,-0.462228465,2.7,0,46.8,961.3,-51.169,127.323,-0.555120283,0,0,6.944,5,-0.831770083,5.68,-0.886760873,1018.5,1.18,1,0,10,0,0,0
2023-12-07 20:20,-0.661311865,-0.75011107,-0.561693563,2.8,0,45.8,961.3,-44.535,127.358,-0.732103156,0,0,5.1,5.2,-0.681193783,5.706,-0.827345358,1018.5,1.18,1,0,10,0,0,0
2023-12-07 20:30,-0.826098294,-0.563526049,-0.705463479,3.5,0,46.4,961.4,-33.84,127.433,-0.786493279,0,0,5.684,5,-0.617598836,5.639,-0.708746273,1018.6,1.18,1,0,10,0,0,0
2023-12-07 20:40,-0.824126189,-0.566406237,-0.729135872,3.5,0,46.3,961.4,-31.886,127.495,-0.747983465,0,0,7.857,5.1,-0.663717362,5.962,-0.684368965,1018.6,1.179,1,0,10,0,0,0
2023-12-07 20:50,-0.726574671,-0.687087511,-0.729135872,2.6,0,47.1,961.3,-31.886,127.419,-0.759816232,0,0,11,4.8,-0.650137903,6.059,-0.684368965,1018.6,1.178,1,0,10,0,0,0
2023-12-07 21:00,-0.674302388,-0.738455341,-0.729135872,3.5,0,48.6,961.3,-31.886,126.921,-0.81966227,0,0,12.58,4.4,-0.572847067,5.839,-0.684368965,1018.7,1.179,1,0,10,0,0,0
2023-12-07 21:10,-0.820151876,-0.572145873,-0.810051874,2.7,0,48.9,961.3,-24.6,126.463,-0.843063071,0,0,12.087,4.2,-0.537814707,5.877,-0.586358219,1018.7,1.179,1,0,10,0,0,0
2023-12-07 21:20,-0.79863551,-0.601815023,-0.814095248,2.2,0,48.1,961.2,-24.202,126.113,-0.88430406,0,0,10.267,4.4,-0.466911479,5.666,-0.580731373,1018.6,1.18,1,0,10,0,0,0
2023-12-07 21:30,-0.960779154,-0.277314653,-0.880799851,1.9,0,47.2,961.3,-16.962,125.755,-0.920988334,0,0,8.781,4.5,-0.389590154,5.514,-0.473488777,1018.7,1.181,1,0,10,0,0,0
2023-12-07 21:40,-0.960779154,-0.277314653,-0.884426267,3.8,0,47,961.4,-16.519,125.658,-0.90432854,0,0,7.86,4.7,-0.426837078,5.705,-0.466679953,1018.7,1.18,1,0,10,0,0,0
2023-12-07 21:50,-0.982612797,-0.185666615,-0.884426267,3.6,0,45.8,961.4,-16.519,125.65,-0.880998108,0,0,7.51,4.9,-0.473119787,5.69,-0.466679953,1018.6,1.18,1,0,10,0,0,0
2023-12-07 22:00,-0.911403277,-0.411514359,-0.884426267,2.1,0,46.6,961.5,-16.519,125.699,-0.905665023,0,0,6.684,4.7,-0.423993945,5.671,-0.466679953,1018.8,1.18,1,0,10,0,0,0
2023-12-07 22:10,-0.71447268,-0.699663341,-0.907227639,1.9,0,47.3,961.6,-13.574,125.805,-0.952788751,0,0,5.731,4.6,-0.303633984,5.641,-0.420640001,1018.9,1.18,1,0,10,0,0,0
2023-12-07 22:20,-0.88376563,-0.467929814,-0.938884147,1.3,0,48.1,961.7,-8.835,125.936,-0.962393624,0,0,6.602,4.7,-0.271658817,5.656,-0.34423329,1019,1.18,1,0,10,0,0,0
2023-12-07 22:30,-0.725374371,-0.688354576,-0.938884147,1.5,0,49,961.6,-8.835,126.036,-0.926620532,0,0,7.57,4.7,-0.375997858,5.8,-0.34423329,1018.9,1.179,1,0,10,0,0,0
2023-12-07 22:40,-0.90408255,-0.427357863,-0.938884147,3.2,0,50.8,961.6,-8.835,126.012,-0.935308237,0,0,7.975,4.5,-0.353834002,5.929,-0.34423329,1019,1.179,1,0,10,0,0,0
2023-12-07 22:50,-0.966823389,-0.255445758,-0.938884147,2.3,0,50.9,961.5,-8.835,125.949,-0.877196448,0,0,8.289,4.6,-0.48013164,6.115,-0.34423329,1018.8,1.178,1,0,10,0,0,0
2023-12-07 23:00,-0.913545458,-0.406736643,-0.888128427,3,0,52.4,961.5,-16.06,125.883,-0.914169083,0,0,7.619,4.1,-0.405333059,6.266,-0.459595361,1019,1.177,1,0,10,0,0,0
2023-12-07 23:10,-0.626603811,-0.779337965,-0.884426267,2.2,0,52.6,961.8,-16.519,125.907,-0.914896268,0,0,5.277,4.1,-0.403689013,5.956,-0.466679953,1019.3,1.179,1,0,10,0,0,0
2023-12-07 23:20,-0.519519112,-0.85445883,-0.884426267,1.5,0,50.8,962,-16.519,126.059,-0.887139743,0,0,5.546,4.4,-0.461500895,5.821,-0.466679953,1019.4,1.179,1,0,10,0,0,0
2023-12-07 23:30,-0.687087511,-0.726574671,-0.884426267,1.7,0,51.8,962.1,-16.519,126.202,-0.87559102,0,0,5.475,4.3,-0.483053171,5.976,-0.466679953,1019.6,1.179,1,0,10,0,0,0
2023-12-07 23:40,-0.838670568,-0.544639035,-0.884426267,1.6,0,51,961.8,-16.519,126.35,-0.90280307,0,0,6.238,4.5,-0.430054202,6.053,-0.466679953,1019.2,1.178,1,0,10,0,0,0
2023-12-07 23:50,0.841510782,-0.54024032,-0.872316859,0.2,0,52.7,961.9,-17.972,126.456,-0.783574191,0,0,6.136,4.1,-0.621298227,5.988,-0.488940995,1019.4,1.179,1,0,10,0,0,0
2023-12-08 0:00,-0.824126189,-0.566406237,-0.814095248,1.2,0,53.6,961.9,-24.202,126.527,-0.71441162,0,0,5.529,4,-0.699725687,6.058,-0.580731373,1019.4,1.178,1,0,10,0,0,0
2023-12-08 0:10,-0.797583929,-0.603207988,-0.814095248,0.7,0,52.9,961.9,-24.202,126.623,-0.793756912,0,0,7.509,4.2,-0.608235123,6.557,-0.580731373,1019.4,1.176,1,0,10,0,0,0
2023-12-08 0:20,-0.464842046,-0.885393626,-0.814095248,2,0,53.4,961.7,-24.202,126.65,-0.793597649,0,0,6.43,4.1,-0.608442908,6.34,-0.580731373,1019.2,1.177,1,0,10,0,0,0
2023-12-08 0:30,-0.36325123,-0.931691228,-0.814095248,2.3,0,52.2,961.7,-24.202,126.719,-0.780146601,0,0,7.143,4.5,-0.62559674,6.202,-0.580731373,1019.1,1.178,1,0,10,0,0,0
2023-12-08 0:40,-0.727772758,-0.685818353,-0.814095248,2.1,0,52.5,961.6,-24.202,126.669,-0.829154671,0,0,8.775,4.4,-0.559019258,6.757,-0.580731373,1019,1.175,1,0,10,0,0,0
2023-12-08 0:50,-0.48633538,-0.873772223,-0.814095248,3.1,0,49.6,961.5,-24.202,126.569,-0.812714504,0,0,8.619,4.9,-0.582662111,6.817,-0.580731373,1018.8,1.175,1,0,10,0,0,0
2023-12-08 1:00,-0.746638182,-0.665230355,-0.814095248,2.5,0,44.6,961.5,-24.202,126.539,-0.772556293,0,0,5.843,5.8,-0.634946276,6.996,-0.580731373,1018.5,1.174,1,0,10,0,0,0
2023-12-08 1:10,-0.579281172,-0.815127796,-0.814115518,2.5,0,43.9,961.5,-24.201,126.617,-0.772068462,0,0,7.187,5.9,-0.63553937,7.42,-0.580702956,1018.5,1.173,1,0,10,0,0,0
2023-12-08 1:20,-0.633380873,-0.77384021,-0.814844608,3.4,0,44,961.5,-24.128,126.623,-0.773983899,0,0,8.755,6,-0.633205278,7.719,-0.57967945,1018.5,1.171,1,0,10,0,0,0
2023-12-08 1:30,-0.513541252,-0.858064906,-0.814844608,3.4,0,46.6,961.4,-24.128,126.541,-0.71900024,0,0,5.923,5.7,-0.695009823,6.476,-0.57967945,1018.4,1.176,1,0,10,0,0,0
2023-12-08 1:40,-0.441505853,-0.89725837,-0.7407577,2.9,0,46.5,961.4,-30.902,126.544,-0.682444991,0,0,5.707,5.7,-0.730936956,6.091,-0.671772306,1018.4,1.178,1,0,10,0,0,0
2023-12-08 1:50,-0.795473481,-0.6059884,-0.730019156,3.5,0,48.3,961.4,-31.812,126.631,-0.776079428,0,0,6.771,5.4,-0.630635173,6.31,-0.683426684,1018.5,1.177,1,0,10,0,0,0
2023-12-08 2:00,-0.630675807,-0.776046407,-0.730019156,3.6,0,47.8,961.5,-31.812,126.658,-0.781749084,0,0,9.66,5.7,-0.623593113,7.327,-0.683426684,1018.5,1.173,1,0,10,0,0,0
2023-12-08 2:10,-0.727772758,-0.685818353,-0.730019156,2.1,0,49.4,961.4,-31.812,126.584,-0.764707759,0,0,10.057,5.5,-0.644377252,7.251,-0.683426684,1018.5,1.173,1,0,10,0,0,0
2023-12-08 2:20,-0.436801788,-0.899557779,-0.73365871,3.5,0,44.6,961.4,-31.505,126.201,-0.823849292,0,0,10.444,5.9,-0.566808913,7.198,-0.679518137,1018.4,1.173,1,0,10,0,0,0
2023-12-08 2:30,-0.634730513,-0.772733573,-0.814844608,3.4,0,43.6,961.4,-24.128,125.893,-0.816691917,0,0,10.66,6.1,-0.577073922,7.132,-0.57967945,1018.3,1.174,1,0,10,0,0,0
2023-12-08 2:40,-0.893371388,-0.449318999,-0.814844608,1.8,0,46.8,961.4,-24.128,125.582,-0.800417613,0,0,10.992,6.4,-0.599442778,7.022,-0.57967945,1018.2,1.174,1,0,10,0,0,0
2023-12-08 2:50,-0.652098404,-0.758134336,-0.814844608,3.1,0,46.7,961.3,-24.128,126.277,-0.799820869,0,0,11.088,6.5,-0.600238767,6.951,-0.57967945,1018.1,1.174,1,0,10,0,0,0
2023-12-08 3:00,-0.780430407,-0.625242656,-0.814844608,2.8,0,49.3,961.3,-24.128,139.534,-0.824432523,0,0,11.095,6,-0.565960259,7.014,-0.57967945,1018.2,1.174,1,0,10,0,0,0
2023-12-08 3:10,-0.734914595,-0.67815967,-0.814844608,3.2,0,51.1,961.2,-24.128,137.905,-0.774867266,0,0,10.753,6.1,-0.632123975,7.013,-0.57967945,1018.1,1.174,1,0,10,0,0,0
2023-12-08 3:20,-0.999961923,-0.008726535,-0.814844608,2.9,0,52.5,961.2,-24.128,136.658,-0.796551022,0,0,11.452,6.4,-0.60457131,6.924,-0.57967945,1018,1.175,1,0,10,0,0,0
2023-12-08 3:30,-0.847121921,-0.53139858,-0.814844608,3.9,0,56.1,961.2,-24.128,135.551,-0.830654211,0,0,12.726,6.3,-0.556788634,7.067,-0.57967945,1018.1,1.174,1,0,10,0,0,0
2023-12-08 3:40,-0.756995056,-0.653420604,-0.814844608,2.3,0,56.7,961.2,-24.128,134.639,-0.84631405,0,0,12.597,6.3,-0.532684267,7.248,-0.57967945,1018.1,1.173,1,0,10,0,0,0
2023-12-08 3:50,-0.627963058,-0.778243149,-0.814844608,2.2,0,57.8,961.2,-24.128,133.874,-0.843053684,0,0,11.473,6.4,-0.537829421,7.154,-0.57967945,1018,1.174,1,0,10,0,0,0
2023-12-08 4:00,-0.88376563,-0.467929814,-0.814844608,3.6,0,61.2,961.3,-24.128,133.256,-0.83093592,0,0,10.561,6.2,-0.55636813,7.25,-0.57967945,1018.2,1.173,1,0,10,0,0,0
2023-12-08 4:10,-0.490903754,-0.871213811,-0.814844608,2.3,0,61.7,961.3,-24.128,132.851,-0.798110023,0,0,10.226,6.5,-0.602511735,7.354,-0.57967945,1018.1,1.173,1,0,10,0,0,0
2023-12-08 4:20,-0.830984469,-0.556295616,-0.814844608,2.3,0,61,961.3,-24.128,132.527,-0.802755034,0,0,10.112,6.7,-0.596308943,7.279,-0.57967945,1018.1,1.173,1,0,10,0,0,0
2023-12-08 4:30,-0.716910608,-0.697165103,-0.814844608,2.7,0,60.4,961.3,-24.128,132.175,-0.788354481,0,0,8.567,6.8,-0.615221271,7.335,-0.57967945,1018,1.173,1,0,10,0,0,0
2023-12-08 4:40,-0.600420225,-0.799684658,-0.805814609,1.8,0,61.8,961.3,-25.012,132,-0.694055494,0,0,6.869,6.7,-0.719921503,7.268,-0.592167895,1018.1,1.173,1,0,10,0,0,0
2023-12-08 4:50,-0.424199423,-0.905568799,-0.730019156,4.3,0,63.2,961.3,-31.812,131.861,-0.628872683,0,0,7.478,7.1,-0.777508295,7.258,-0.683426684,1017.9,1.173,1,0,10,0,0,0
2023-12-08 5:00,-0.052335956,-0.998629535,-0.714594783,1.4,0,62.5,961.2,-33.092,131.703,-0.604585213,0,0,9.669,7.2,-0.79654047,7.361,-0.699538631,1017.8,1.173,1,0,10,0,0,0
2023-12-08 5:10,-0.560638995,-0.828060335,-0.634271852,1.5,0,64.5,961.3,-39.334,131.543,-0.677286978,0,0,8.919,6.7,-0.735718933,7.29,-0.773110094,1018.1,1.173,1,0,10,0,0,0
2023-12-08 5:20,-0.475624209,-0.879648573,-0.634190889,3.3,0,67.2,961.2,-39.34,131.517,-0.654846344,0,0,9.176,7.1,-0.755762043,7.421,-0.773176511,1017.8,1.173,1,0,10,0,0,0
2023-12-08 5:30,-0.154710386,-0.987959866,-0.634150404,2,0,69.1,961.1,-39.343,131.401,-0.638243956,0,0,9.715,7.1,-0.769834172,7.399,-0.773209716,1017.7,1.173,1,0,10,0,0,0
2023-12-08 5:40,-0.521009632,-0.853550797,-0.634136909,3.7,0,72,961.1,-39.344,131.14,-0.62080577,0,0,10.044,7.3,-0.78396441,7.373,-0.773220784,1017.7,1.173,1,0,10,0,0,0
2023-12-08 5:50,-0.366501227,-0.930417568,-0.634501211,3.9,0,72.9,961,-39.317,131.018,-0.61254843,0,0,9.848,7.5,-0.790433059,7.421,-0.772921868,1017.5,1.173,1,0,10,0,0,0
2023-12-08 6:00,-0.37945616,-0.925209718,-0.634501211,3.2,0,72.8,961.1,-39.317,130.967,-0.697840465,0,0,10.162,7.6,-0.716253227,7.532,-0.772921868,1017.6,1.172,1,0,10,0,0,0
2023-12-08 6:10,-0.815127796,-0.579281172,-0.634878856,1.6,0,73.6,961.1,-39.289,130.947,-0.724713264,0,0,9.149,7.2,-0.689050568,7.561,-0.7726117,1017.7,1.172,1,0,10,0,0,0
2023-12-08 6:20,-0.99970149,-0.024432178,-0.635081103,3.1,0,74.4,961.2,-39.274,130.792,-0.670387768,0,0,10.236,7.4,-0.742010943,7.69,-0.772445462,1017.8,1.171,1,0,10,0,0,0
2023-12-08 6:30,-0.573576436,-0.819152044,-0.635067621,3,0,75.2,961.2,-39.275,130.784,-0.719667071,0,0,8.189,7.5,-0.694319312,7.723,-0.772456547,1017.7,1.171,1,0,10,0,0,0
2023-12-08 6:40,-0.71447268,-0.699663341,-0.663273383,3,0,75.5,961.3,-37.148,130.938,-0.752000894,0,0,7.235,7.4,-0.659162086,7.825,-0.748377191,1017.9,1.171,1,0,10,0,0,0
2023-12-08 6:50,-0.297374874,-0.9547608,-0.734429126,2.3,0,75.8,961.3,-31.441,131.137,-0.775947331,0,0,8.222,7.4,-0.630797701,7.861,-0.67868539,1017.9,1.171,1,0,10,0,0,0
2023-12-08 7:00,-0.435231099,-0.900318771,-0.734405435,2.6,0,76.6,961.4,-31.443,131.221,-0.732911097,0,0,8.216,7.2,-0.680324425,7.949,-0.678711026,1018,1.17,1,0,10,0,0,0
2023-12-08 7:10,-0.931691228,-0.36325123,-0.734405435,2,0,76.8,961.5,-31.443,131.224,-0.671552489,0,0,8.471,7.6,-0.740956986,7.97,-0.678711026,1018,1.17,1,0,10,0,0,0
2023-12-08 7:20,-0.789084085,-0.6142852,-0.734417281,4.3,0,77.6,961.5,-31.442,131.208,-0.702364284,0,0,7.815,7.7,-0.711817682,8.029,-0.678698208,1018,1.17,1,0,10,0,0,0
2023-12-08 7:30,-0.68199836,-0.731353702,-0.734405435,2.5,0,76.9,961.5,-31.443,131.23,-0.715985222,0,0,7.451,7.8,-0.698115435,8.115,-0.678711026,1018,1.17,1,0,10,0,0,0
2023-12-08 7:40,-0.712026046,-0.702153053,-0.734405435,3.1,0,77.2,961.5,-31.443,131.278,-0.715351338,0,0,7.757,7.8,-0.698764955,8.248,-0.678711026,1018,1.169,1,0,10,0,0,0
2023-12-08 7:50,-0.61152704,-0.791223533,-0.734405435,3.3,0,76.6,961.6,-31.443,131.283,-0.67354161,0,0,8.078,8.2,-0.739149308,8.454,-0.678711026,1018,1.168,1,0,10,0,0,0
2023-12-08 8:00,-0.455544907,-0.890212805,-0.734405435,2.7,0,76.7,961.7,-31.443,131.249,-0.647681179,0,0,8.913,8.2,-0.761911471,8.656,-0.678711026,1018.1,1.167,1,0,10,0,0,0
2023-12-08 8:10,-0.432085749,-0.901832526,-0.734405435,2.6,0,77.2,961.7,-31.443,131.192,-0.679146711,0,0,8.637,8.1,-0.734002551,8.812,-0.678711026,1018.1,1.167,1,0,10,0,0,0
2023-12-08 8:20,-0.550608178,-0.822488676,-0.734405435,2.4,0,77.15,961.8,-31.443,131.1955,-0.651676808,0,0,8.2385,8.25,-0.757630813,9.0335,-0.678711026,1018.15,1.166,1,0,8.0835,0,0,0
2023-12-08 8:30,-0.669130606,-0.743144825,-0.734405435,2.2,0,77.1,961.9,-31.443,131.199,-0.624206904,0,0,7.84,8.4,-0.781259074,9.255,-0.678711026,1018.2,1.165,1,0,6.167,0,0,0
2023-12-08 8:40,-0.720551112,-0.693401828,-0.734405435,4.3,0,76.7,961.9,-31.443,131.172,-0.641208588,0,0,8.693,8.7,-0.767366631,9.353,-0.678711026,1018.2,1.165,1,0,10,0,0,0
2023-12-08 8:50,-0.7193398,-0.69465837,-0.719145787,3.6,0,76.1,961.9,-32.718,131.098,-0.613679046,0,0,9.136,8.8,-0.789555589,9.537,-0.694859221,1018.1,1.164,1,0,10,0,0,0
2023-12-08 9:00,-0.209618563,-0.977783237,-0.635081103,3.2,0,75.6,961.9,-39.274,131.068,-0.604738126,0,0,10.153,9,-0.796424383,9.614,-0.772445462,1018.3,1.163,1,0,10,0,0,0
2023-12-08 9:10,-0.305695305,-0.952129393,-0.635081103,2.9,0,75.4,962,-39.274,131.006,-0.627174928,0,0,9.502,9.1,-0.778878431,9.562,-0.772445462,1018.4,1.164,1,0,10,0,0,0
2023-12-08 9:20,-0.305695305,-0.952129393,-0.635081103,5.2,0,74.6,961.9,-39.274,131.007,-0.650217468,0,0,8.999,9.4,-0.759748146,9.807,-0.772445462,1018.2,1.163,1,0,10,0,0,0
2023-12-08 9:30,-0.627963058,-0.778243149,-0.635081103,3.5,0,73.3,961.9,-39.274,131.11,-0.665451857,0,0,8.419,9.6,-0.746440772,9.989,-0.772445462,1018.1,1.162,1,0,10,0,0,0
2023-12-08 9:40,-0.69465837,-0.7193398,-0.675487258,6,0,72.1,961.9,-36.208,131.282,-0.72884914,0,0,8.101,9.9,-0.684674325,10.194,-0.73737166,1018.1,1.161,1,0,10,0,0,0
2023-12-08 9:50,-0.323917418,-0.946085359,-0.7335401,2.3,0,70.9,961.9,-31.517,131.422,-0.713922945,0,0,8.373,10.2,-0.70022427,10.371,-0.679646174,1018,1.16,1,0,10,0,0,0
2023-12-08 10:00,-0.597625147,-0.801775644,-0.7335401,3.3,0,69.9,961.8,-31.517,131.501,-0.747218421,0,0,7.455,10.3,-0.664578537,10.619,-0.679646174,1017.8,1.159,1,0,10,0,0,0
2023-12-08 10:10,-0.246999013,-0.969015731,-0.7335401,3.8,0,69.2,961.8,-31.517,131.647,-0.73314853,0,0,9.087,10.6,-0.68006855,10.817,-0.679646174,1017.8,1.159,1,0,10,0,0,0
2023-12-08 10:20,-0.446197813,-0.894934362,-0.7335401,3,0,67.3,961.7,-31.517,131.806,-0.811420998,0,0,8.354,11,-0.584462115,11.05,-0.679646174,1017.5,1.158,1,0,10,0,0,0
2023-12-08 10:30,-0.699663341,-0.71447268,-0.75434305,3.9,0,67.1,961.6,-29.73,131.994,-0.794425221,0,0,8.138,11.3,-0.607361974,11.264,-0.656480436,1017.4,1.157,1,0,10,0,0,0
2023-12-08 10:40,-0.649448048,-0.760405966,-0.819292171,6.1,0,65.9,961.5,-23.686,132.162,-0.786579504,0,0,10.083,11.7,-0.617489015,11.399,-0.573376263,1017.1,1.156,1,0,10,0,0,0
2023-12-08 10:50,-0.996194698,-0.087155743,-0.819292171,2.9,0,65.5,961.4,-23.686,132.133,-0.768227661,0,0,10.734,11.7,-0.640176742,11.423,-0.573376263,1017,1.156,1,0,10,0,0,0
2023-12-08 11:00,-0.515038075,-0.857167301,-0.765842468,3.3,0,63.5,961.2,-28.717,132.051,-0.776255504,0,0,11.637,12.1,-0.630418426,11.57,-0.643028238,1016.7,1.155,1,0,10,0,0,0
2023-12-08 11:10,0.026176948,-0.999657325,-0.727042188,1.1,0,62.3,961,-32.061,132.107,-0.720272704,0,0,11.406,12.7,-0.69369102,11.845,-0.686592788,1016.3,1.154,1,0,10,0,0,0
2023-12-08 11:20,-0.948876012,-0.315649037,-0.72709012,4.7,0,59.8,960.8,-32.057,132.113,-0.641543354,0,0,12.389,12.8,-0.767086778,12.052,-0.686542029,1016.1,1.153,1,0,10,0,0,0
2023-12-08 11:30,-0.778243149,-0.627963058,-0.72683844,3.3,0,58.1,960.6,-32.078,132.09,-0.739337367,0,0,11.507,13.3,-0.673335174,12.19,-0.686808476,1015.7,1.153,1,0,10,0,0,0
2023-12-08 11:40,-0.60737584,-0.794414621,-0.726982269,2.9,0,56.8,960.5,-32.066,132.052,-0.78029944,0,0,10.354,13.2,-0.625406096,12.328,-0.686656232,1015.7,1.152,1,0,10,0,0,0
2023-12-08 11:50,-0.376224263,-0.926528631,-0.727245872,4.3,0,55.5,960.3,-32.044,132.122,-0.789898209,0,0,9.87,13.5,-0.613237979,12.613,-0.68637704,1015.4,1.151,1,0,10,0,0,0
2023-12-08 12:00,-0.612907054,-0.790155012,-0.726526701,3.9,0,54.5,960.1,-32.104,132.182,-0.644056875,0,0,13.282,13.5,-0.764977608,12.655,-0.687138234,1015.2,1.151,1,0,10,0,0,0
2023-12-08 12:10,-0.830012285,-0.557745109,-0.754411792,1.7,0,58.1,959.9,-29.724,132.224,-0.808575639,0,0,11.703,13.9,-0.588392247,12.812,-0.656401438,1015.1,1.15,1,0,10,0,0,0
2023-12-08 12:20,-0.724171861,-0.689619544,-0.759691401,4,0,53.6,959.7,-29.29,132.244,-0.550903224,0,0,13.192,13.8,-0.834569133,12.824,-0.650283766,1014.7,1.15,1,0,10,0,0,0
2023-12-08 12:30,-0.65868946,-0.752414909,-0.589351469,2.2,0,53.3,959.5,-42.589,132.318,-0.635485468,0,0,10.361,14.1,-0.772112829,12.955,-0.807876751,1014.7,1.15,1,0,10,0,0,0
2023-12-08 12:40,-0.61152704,-0.791223533,-0.589210459,4.8,0,54.1,959.3,-42.599,132.383,-0.498654163,0,0,11.918,14,-0.86680103,12.779,-0.8079796,1014.5,1.151,1,0,10,0,0,0
2023-12-08 12:50,-0.707106781,-0.707106781,-0.504844041,5.6,0,53.4,959,-48.209,132.351,-0.384408111,0,0,12.51,14.2,-0.92316326,12.816,-0.863210574,1014.1,1.15,1,0,10,0,0,0
2023-12-08 13:00,-0.781520472,-0.623879597,-0.475900535,3.1,0,52,958.9,-50.282,132.355,-0.426537168,0,0,12.142,14.4,-0.904470035,13,-0.879499108,1013.9,1.15,1,0,10,0,0,0
2023-12-08 13:10,-0.835807361,-0.549022818,-0.490356257,2.6,0,52.6,958.7,-49.334,132.466,-0.642760869,0,0,10.195,14.6,-0.76606688,13.174,-0.871522083,1013.6,1.149,1,0,10,0,0,0
2023-12-08 13:20,-0.493941867,-0.86949493,-0.604696425,2.8,0,52.3,958.6,-41.488,132.657,-0.762634463,0,0,8.413,14.5,-0.646829712,13.444,-0.796456046,1013.6,1.148,1,0,10,0,0,0
2023-12-08 13:30,-0.914959668,-0.403545296,-0.742794368,3.8,0,51.5,958.5,-30.727,133.06,-0.837299093,0,0,8.236,14.6,-0.546745122,13.657,-0.669519624,1013.4,1.147,1,0,10,0,0,0
2023-12-08 13:40,-0.901077021,-0.433659085,-0.834521054,3.5,0,51.9,958.5,-22.134,133.276,-0.900371938,0,0,10.443,14.7,-0.435121101,13.544,-0.550976052,1013.4,1.147,1,0,10,0,0,0
2023-12-08 13:50,-0.943222658,-0.332161132,-0.834521054,4.5,0,52.8,958.5,-22.134,133.208,-0.849975457,0,0,11.351,14.7,-0.526822288,13.478,-0.550976052,1013.4,1.148,1,0,10,0,0,0
2023-12-08 14:00,-0.998806137,-0.04884977,-0.834521054,1.9,0,52.2,958.3,-22.134,133.176,-0.784300183,0,0,12.403,14.7,-0.620381514,13.533,-0.550976052,1013.2,1.148,1,0,10,0,0,0
2023-12-08 14:10,-0.447759088,-0.894154237,-0.834521054,3.3,0,52.8,958.3,-22.134,133.188,-0.803410225,0,0,10.035,14.8,-0.595425907,13.632,-0.550976052,1013.2,1.147,1,0,10,0,0,0
2023-12-08 14:20,-0.436801788,-0.899557779,-0.809427149,4.4,0,54.3,958.1,-24.662,133.214,-0.696351345,0,0,10.858,14.4,-0.717701055,13.729,-0.587220309,1013.1,1.147,1,0,10,0,0,0
2023-12-08 14:30,-0.381070376,-0.924546034,-0.703332671,5.8,0,52.7,958.1,-34.016,133.172,-0.49642863,0,0,12.702,14.8,-0.86807754,13.657,-0.710860854,1012.9,1.147,1,0,10,0,0,0
2023-12-08 14:40,-0.774944489,-0.632029303,-0.562415344,4.5,0,53.6,958,-44.478,133.143,-0.457206586,0,0,12.095,14.7,-0.889360522,13.667,-0.826854873,1012.9,1.147,1,0,10,0,0,0
2023-12-08 14:50,-0.546101961,-0.837718717,-0.465537289,4.3,0,52.9,958,-50.953,133.179,-0.586612675,0,0,9.598,14.9,-0.809867625,13.772,-0.885028267,1012.8,1.147,1,0,10,0,0,0
2023-12-08 15:00,-0.627963058,-0.778243149,-0.603736833,4,0,52.5,958.1,-41.562,133.294,-0.518370333,0,0,10.769,14.9,-0.855156242,13.752,-0.797183691,1012.9,1.147,1,0,10,0,0,0
2023-12-08 15:10,-0.660001668,-0.751264134,-0.536961006,4.9,0,53.6,957.9,-46.222,133.303,-0.478109452,0,0,11.916,14.6,-0.878300263,13.69,-0.843607064,1012.8,1.147,1,0,10,0,0,0
2023-12-08 15:20,-0.670426619,-0.741975841,-0.49169424,1.5,0,53.9,958,-49.248,133.266,-0.530289245,0,0,10.495,14.5,-0.847816795,13.461,-0.870767922,1012.9,1.148,1,0,10,0,0,0
2023-12-08 15:30,-0.469471563,-0.882947593,-0.49169424,3.7,0,53.8,958,-49.248,133.243,-0.465722638,0,0,11.702,14.7,-0.884930745,13.615,-0.870767922,1012.9,1.147,1,0,10,0,0,0
2023-12-08 15:40,-0.441505853,-0.89725837,-0.49169424,5.4,0,54.7,958,-49.248,133.193,-0.486121863,0,0,12.063,14.4,-0.873891031,13.537,-0.870767922,1013,1.148,1,0,10,0,0,0
2023-12-08 15:50,-0.671720589,-0.740804596,-0.49169424,3.7,0,55.5,958.1,-49.248,133.277,-0.542074925,0,0,8.69,14.3,-0.840330159,13.595,-0.870767922,1013.1,1.147,1,0,10,0,0,0
2023-12-08 16:00,-0.640109699,-0.768283524,-0.493137351,4.8,0,56.6,958.2,-49.248,133.339,-0.426647667,0,0,14.396,14.1,-0.904417917,13.374,-0.869951466,1013.3,1.148,1,0,10,0,0,0
2023-12-08 16:10,-0.753563392,-0.657375246,-0.49169424,5.8,0,57.7,958.2,-49.248,133.21,-0.492028555,0,0,14.078,13.9,-0.870579061,13.106,-0.870767922,1013.3,1.149,1,0,10,0,0,0
2023-12-08 16:20,-0.351841648,-0.936059536,-0.49169424,4.9,0,59.5,958,-49.248,133.062,-0.444166125,0,0,14.992,13.7,-0.895944448,12.99,-0.870767922,1012.9,1.15,1,0,10,0,0,0
2023-12-08 16:30,-0.226651307,-0.973975967,-0.49169424,5.6,0,60.8,958,-49.248,132.976,-0.405444743,0,0,15.368,13.5,-0.914119555,12.904,-0.870767922,1012.9,1.15,1,0,10,0,0,0
2023-12-08 16:40,-0.580702956,-0.814115518,-0.49169424,5,0,61.7,958.1,-49.248,132.893,-0.408234866,0,0,14.558,13.3,-0.912876932,12.779,-0.870767922,1013.1,1.151,1,0,10,0,0,0
2023-12-08 16:50,-0.501510737,-0.865151421,-0.49169424,3.5,0,63.2,958.1,-49.248,132.763,-0.500347605,0,0,11.26,13.1,-0.865824621,12.578,-0.870767922,1013.2,1.151,1,0,10,0,0,0
2023-12-08 17:00,-0.671720589,-0.740804596,-0.49169424,3.5,0,64.3,958.2,-49.248,132.696,-0.511083078,0,0,11.74,13,-0.859531318,12.585,-0.870767922,1013.3,1.151,1,0,10,0,0,0
2023-12-08 17:10,-0.270600446,-0.962691746,-0.49169424,2.3,0,65.6,958.3,-49.248,132.651,-0.531975074,0,0,11.308,12.7,-0.846760014,12.525,-0.870767922,1013.5,1.152,1,0,10,0,0,0
2023-12-08 17:20,-0.700909264,-0.713250449,-0.556136068,3.9,0,66.5,958.4,-44.911,132.696,-0.655887774,0,0,9.762,12.6,-0.754858416,12.463,-0.831091255,1013.6,1.152,1,0,10,0,0,0
2023-12-08 17:30,-0.513541252,-0.858064906,-0.606349312,5.5,0,67.2,958.4,-41.49,132.733,-0.59782104,0,0,10.872,12.6,-0.801629593,12.403,-0.79519841,1013.6,1.152,1,0,10,0,0,0
2023-12-08 17:40,-0.858959897,-0.512042865,-0.604738126,3.5,0,67.6,958.5,-41.49,132.639,-0.600155007,0,0,10.548,12.6,-0.799883721,12.317,-0.796424383,1013.7,1.152,1,0,10,0,0,0
2023-12-08 17:50,-0.753563392,-0.657375246,-0.604738126,5.5,0,68.4,958.5,-41.49,132.518,-0.692269134,0,0,9.192,12.4,-0.721639415,12.154,-0.796424383,1013.8,1.153,1,0,10,0,0,0
2023-12-08 18:00,-0.726574671,-0.687087511,-0.692735004,4.4,0,68.9,958.7,-34.855,132.472,-0.671319677,0,0,9.08,12.3,-0.741167924,12.23,-0.721192217,1014,1.153,1,0,10,0,0,0
2023-12-08 18:10,-0.6059884,-0.795473481,-0.626236487,3.6,0,68.7,958.8,-39.926,132.47,-0.680260464,0,0,7.875,12.5,-0.732970464,12.159,-0.779633158,1014.1,1.153,1,0,10,0,0,0
2023-12-08 18:20,-0.350207381,-0.936672189,-0.691802976,5.1,0,69.6,958.9,-34.93,132.561,-0.578754665,0,0,9.03,12.4,-0.815501709,12.166,-0.722086313,1014.2,1.153,1,0,10,0,0,0
2023-12-08 18:30,-0.257132793,-0.966376079,-0.615413884,4.6,0,70,959,-40.713,132.484,-0.576532145,0,0,10.097,12.3,-0.817074468,12.145,-0.78820413,1014.3,1.153,1,0,10,0,0,0
2023-12-08 18:40,-0.767165152,-0.641449632,-0.577700927,2.5,0,70.9,959,-43.411,132.432,-0.546920473,0,0,10.578,12.2,-0.837184565,12.163,-0.816248516,1014.4,1.153,1,0,10,0,0,0
2023-12-08 18:50,-0.525471651,-0.850811109,-0.577700927,5,0,70.9,958.9,-43.411,132.375,-0.537329048,0,0,10.114,12.3,-0.84337269,12.13,-0.816248516,1014.2,1.153,1,0,10,0,0,0
2023-12-08 19:00,-0.376224263,-0.926528631,-0.612576021,1.9,0,71.7,959,-40.921,132.333,-0.756664233,0,0,7.663,12,-0.65380367,11.997,-0.790411677,1014.4,1.154,1,0,10,0,0,0
2023-12-08 19:10,-0.403545296,-0.914959668,-0.681640872,4.1,0,72.8,959,-35.728,132.304,-0.619628354,0,0,9.131,12,-0.784895345,12.038,-0.731686902,1014.4,1.154,1,0,10,0,0,0
2023-12-08 19:20,-0.64412363,-0.764921401,-0.681640872,3.2,0,71.7,959,-35.728,132.292,-0.693162846,0,0,9.136,12.3,-0.720781013,12.064,-0.731686902,1014.3,1.153,1,0,10,0,0,0
2023-12-08 19:30,-0.525471651,-0.850811109,-0.715387924,3.9,0,72.3,959.2,-33.023,132.388,-0.769377257,0,0,9.959,12.2,-0.638794674,12.191,-0.698727499,1014.6,1.153,1,0,10,0,0,0
2023-12-08 19:40,-0.463296035,-0.886203579,-0.77335358,3.8,0,72.6,959.2,-28.044,132.387,-0.725614608,0,0,9.864,12.2,-0.68810133,12.178,-0.633974952,1014.6,1.153,1,0,10,0,0,0
2023-12-08 19:50,-0.761538308,-0.648119901,-0.77335358,1.4,0,71.8,959.3,-28.044,132.385,-0.72853837,0,0,10.323,12.3,-0.685004995,12.146,-0.633974952,1014.6,1.153,1,0,10,0,0,0
2023-12-08 20:00,-0.792289643,-0.610145164,-0.77335358,3.9,0,73,959.4,-28.044,132.279,-0.771335861,0,0,11.104,12.2,-0.636428307,12.029,-0.633974952,1014.8,1.154,1,0,10,0,0,0
2023-12-08 20:10,-0.924546034,-0.381070376,-0.77335358,2.2,0,73.7,959.4,-28.044,132.152,-0.774083353,0,0,11.798,12.1,-0.633083693,12.134,-0.633974952,1014.8,1.153,1,0,10,0,0,0
2023-12-08 20:20,-0.661311865,-0.75011107,-0.773342515,1.6,0,74,959.4,-28.045,132.087,-0.725794728,0,0,11.249,12.1,-0.687911341,12.145,-0.63398845,1014.8,1.153,1,0,10,0,0,0
2023-12-08 20:30,-0.875464527,-0.483282383,-0.77335358,3.2,0,73.3,959.3,-28.044,132.042,-0.715253765,0,0,11.435,12.2,-0.698864831,12.182,-0.633974952,1014.7,1.153,1,0,10,0,0,0
2023-12-08 20:40,-0.204496052,-0.978867389,-0.77335358,4,0,73.2,959.5,-28.044,131.942,-0.672767206,0,0,10.497,12.3,-0.739854234,12.081,-0.633974952,1014.9,1.153,1,0,10,0,0,0
2023-12-08 20:50,-0.257132793,-0.966376079,-0.686986055,5.2,0,73.4,959.4,-35.307,131.87,-0.60553014,0,0,10.135,12.3,-0.795822373,12.174,-0.726670599,1014.7,1.153,1,0,10,0,0,0
2023-12-08 21:00,-0.39394191,-0.919135339,-0.665021828,4.9,0,72,959.3,-37.018,131.821,-0.556658148,0,0,11.637,12.4,-0.83074166,12.288,-0.746823921,1014.6,1.153,1,0,10,0,0,0
2023-12-08 21:10,-0.464842046,-0.885393626,-0.56818849,1.5,0,72.1,959.4,-44.076,131.785,-0.529682424,0,0,10.686,12.4,-0.848196044,12.276,-0.822898438,1014.7,1.153,1,0,10,0,0,0
2023-12-08 21:20,-0.708339838,-0.705871571,-0.56818849,2.9,0,71.8,959.6,-44.076,131.757,-0.527860336,0,0,10.481,12.5,-0.849331187,12.155,-0.822898438,1014.9,1.153,1,0,10,0,0,0
2023-12-08 21:30,-0.356737999,-0.934204474,-0.56818849,2.9,0,72.5,959.6,-44.076,131.678,-0.501888183,0,0,10.967,12.4,-0.864932513,12.131,-0.822898438,1014.9,1.153,1,0,10,0,0,0
2023-12-08 21:40,-0.472550765,-0.881303452,-0.56818849,5.4,0,71.4,959.7,-44.076,131.665,-0.556774136,0,0,10.448,12.4,-0.830663928,12.18,-0.822898438,1015,1.153,1,0,10,0,0,0
2023-12-08 21:50,-0.469471563,-0.882947593,-0.580717165,2.6,0,72.4,959.8,-43.312,131.752,-0.705673737,0,0,9.507,12.3,-0.708536927,12.155,-0.814105383,1015.2,1.153,1,0,10,0,0,0
2023-12-08 22:00,-0.31067643,-0.950515732,-0.674057469,2.4,0,73.2,959.9,-36.319,131.906,-0.76064395,0,0,10.369,12.2,-0.649169301,12.301,-0.738678907,1015.3,1.152,1,0,10,0,0,0
2023-12-08 22:10,-0.564967003,-0.825113498,-0.750768596,3.5,0,73.2,959.8,-30.046,131.969,-0.814621967,0,0,11.838,12.2,-0.579992285,12.237,-0.660565299,1015.2,1.153,1,0,10,0,0,0
2023-12-08 22:20,-0.985703469,0.16848938,-0.766773169,2.6,0,72.9,959.9,-28.635,131.844,-0.7335401,0,0,14.101,12.3,-0.679646174,12.389,-0.641918146,1015.3,1.152,1,0,10,0,0,0
2023-12-08 22:30,-0.978147601,0.207911691,-0.766773169,1.6,0,74.3,959.7,-28.635,131.778,-0.687201632,0,0,13.205,12,-0.726466735,12.412,-0.641918146,1015.1,1.152,1,0,10,0,0,0
2023-12-08 22:40,-0.873772223,-0.48633538,-0.766773169,3.2,0,74.9,959.7,-28.635,131.723,-0.687670621,0,0,13.713,11.9,-0.726022808,12.429,-0.641918146,1015.2,1.152,1,0,10,0,0,0
2023-12-08 22:50,-0.81613759,-0.577857624,-0.766773169,4,0,73.9,959.7,-28.635,131.573,-0.70360557,0,0,13.465,11.9,-0.710590741,12.324,-0.641918146,1015.2,1.152,1,0,10,0,0,0
2023-12-08 23:00,-0.967267753,-0.253757945,-0.766773169,2.6,0,73.5,959.8,-28.635,131.482,-0.718211314,0,0,13.167,12,-0.695825056,12.394,-0.641918146,1015.3,1.152,1,0,10,0,0,0
2023-12-08 23:10,-0.903335293,-0.428935133,-0.766773169,3.1,0,73.7,959.8,-28.635,131.46,-0.709595332,0,0,14.136,11.8,-0.704609441,12.408,-0.641918146,1015.3,1.152,1,0,10,0,0,0
2023-12-08 23:20,-0.830984469,-0.556295616,-0.766773169,5.5,0,71.5,959.7,-28.635,131.353,-0.718138444,0,0,13.839,12.2,-0.695900263,12.203,-0.641918146,1015.1,1.153,1,0,10,0,0,0
2023-12-08 23:30,-0.893371388,-0.449318999,-0.766773169,3.1,0,72.8,959.7,-28.635,131.267,-0.680413962,0,0,14.969,12,-0.732827974,12.37,-0.641918146,1015.1,1.152,1,0,10,0,0,0
2023-12-08 23:40,-0.721760228,-0.692143174,-0.73032921,4,0,73.2,959.8,-31.787,131.272,-0.660761828,0,0,14.894,11.9,-0.750595635,12.364,-0.683095341,1015.3,1.152,1,0,10,0,0,0
2023-12-08 23:50,-0.656059029,-0.75470958,-0.674057469,4.2,0,74.6,959.6,-36.319,131.222,-0.649793043,0,0,13.564,11.9,-0.760111177,12.251,-0.738678907,1015.1,1.153,1,0,10,0,0,0
2023-12-09 0:00,-0.761538308,-0.648119901,-0.674057469,3.5,0,73.2,959.5,-36.319,131.101,-0.698102939,0,0,14.345,12,-0.715997407,12.329,-0.738678907,1014.9,1.152,1,0,10,0,0,0
2023-12-09 0:10,-0.878817113,-0.47715876,-0.674057469,4.9,0,73.4,959.6,-36.319,131.074,-0.716228867,0,0,14.058,12,-0.697865467,12.319,-0.738678907,1015,1.152,1,0,10,0,0,0
2023-12-09 0:20,-0.865151421,-0.501510737,-0.674057469,5.1,0,72.4,959.5,-36.319,131.088,-0.74128508,0,0,14.268,11.9,-0.671190309,12.322,-0.738678907,1015,1.152,1,0,10,0,0,0
2023-12-09 0:30,-0.823136369,-0.567843745,-0.674057469,3.6,0,72.8,959.4,-36.319,131.018,-0.707316553,0,0,15.279,12.1,-0.706896947,12.234,-0.738678907,1014.8,1.153,1,0,10,0,0,0
2023-12-09 0:40,-0.784776371,-0.619779032,-0.674057469,4,0,74.2,959.5,-36.319,130.965,-0.718114152,0,0,15.474,11.7,-0.69592533,12.328,-0.738678907,1015,1.152,1,0,10,0,0,0
2023-12-09 0:50,-0.656059029,-0.75470958,-0.674057469,4.1,0,73.2,959.5,-36.319,131.021,-0.736238836,0,0,15.104,11.9,-0.676721787,12.262,-0.738678907,1015,1.153,1,0,10,0,0,0
2023-12-09 1:00,-0.684547106,-0.728968627,-0.674057469,5.6,0,73.5,959.6,-36.319,131.099,-0.719206422,0,0,14.972,12,-0.694796461,12.181,-0.738678907,1015,1.153,1,0,10,0,0,0
2023-12-09 1:10,-0.845261833,-0.534352349,-0.674057469,3.8,0,73.6,959.7,-36.319,131.012,-0.711044962,0,0,15.069,12,-0.703146544,12.162,-0.738678907,1015.1,1.153,1,0,10,0,0,0
2023-12-09 1:20,-0.929776486,-0.368124553,-0.674057469,6,0,74.1,959.6,-36.319,130.977,-0.686732357,0,0,15.103,12.1,-0.726910358,12.219,-0.738678907,1015,1.153,1,0,10,0,0,0
2023-12-09 1:30,-0.931691228,-0.36325123,-0.674057469,3.9,0,75.2,959.6,-36.319,131.008,-0.704485582,0,0,14.551,11.8,-0.709718299,12.277,-0.738678907,1015.1,1.153,1,0,10,0,0,0
2023-12-09 1:40,-0.801775644,-0.597625147,-0.674057469,5.3,0,74.4,959.7,-36.319,130.941,-0.700672703,0,0,14.664,12,-0.71348284,12.14,-0.738678907,1015.1,1.153,1,0,10,0,0,0
2023-12-09 1:50,-0.839619865,-0.54317445,-0.674057469,3.8,0,74,959.6,-36.319,130.864,-0.681398198,0,0,14.771,11.9,-0.731912902,12.22,-0.738678907,1015.1,1.153,1,0,10,0,0,0
2023-12-09 2:00,-0.792289643,-0.610145164,-0.674057469,3.5,0,74.4,959.6,-36.319,130.876,-0.697402801,0,0,13.906,12,-0.71667938,12.25,-0.738678907,1015,1.153,1,0,10,0,0,0
2023-12-09 2:10,-0.661311865,-0.75011107,-0.674057469,4.3,0,75.3,959.6,-36.319,130.883,-0.705760296,0,0,14.279,11.7,-0.708450707,12.241,-0.738678907,1015.1,1.153,1,0,10,0,0,0
2023-12-09 2:20,-0.948876012,-0.315649037,-0.674057469,5.1,0,74.2,959.8,-36.319,130.795,-0.724400508,0,0,13.632,11.9,-0.689379361,12.171,-0.738678907,1015.3,1.153,1,0,10,0,0,0
2023-12-09 2:30,-0.906307787,-0.422618262,-0.674057469,4,0,73.5,959.9,-36.319,130.769,-0.724532846,0,0,13.294,11.9,-0.689240274,12.233,-0.738678907,1015.4,1.153,1,0,10,0,0,0
2023-12-09 2:40,-0.942641491,-0.333806859,-0.674057469,5.1,0,73.2,959.9,-36.319,130.749,-0.742770997,0,0,12.821,12,-0.669545552,12.23,-0.738678907,1015.4,1.153,1,0,10,0,0,0
2023-12-09 2:50,-0.782608157,-0.622514637,-0.685704026,3.7,0,73.9,960,-35.406,130.773,-0.778078722,0,0,12.217,11.8,-0.62816678,12.095,-0.727880477,1015.5,1.153,1,0,10,0,0,0
2023-12-09 3:00,-0.726574671,-0.687087511,-0.765943465,4.3,0,74.1,960.1,-28.709,130.698,-0.794266187,0,0,12.894,11.8,-0.607569934,12.044,-0.642907932,1015.6,1.154,1,0,10,0,0,0
2023-12-09 3:10,-0.767165152,-0.641449632,-0.765943465,4,0,72.2,960.2,-28.709,130.611,-0.799548407,0,0,12.946,11.8,-0.600601653,12.069,-0.642907932,1015.7,1.153,1,0,10,0,0,0
2023-12-09 3:20,-0.961261696,-0.275637356,-0.765943465,4.3,0,71.2,960.2,-28.709,130.586,-0.809304144,0,0,13.006,11.9,-0.587389822,12.083,-0.642907932,1015.7,1.153,1,0,10,0,0,0
2023-12-09 3:30,-0.988228381,-0.152985836,-0.766010786,4.4,0,71.1,960.1,-28.703,130.511,-0.816369491,0,0,13.826,11.9,-0.577529959,12.095,-0.642827719,1015.6,1.153,1,0,10,0,0,0
2023-12-09 3:40,-0.901832526,-0.432085749,-0.765943465,3,0,71.4,960.1,-28.709,130.415,-0.832853625,0,0,13.485,11.7,-0.553493306,12.073,-0.642907932,1015.7,1.153,1,0,10,0,0,0
2023-12-09 3:50,-0.970295726,-0.241921896,-0.765943465,2.8,0,70.5,960,-28.709,130.447,-0.7447776,0,0,15.348,11.9,-0.667312765,12.208,-0.642907932,1015.5,1.153,1,0,10,0,0,0
2023-12-09 4:00,-0.684547106,-0.728968627,-0.765943465,5.1,0,72.1,960.1,-28.709,130.454,-0.725061931,0,0,15.015,11.7,-0.688683669,12.202,-0.642907932,1015.7,1.153,1,0,10,0,0,0
2023-12-09 4:10,-0.774944489,-0.632029303,-0.766694739,6.2,0,70.2,960,-28.642,130.416,-0.749071358,0,0,13.705,12,-0.662489321,12.168,-0.642011821,1015.5,1.153,1,0,10,0,0,0
2023-12-09 4:20,-0.889416373,-0.457097927,-0.766750762,3.7,0,71,960,-28.637,130.408,-0.734701509,0,0,12.516,11.8,-0.678390517,12.189,-0.641944911,1015.5,1.153,1,0,10,0,0,0
2023-12-09 4:30,-0.553391549,-0.832921241,-0.766537843,2.4,0,70.1,960.1,-28.656,130.441,-0.741788594,0,0,12.313,12,-0.670633792,12.206,-0.64219914,1015.6,1.153,1,0,10,0,0,0
2023-12-09 4:40,-0.845261833,-0.534352349,-0.766167835,3.5,0,70.6,960,-28.689,130.414,-0.753551919,0,0,11.893,11.9,-0.657388398,12.07,-0.642640528,1015.5,1.153,1,0,10,0,0,0
2023-12-09 4:50,-0.638767818,-0.769399555,-0.766235128,4.8,0,70.9,960,-28.683,130.394,-0.762623173,0,0,11.54,11.9,-0.646843022,12.136,-0.642560291,1015.5,1.153,1,0,10,0,0,0
2023-12-09 5:00,-0.522498565,-0.852640164,-0.766593882,3.6,0,71.1,959.9,-28.651,130.432,-0.75036494,0,0,11.519,11.8,-0.661023795,12.136,-0.642132245,1015.4,1.153,1,0,10,0,0,0
2023-12-09 5:10,-0.345298199,-0.938493023,-0.765977126,3,0,72,960.1,-28.706,130.478,-0.750964557,0,0,10.866,11.6,-0.660342513,12.01,-0.642867826,1015.7,1.154,1,0,10,0,0,0
2023-12-09 5:20,-0.419452082,-0.907777479,-0.766537843,2,0,71.6,960.3,-28.656,130.458,-0.756881001,0,0,11.282,11.7,-0.653552715,11.957,-0.64219914,1015.9,1.154,1,0,10,0,0,0
2023-12-09 5:30,-0.736097087,-0.67687597,-0.766122969,4.2,0,71.8,960.4,-28.693,130.457,-0.754090924,0,0,11.797,11.8,-0.656770035,12.12,-0.642694015,1015.9,1.153,1,0,10,0,0,0
2023-12-09 5:40,-0.906307787,-0.422618262,-0.766470587,4.6,0,72.5,960.4,-28.662,130.46,-0.74429989,0,0,11.685,11.6,-0.667845546,12.035,-0.642279408,1016,1.154,1,0,10,0,0,0
2023-12-09 5:50,-0.67815967,-0.734914595,-0.766773169,3.1,0,73.2,960.6,-28.635,130.421,-0.769254603,0,0,11.226,11.6,-0.638942372,11.884,-0.641918146,1016.2,1.154,1,0,10,0,0,0
2023-12-09 6:00,-0.805928282,-0.592013179,-0.766773169,3.1,0,73.3,960.7,-28.635,130.408,-0.760609958,0,0,11.82,11.8,-0.649209128,11.941,-0.641918146,1016.3,1.154,1,0,10,0,0,0
2023-12-09 6:10,-0.350207381,-0.936672189,-0.766773169,3.1,0,75.2,960.7,-28.635,130.43,-0.779173894,0,0,11.259,11.5,-0.62680782,12.005,-0.641918146,1016.3,1.154,1,0,10,0,0,0
2023-12-09 6:20,-0.538770785,-0.842452397,-0.766773169,3.4,0,76.6,960.7,-28.635,130.435,-0.793629506,0,0,10.257,11.2,-0.608401354,11.879,-0.641918146,1016.4,1.154,1,0,10,0,0,0
2023-12-09 6:30,-0.944948912,-0.327217899,-0.766773169,2.9,0,75.5,960.9,-28.635,130.462,-0.759600596,0,0,9.307,11.5,-0.650389832,11.894,-0.641918146,1016.6,1.154,1,0,10,0,0,0
2023-12-09 6:40,-0.881303452,-0.472550765,-0.766773169,1.8,0,75.1,961.1,-28.635,130.589,-0.77453618,0,0,8.127,11.5,-0.632529608,11.698,-0.641918146,1016.8,1.155,1,0,10,0,0,0
2023-12-09 6:50,-0.973975967,-0.226651307,-0.766773169,2.7,0,75.7,961.2,-28.635,130.764,-0.777058084,0,0,8.248,11.4,-0.629428895,11.621,-0.641918146,1016.9,1.155,1,0,10,0,0,0
2023-12-09 7:00,-0.745476,-0.66653247,-0.766773169,1.1,0,78.7,961.4,-28.635,130.993,-0.794457021,0,0,7.273,11,-0.607320378,11.64,-0.641918146,1017.2,1.155,1,0,10,0,0,0
2023-12-09 7:10,0.088894297,-0.996041065,-0.766773169,1.9,0,79.4,961.4,-28.635,131.274,-0.808318827,0,0,5.282,10.9,-0.588744999,11.415,-0.641918146,1017.3,1.156,1,0,10,0,0,0
2023-12-09 7:20,-0.28736052,-0.957822495,-0.766773169,2.6,0,77.4,961.6,-28.635,131.549,-0.747751738,0,0,5.012,11.1,-0.663978417,11.328,-0.641918146,1017.4,1.156,1,0,10,0,0,0
2023-12-09 7:30,-0.26387305,-0.964557418,-0.766773169,3.5,0,77.5,961.8,-28.635,131.805,-0.736616673,0,0,4.725,11.1,-0.676310488,11.317,-0.641918146,1017.6,1.156,1,0,10,0,0,0
2023-12-09 7:40,0.080198924,-0.996778878,-0.766773169,1.9,0,77.8,961.8,-28.635,132.051,-0.711130862,0,0,5.496,11.2,-0.703059668,11.397,-0.641918146,1017.6,1.156,1,0,10,0,0,0
2023-12-09 7:50,-0.461748613,-0.887010833,-0.766773169,2.1,0,77.2,961.9,-28.635,132.259,-0.684928699,0,0,5.701,11.3,-0.728610099,11.565,-0.641918146,1017.7,1.155,1,0,10,0,0,0
2023-12-09 8:00,-0.732542899,-0.680720869,-0.766773169,3.2,0,77.3,962,-28.635,132.434,-0.771113658,0,0,6.327,11.2,-0.636697515,11.973,-0.641918146,1017.8,1.154,1,0,10,0,0,0
2023-12-09 8:10,-0.618408395,-0.785856893,-0.766773169,2.2,0,75.8,962.1,-28.635,132.599,-0.781770851,0,0,8.867,11.4,-0.623565824,12.315,-0.641918146,1017.9,1.152,1,0,10,0,0,0
2023-12-09 8:20,-0.597625147,-0.801775644,-0.766773169,3,0,76.3,962.2,-28.635,132.632,-0.750353403,0,0,7.657,11.4,-0.661036891,12.329,-0.641918146,1018,1.152,1,0,10,0,0,0
2023-12-09 8:30,-0.328866647,-0.94437637,-0.766773169,2.8,0,74.7,962.1,-28.635,132.692,-0.740769424,0,0,7.706,11.7,-0.671759377,12.382,-0.641918146,1017.8,1.152,1,0,10,0,0,0
2023-12-09 8:40,-0.940880769,-0.33873792,-0.766773169,3.5,0,74.5,962.2,-28.635,132.722,-0.734144775,0,0,7.755,11.7,-0.678992967,12.44,-0.641918146,1017.9,1.152,1,0,10,0,0,0
2023-12-09 8:50,-0.922108031,-0.383836527,-0.766773169,3.65,0,74.5,962.25,-28.635,132.612,-0.732993159,0,0,8.441,11.75,-0.680233904,12.4985,-0.641918146,1017.95,1.1515,1,0,7.0665,0,0,0
2023-12-09 9:00,-0.903335293,-0.428935133,-0.766773169,3.8,0,74.5,962.3,-28.635,132.502,-0.731841542,0,0,9.127,11.8,-0.68147484,12.557,-0.641918146,1018,1.151,1,0,4.133,0,0,0
2023-12-09 9:10,-0.786935022,-0.617035875,-0.766773169,4.2,0,73.9,962.3,-28.635,132.429,-0.712552805,0,0,9.362,12,-0.701618486,12.579,-0.641918146,1017.9,1.151,1,0,10,0,0,0
2023-12-09 9:20,-0.699663341,-0.71447268,-0.766773169,5,0,72,962.4,-28.635,132.34,-0.725434439,0,0,9.693,12.4,-0.688291272,12.413,-0.641918146,1017.9,1.152,1,0,10,0,0,0
2023-12-09 9:30,-0.87630668,-0.481753674,-0.766773169,3.1,0,71.3,962.5,-28.635,132.217,-0.763435418,0,0,9.392,12.5,-0.645884171,12.285,-0.641918146,1018,1.153,1,0,10,0,0,0
2023-12-09 9:40,-0.863395551,-0.504527624,-0.766773169,4.6,0,71.6,962.5,-28.635,132.085,-0.758100191,0,0,11.232,12.5,-0.652138099,12.536,-0.641918146,1018,1.152,1,0,10,0,0,0
2023-12-09 9:50,-0.96944535,-0.245307386,-0.766773169,4.3,0,71.6,962.4,-28.635,132.006,-0.766380901,0,0,11.756,12.7,-0.642386422,12.854,-0.641918146,1017.8,1.15,1,0,10,0,0,0
2023-12-09 10:00,-0.925870585,-0.377840787,-0.766100534,3.7,0,70.8,962.3,-28.695,131.919,-0.756287543,0,0,10.901,12.9,-0.654239369,12.991,-0.642720757,1017.6,1.15,1,0,10,0,0,0
2023-12-09 10:10,-0.814115518,-0.580702956,-0.766750762,2.1,0,69.5,962.3,-28.637,131.834,-0.809457894,0,0,9.116,13.3,-0.587177926,13.231,-0.641944911,1017.5,1.149,1,0,10,0,0,0
2023-12-09 10:20,-0.912120116,-0.409923034,-0.766649916,5.1,0,67.7,962.4,-28.646,131.858,-0.716375012,0,0,11.019,13.7,-0.697715445,13.576,-0.642065344,1017.5,1.147,1,0,10,0,0,0
2023-12-09 10:30,-0.560638995,-0.828060335,-0.766235128,4.1,0,65.5,962.5,-28.683,131.873,-0.708007125,0,0,10.389,14,-0.70620529,13.934,-0.642560291,1017.9,1.146,1,0,10,0,0,0
2023-12-09 10:40,-0.743144825,-0.669130606,-0.766616296,2.8,0,62.8,962.6,-28.649,131.904,-0.684432591,0,0,9.292,14.7,-0.729076147,14.079,-0.642105485,1017.7,1.145,1,0,10,0,0,0
2023-12-09 10:50,-0.993960955,0.109734311,-0.786094287,2.3,0,60.9,962.7,-26.876,132.046,-0.887622539,0,0,8.209,14.9,-0.460571632,14.415,-0.618106602,1017.8,1.144,1,0,10,0,0,0
2023-12-09 11:00,-0.966823389,-0.255445758,-0.850774423,2.9,0,60.6,962.8,-20.403,132.202,-0.918301345,0,0,8.622,15.2,-0.395882104,14.607,-0.525531048,1017.8,1.143,1,0,10,0,0,0
2023-12-09 11:10,-0.951594404,-0.307356618,-0.910004692,2.4,0,59.9,962.6,-13.194,132.315,-0.917080952,0,0,10.917,15.3,-0.398701051,14.588,-0.414597949,1017.5,1.143,1,0,10,0,0,0
2023-12-09 11:20,-0.920504853,-0.390731128,-0.910004692,3.6,0,58.4,962.3,-13.194,132.304,-0.889472212,0,0,11.971,15.6,-0.456989261,14.593,-0.414597949,1017.1,1.143,1,0,10,0,0,0
2023-12-09 11:30,-0.999993908,-0.003490651,-0.910004692,1.5,0,57.3,962.3,-13.194,132.209,-0.903993024,0,0,12.029,16.1,-0.427547205,14.518,-0.414597949,1017,1.144,1,0,10,0,0,0
2023-12-09 11:40,-0.848048096,-0.529919264,-0.910004692,3.6,0,56.2,962.3,-13.194,132.14,-0.91862578,0,0,11.748,16.1,-0.395128684,14.632,-0.414597949,1017,1.143,1,0,10,0,0,0
2023-12-09 11:50,-0.845261833,0.534352349,-0.910004692,3.5,0,53.8,962.1,-13.194,132.12,-0.905561395,0,0,11.874,16,-0.424215228,14.774,-0.414597949,1016.8,1.143,1,0,10,0,0,0
2023-12-09 12:00,-0.807989884,-0.589196357,-0.910004692,2.1,0,55.3,962.1,-13.194,132.089,-0.946079705,0,0,9.911,15.9,-0.32393393,14.802,-0.414597949,1016.8,1.142,1,0,10,0,0,0
2023-12-09 12:10,-0.969015731,0.246999013,-0.950607869,3,0,54.9,962.1,-6.785,132.108,-0.963867945,0,0,10.272,15.9,-0.266380526,15.009,-0.310394392,1016.8,1.142,1,0,10,0,0,0
2023-12-09 12:20,-0.998440764,0.055821505,-0.956894726,3.5,0,54.4,962,-5.584,132.163,-0.965916791,0,0,9.931,16,-0.258852762,15.124,-0.29043499,1016.7,1.141,1,0,10,0,0,0
2023-12-09 12:30,-0.977415894,0.211324796,-0.956894726,4.1,0,53.7,961.9,-5.584,132.221,-0.981090517,0,0,9.464,16,-0.193549468,15.187,-0.29043499,1016.6,1.141,1,0,10,0,0,0
2023-12-09 12:40,-0.984195608,-0.17708474,-0.963247003,2.7,0,52.5,961.8,-4.285,132.292,-0.99025835,0,0,8.324,16.6,-0.139242234,15.388,-0.268617221,1016.3,1.14,1,0,10,0,0,0
2023-12-09 12:50,-0.994337944,-0.106264071,-0.987133474,3.1,0,50.2,961.7,2.099,132.45,-0.966160325,0,0,6.492,16.8,-0.257942292,15.617,-0.159898416,1016.1,1.139,1,0,10,0,0,0
2023-12-09 13:00,-0.996345296,0.085416923,-0.961559401,2.6,0,49,961.6,-4.629,132.676,-0.995948999,0,0,5.067,16.9,-0.089919917,15.867,-0.274597009,1016,1.138,1,0,10,0,0,0
2023-12-09 13:10,-0.978147601,-0.207911691,-0.994907131,2.2,0,48.6,961.6,5.506,132.996,-0.963270441,0,0,5.763,16.8,-0.268533161,15.95,-0.100795835,1016,1.138,1,0,10,0,0,0
2023-12-09 13:20,-0.891006524,0.4539905,-0.972638185,1,0,51.2,961.6,-2.128,133.178,-0.950477768,0,0,5.83,16.6,-0.310792555,15.891,-0.232325119,1016.1,1.138,1,0,10,0,0,0
2023-12-09 13:30,-0.948323655,0.317304656,-0.964062953,1.7,0,50.3,961.6,-4.107,133.371,-0.952491529,0,0,5.313,16.8,-0.30456508,15.868,-0.265673902,1016,1.138,1,0,10,0,0,0
2023-12-09 13:40,-0.927836254,-0.372987783,-0.958292652,1,0,50,961.5,-5.308,133.579,-0.882471899,0,0,5.152,16.3,-0.470365122,16.094,-0.285788721,1016,1.137,1,0,10,0,0,0
2023-12-09 13:50,-0.999262916,0.038387809,-0.919889959,2.6,0,47.6,961.5,-11.79,133.779,-0.915613479,0,0,5.646,16.7,-0.402059643,16.027,-0.392176571,1015.9,1.138,1,0,10,0,0,0
2023-12-09 14:00,-0.986285602,0.165047606,-0.919889959,2.6,0,46.7,961.6,-11.79,134.004,-0.9087924,0,0,5.332,16.7,-0.417248575,16.187,-0.392176571,1016,1.137,1,0,10,0,0,0
2023-12-09 14:10,-0.983571471,0.180519145,-0.919889959,1,0,47,961.6,-11.79,134.246,-0.949392591,0,0,5.355,17.3,-0.314091878,16.096,-0.392176571,1015.8,1.137,1,0,10,0,0,0
2023-12-09 14:20,-0.976296007,0.216439614,-0.927653867,2,0,47.4,961.5,-10.626,134.462,-0.983950506,0,0,5.62,16.7,-0.17844159,16.027,-0.373441164,1015.9,1.138,1,0,10,0,0,0
2023-12-09 14:30,-0.851726934,-0.523985906,-0.96371902,2.1,0,47.2,961.5,-4.181,134.693,-0.97370231,0,0,5.667,16.7,-0.22782408,15.896,-0.266918809,1015.9,1.138,1,0,10,0,0,0
2023-12-09 14:40,-0.985109326,-0.1719291,-0.96371902,1.4,0,48.8,961.5,-4.181,134.775,-0.928693093,0,0,4.959,16.5,-0.370849213,15.768,-0.266918809,1016,1.139,1,0,10,0,0,0
2023-12-09 14:50,-0.990023658,0.140901232,-0.945154323,1.3,0,48.1,961.6,-7.77,134.893,-0.873398487,0,0,3.903,16.4,-0.487006246,15.909,-0.326624106,1016.1,1.138,1,0,10,0,0,0
2023-12-09 15:00,-0.792289643,0.610145164,-0.919382679,0.7,0,49,961.6,-11.864,135.074,-0.9314247,0,0,4.117,16.3,-0.363934098,15.829,-0.393364322,1016.2,1.138,1,0,10,0,0,0
2023-12-09 15:10,-0.998440764,0.055821505,-0.919382679,2.1,0,49.9,961.6,-11.864,135.266,-0.898518432,0,0,5.007,16.1,-0.438935789,15.71,-0.393364322,1016.2,1.139,1,0,10,0,0,0
2023-12-09 15:20,-0.967267753,0.253757945,-0.919382679,1.1,0,49.9,961.7,-11.864,135.41,-0.866374259,0,0,4.152,16.1,-0.499395278,15.627,-0.393364322,1016.3,1.139,1,0,10,0,0,0
2023-12-09 15:30,-0.999847695,-0.017452406,-0.868103532,1.2,0,50.5,961.6,-18.459,135.554,-0.849911087,0,0,4.014,16.2,-0.526926128,15.539,-0.496383177,1016.2,1.14,1,0,10,0,0,0
2023-12-09 15:40,-0.974370065,0.224951054,-0.858530628,1.2,0,50.4,961.8,-19.548,135.714,-0.800333907,0,0,3.627,16.2,-0.599554532,15.446,-0.512762286,1016.4,1.14,1,0,10,0,0,0
2023-12-09 15:50,-0.931691228,0.36325123,-0.794880817,1.9,0,50.7,961.9,-26.054,135.814,-0.698914763,0,0,3.911,16,-0.715204973,15.216,-0.606765594,1016.6,1.141,1,0,10,0,0,0
2023-12-09 16:00,-0.997801468,-0.0662739,-0.782271229,2.4,0,51.4,961.9,-27.231,135.887,-0.775870259,0,0,3.818,15.6,-0.630892496,15.104,-0.622937977,1016.7,1.141,1,0,10,0,0,0
2023-12-09 16:10,-0.994702817,0.102792537,-0.782271229,1.9,0,52.1,962.1,-27.231,135.989,-0.766324839,0,0,3.133,15.4,-0.642453299,14.974,-0.622937977,1017,1.142,1,0,10,0,0,0
2023-12-09 16:20,-0.983571471,-0.180519145,-0.782271229,2.5,0,53.3,962.1,-27.231,136.112,-0.844159549,0,0,4.303,15.1,-0.536092022,15.034,-0.622937977,1017.1,1.142,1,0,10,0,0,0
2023-12-09 16:30,-0.848048096,-0.529919264,-0.849450933,1.1,0,54.5,962.2,-20.55,136.227,-0.873984344,0,0,4.787,14.7,-0.485954079,14.992,-0.527667615,1017.3,1.142,1,0,10,0,0,0
2023-12-09 16:40,-0.667832555,-0.744311546,-0.858530628,1.7,0,55.2,962.2,-19.548,136.294,-0.898042932,0,0,4.967,14.3,-0.439907823,14.946,-0.512762286,1017.4,1.142,1,0,10,0,0,0
2023-12-09 16:50,-0.873772223,-0.48633538,-0.858530628,1.2,0,56.2,962.2,-19.548,136.343,-0.876659588,0,0,5.042,14.1,-0.481111178,14.817,-0.512762286,1017.5,1.142,1,0,10,0,0,0
2023-12-09 17:00,-0.803856861,-0.594822787,-0.858530628,2.1,0,57.3,962.1,-19.548,136.396,-0.923223631,0,0,5.38,13.8,-0.384263096,14.732,-0.512762286,1017.2,1.143,1,0,10,0,0,0
2023-12-09 17:10,-0.893371388,-0.449318999,-0.917907052,2.7,0,59.6,962.1,-12.079,136.426,-0.963031033,0,0,5.98,13.3,-0.269390479,14.673,-0.396795469,1017.3,1.143,1,0,10,0,0,0
2023-12-09 17:20,-0.999876632,-0.015707317,-0.937300239,1.9,0,60.8,962.1,-9.095,136.354,-0.972654402,0,0,5.643,12.9,-0.232257216,14.471,-0.348522971,1017.4,1.144,1,0,10,0,0,0
2023-12-09 17:30,-0.963162567,-0.268919821,-0.963373479,1.8,0,59.8,962.4,-4.255,136.306,-0.98448481,0,0,4.607,13.1,-0.175469822,14.337,-0.268163272,1017.7,1.144,1,0,10,0,0,0
2023-12-09 17:40,-0.967267753,-0.253757945,-0.977463817,2.1,0,59.7,962.7,-0.886,136.307,-0.999717059,0,0,4.489,13.3,-0.023786594,14.299,-0.211103022,1018,1.144,1,0,10,0,0,0
2023-12-09 17:50,-0.87630668,-0.481753674,-0.997437038,0.9,0,59.2,962.8,7.196,136.317,-0.999027556,0,0,4.541,13.5,0.044090173,14.218,-0.07154967,1018,1.145,1,0,10,0,0,0
2023-12-09 18:00,-0.998806137,-0.04884977,-0.999774796,2.2,0,60.7,962.8,12.516,136.329,-0.998537614,0,0,4.173,12.7,0.054061385,14.085,0.02122161,1018.2,1.145,1,0,10,0,0,0
2023-12-09 18:10,-0.981958713,-0.189095443,-0.999965346,2,0,61.2,962.9,10.821,136.331,-0.974283618,0,0,3.583,12.5,-0.225325169,14.066,-0.008325124,1018.4,1.145,1,0,10,0,0,0
2023-12-09 18:20,-0.97957525,-0.201077921,-0.988382741,1.7,0,59.7,963,2.55,136.301,-0.957937772,0,0,3.211,12.9,-0.286976002,14.085,-0.151985383,1018.4,1.145,1,0,3.2,0,0,5.033
2023-12-09 18:30,-0.968583161,-0.248689887,-0.957077023,1.2,0,59.1,963.1,-5.544,136.328,-0.988541358,0,0,3.124,12.8,-0.150950268,14.004,-0.289833698,1018.5,1.146,1,0,8.567,0,0,1.433
2023-12-09 18:40,-0.945518576,-0.325568154,-0.986509376,1.3,0,60,963.2,1.878,136.335,-0.991923247,0,0,3.125,12.8,-0.126839552,13.909,-0.163704767,1018.6,1.146,1,0,10,0,0,0
2023-12-09 18:50,-0.984195608,-0.17708474,-0.986509376,0.2,0,60.2,963.3,1.878,136.318,-0.901794816,0,0,2.177,12.6,-0.432164447,13.81,-0.163704767,1018.8,1.146,1,0,0.467,0,0,0
2023-12-09 19:00,-0.709570737,-0.70463421,-0.986509376,0.9,0,61.1,963.4,1.878,136.328,-0.682853117,0,0,1.412,12.1,-0.730555693,13.731,-0.163704767,1019,1.147,0,0,0,0,0,0
2023-12-09 19:10,-0.788010754,-0.615661475,-0.986509376,1.6,0,63.1,963.4,1.878,136.348,-0.676798882,0,0,2.165,12.1,-0.736167965,13.742,-0.163704767,1019,1.147,0,0,0,0,0,0
2023-12-09 19:20,-0.656059029,0.75470958,-0.986509376,0.9,0,61.9,963.6,1.878,136.36,-0.827286533,0,0,1.97,12.4,-0.561780199,13.804,-0.163704767,1019.2,1.146,0,0,0,0,0,0
2023-12-09 19:30,-0.863395551,0.504527624,-0.986509376,0.9,0,62.5,963.7,1.878,136.382,-0.851571427,0,0,2.361,12.6,-0.524238595,13.801,-0.163704767,1019.2,1.146,0,0,0,0,0,0
2023-12-09 19:40,-0.346935652,-0.937888935,-0.92417314,1.3,0,64.3,963.7,-11.141,136.396,-0.797183691,0,0,2.971,11.6,-0.603736833,13.805,-0.381973831,1019.5,1.146,0,0,0,0,0,0
2023-12-09 19:50,-0.630675807,-0.776046407,-0.851946346,0.7,0,65.2,963.8,-20.274,136.388,-0.938474942,0,0,2.963,12,-0.345347338,13.825,-0.523629089,1019.5,1.146,0,0,0,0,0,0
2023-12-09 20:00,-0.957822495,-0.28736052,-0.918708515,0.8,0,64.2,964,-11.946,136.378,-0.978306977,0,0,2.856,12.5,-0.207160466,13.753,-0.394936279,1019.6,1.147,0,0,0,0,0,0
2023-12-09 20:10,-0.994521895,0.104528463,-0.970594767,0.4,0,63.3,964,-2.629,136.359,-0.960162108,0,0,1.992,12.8,-0.279443603,13.764,-0.240719335,1019.5,1.147,0,0,0,0,0,0
2023-12-09 20:20,-0.660001668,0.751264134,-0.970594767,0.8,0,63.8,964.1,-2.629,136.351,-0.98358722,0,0,1.779,12.8,0.180433312,13.648,-0.240719335,1019.6,1.147,0,0,0,0,0,0
2023-12-09 20:30,-0.761538308,0.648119901,-0.970594767,0.6,0,66.3,964.2,-2.629,136.325,-0.962198982,0,0,1.979,12.5,0.272347422,13.523,-0.240719335,1019.8,1.148,0,0,0,0,0,0
2023-12-09 20:40,-0.94664926,0.322265695,-0.970594767,0.3,0,67.5,964.2,-2.629,136.287,-0.948029735,0,0,1.928,12.3,0.318181743,13.494,-0.240719335,1019.8,1.148,0,0,0,0,0,0
2023-12-09 20:50,-0.998134798,0.06104854,-0.970594767,0.5,0,67.9,964.3,-2.629,136.245,-0.972775878,0,0,2.23,12.3,0.231747903,13.291,-0.240719335,1019.9,1.148,0,0,0,0,0,0
2023-12-09 21:00,-0.975149354,0.221548498,-0.999999813,1.4,0,69.9,964.4,11.343,136.187,-0.979746855,0,0,3.503,11.9,0.200240104,13.012,0.000610865,1020.1,1.15,0,0,0,0,0,2.5
2023-12-09 21:10,-0.979924705,0.199367934,-0.980484486,1.2,0,70,964.5,22.637,136.157,-0.992256249,0,0,4.365,11.9,0.124207635,12.968,0.196596469,1020.3,1.15,1,0,8.767,0,0,1.233
2023-12-09 21:20,-0.907044014,0.421035813,-0.992590752,1.3,0,71.4,964.4,18.279,136.08,-0.996205339,0,0,4.957,11.8,0.087034034,12.95,0.121505548,1020.2,1.15,1,0,10,0,0,0
2023-12-09 21:30,-0.669130606,0.743144825,-0.992590752,1.2,0,71.4,964.5,18.279,135.978,-0.999996481,0,0,5.525,12,0.002652897,13.071,0.121505548,1020.2,1.149,1,0,10,0,0,0
2023-12-09 21:40,-0.994521895,0.104528463,-0.998683793,0.6,0,70.6,964.6,14.24,135.799,-0.997881692,0,0,5.766,12.1,-0.065054807,13.051,0.051290165,1020.3,1.149,1,0,10,0,0,0
2023-12-09 21:50,-0.974761194,-0.223250116,-0.999939357,0.7,0,72.1,964.6,10.669,135.599,-0.999323268,0,0,6.258,11.8,-0.036783241,13.042,-0.011012805,1020.4,1.149,1,0,10,0,0,0
2023-12-09 22:00,-0.999998477,-0.001745328,-0.999939357,2.3,0,71.1,964.7,10.669,135.387,-0.999477077,0,0,6.41,12.1,-0.032335314,13.056,-0.011012805,1020.4,1.149,1,0,10,0,0,0
2023-12-09 22:10,-0.998239828,-0.059306374,-0.999970647,1.8,0,70.7,964.8,10.669,135.155,-0.992556783,0,0,7.362,12.1,-0.121782727,13.188,-0.00766192,1020.5,1.149,1,0,10,0,0,0
2023-12-09 22:20,-0.997684279,-0.068015291,-0.994733272,2.6,0,72.9,964.8,5.418,134.839,-0.984686284,0,0,8.767,11.6,-0.174335661,13.257,-0.102497398,1020.7,1.149,1,0,10,0,0,0
2023-12-09 22:30,-0.996345296,-0.085416923,-0.989676416,2.5,0,74.6,964.9,3.06,134.477,-0.99046383,0,0,8.485,11.3,-0.137773004,13.219,-0.143319893,1020.8,1.149,1,0,10,0,0,0
2023-12-09 22:40,-0.99912283,0.041875654,-0.989676416,2.2,0,74.1,965,3.06,134.162,-0.984223412,0,0,8.105,11.4,-0.176930141,13.148,-0.143319893,1020.9,1.149,1,0,10,0,0,0
2023-12-09 22:50,-0.887815385,-0.460199785,-0.989676416,1.6,0,73.2,965,3.06,133.866,-0.971063463,0,0,8.744,12,-0.238821588,13.208,-0.143319893,1020.8,1.149,1,0,10,0,0,0
2023-12-09 23:00,-0.846193166,-0.532876276,-0.980453593,2,0,75.3,965.1,-0.049,133.552,-0.945751305,0,0,8.403,11.5,-0.324891472,13.181,-0.196750481,1021,1.149,1,0,10,0,0,0
2023-12-09 23:10,-0.927836254,-0.372987783,-0.961626469,1.9,0,78,965.2,-4.624,133.298,-0.9356721,0,0,7.446,11,-0.352870687,13.177,-0.274362048,1021.2,1.149,1,0,10,0,0,0
2023-12-09 23:20,-0.981627183,0.190808995,-0.961626469,1.1,0,76.9,965.3,-4.624,133.149,-0.918494699,0,0,6.867,11.5,-0.39543329,13.198,-0.274362048,1021.2,1.149,1,0,10,0,0,0
2023-12-09 23:30,-0.864274802,-0.503019947,-0.961626469,1.1,0,75.6,965.3,-4.624,133.029,-0.929274476,0,0,6.87,11.5,-0.369389969,13.19,-0.274362048,1021.2,1.149,1,0,10,0,0,0
2023-12-09 23:40,-0.955793015,-0.294040325,-0.961626469,1.1,0,74.3,965.2,-4.624,132.925,-0.954282073,0,0,7.281,11.9,-0.298907552,13.305,-0.274362048,1021,1.148,1,0,10,0,0,0
2023-12-09 23:50,-0.994521895,-0.104528463,-0.961626469,0.7,0,73.6,965.3,-4.624,132.835,-0.974569912,0,0,7.039,11.9,-0.224083661,13.367,-0.274362048,1021.1,1.148,1,0,10,0,0,0
2023-12-10 0:00,-0.771624583,-0.63607822,-0.961626469,1.5,0,74.1,965.2,-4.624,132.817,-0.983073126,0,0,6.161,11.6,-0.183213614,13.355,-0.274362048,1021.1,1.148,1,0,10,0,0,0
2023-12-10 0:10,0.031410759,-0.99950656,-0.961626469,1.3,0,74.2,965.2,-4.624,132.903,-0.986532224,0,0,5.897,11.5,-0.163567022,13.375,-0.274362048,1021.1,1.148,1,0,10,0,0,0
2023-12-10 0:20,-0.894154237,-0.447759088,-0.961626469,1.1,0,72.9,965.1,-4.624,133.042,-0.98823639,0,0,5.322,11.8,-0.152934093,13.338,-0.274362048,1020.9,1.148,1,0,10,0,0,0
2023-12-10 0:30,-0.865151421,-0.501510737,-0.979222811,0.9,0,73.4,965.1,-0.4,133.197,-0.994103746,0,0,5.243,11.8,-0.108433126,13.3,-0.202787295,1020.9,1.148,1,0,10,0,0,0
2023-12-10 0:40,-0.856267085,0.516533329,-0.989490487,1,0,72.8,965,2.986,133.338,-0.999999982,0,0,5.098,12.1,-0.000191986,13.266,-0.144597983,1020.7,1.149,1,0,10,0,0,0
2023-12-10 0:50,-0.687087511,0.726574671,-0.999905186,0.8,0,72.7,965.1,10.51,133.47,-0.99838771,0,0,4.714,12.1,0.056762488,13.202,-0.013770213,1020.8,1.149,1,0,10,0,0,0
2023-12-10 1:00,-0.673012514,-0.739631095,-0.999939357,0.3,0,72.3,965.2,10.669,133.601,-0.996142803,0,0,5.095,12.1,0.087746881,13.161,-0.011012805,1020.9,1.149,1,0,10,0,0,0
2023-12-10 1:10,-0.974761194,-0.223250116,-0.999939357,1,0,73.6,965.2,10.669,133.715,-0.997705597,0,0,5.092,11.7,0.067701856,13.093,-0.011012805,1021,1.149,1,0,10,0,0,0
2023-12-10 1:20,-0.983885038,-0.178802215,-0.999939357,1.5,0,75.7,965.2,10.669,133.823,-0.991704847,0,0,5.338,11.5,0.128535973,13.023,-0.011012805,1021.1,1.15,1,0,10,0,0,0
2023-12-10 1:30,-0.995396198,0.095845753,-0.993955208,1.2,0,76,965.1,17.6,133.916,-0.980968713,0,0,5.901,11.6,0.194165867,13.037,0.109786355,1021,1.15,1,0,10,0,0,0
2023-12-10 1:40,-0.993767919,0.111468932,-0.992432995,0.9,0,76.1,965.1,18.353,133.987,-0.980768252,0,0,5.843,11.6,0.195175911,12.98,0.122787421,1021,1.15,1,0,10,0,0,0
2023-12-10 1:50,-0.931055816,0.364876784,-0.992432995,0.7,0,76.9,965.2,18.353,134.054,-0.966353637,0,0,5.353,11.7,0.257217124,12.991,0.122787421,1021,1.15,1,0,10,0,0,0
2023-12-10 2:00,-0.977045574,0.213030386,-0.979921225,0.2,0,76,965.2,22.801,134.119,-0.959555085,0,0,4.856,11.8,0.281520938,12.907,0.199385037,1021,1.15,1,0,10,0,0,0
2023-12-10 2:10,-0.923210217,-0.384295323,-0.967108121,0.4,0,76.4,965.3,26.036,134.183,-0.931176762,0,0,4.1,12,0.364568014,12.906,0.254365647,1021.1,1.15,1,0,10,0,0,0
2023-12-10 2:20,-0.759271307,-0.650774217,-0.963830742,0.6,0,77.6,965.4,26.758,134.238,-0.919951551,0,0,4.135,12,0.392032071,12.909,0.266515104,1021.2,1.15,1,0,10,0,0,0
2023-12-10 2:30,-0.921863152,0.387515586,-0.924412959,0.3,0,77.7,965.5,33.72,134.288,-0.903163034,0,0,4.187,12,0.429297721,12.958,0.381393081,1021.3,1.15,1,0,10,0,0,0
2023-12-10 2:40,-0.679441304,0.733729865,-0.913900054,0,0,77.5,965.4,35.252,134.308,-0.849920283,0,0,4.279,11.9,0.526911294,13.036,0.405939269,1021.2,1.15,1,0,10,0,0,0
2023-12-10 2:50,0,1,-0.865763486,0,0,77,965.5,41.33,134.319,-0.841199486,0,0,4.123,12,0.540724906,12.952,0.500453381,1021.3,1.15,1,0,10,0,0,0
2023-12-10 3:00,-0.820151876,0.572145873,-0.865763486,0.3,0,77.4,965.5,41.33,134.297,-0.864976308,0,0,4.172,12.1,0.501812701,12.835,0.500453381,1021.3,1.15,1,0,10,0,0,0
2023-12-10 3:10,0.758134336,0.652098404,-0.854059616,0.7,0,74.9,965.5,42.646,134.291,-0.781923193,0,0,4.583,12.1,0.623374783,12.888,0.520175136,1021.3,1.15,1,0,10,0,0,0
2023-12-10 3:20,-0.881303452,0.472550765,-0.791874147,1.5,0,76.2,965.5,48.939,134.289,-0.773917586,0,0,4.91,12,0.633286325,12.836,0.610684317,1021.3,1.15,1,0,10,0,0,0
2023-12-10 3:30,-0.889416373,0.457097927,-0.791874147,0.2,0,76.5,965.4,48.939,134.244,-0.784386797,0,0,4.622,11.6,0.620271999,12.78,0.610684317,1021.3,1.151,1,0,10,0,0,0
2023-12-10 3:40,-0.906307787,0.422618262,-0.791874147,0.6,0,77.4,965.4,48.939,134.209,-0.861939037,0,0,2.856,11.5,0.507011929,12.408,0.610684317,1021.3,1.152,1,0,5.267,0,0,0.867
2023-12-10 3:50,-0.63607822,0.771624583,-0.791874147,1,0,77.4,965.5,48.939,134.176,-0.769399555,0,0,3.611,11.4,0.638767818,12.402,0.610684317,1021.5,1.152,1,0,0.867,0,0,1.833
2023-12-10 4:00,-0.730162277,-0.683273774,-0.770346339,0.5,0,87.6,965.5,50.917,134.177,-0.656704225,0,0,4.159,9.4,0.754148235,12.639,0.637625688,1022,1.151,1,0,10,0,0,0
2023-12-10 4:10,-0.94664926,0.322265695,-0.704027119,0.2,0,89.9,965.5,56.549,134.152,-0.621995454,0,0,4.069,9.2,0.783020852,12.485,0.710173088,1022.1,1.152,1,0,10,0,0,0
2023-12-10 4:20,0,1,-0.626535799,0,0,90.4,965.6,62.502,134.123,-0.53461787,0,0,3.294,9.1,0.84509392,12.263,0.779392643,1022.2,1.153,1,0,10,0,0,0
2023-12-10 4:30,0.657375246,0.753563392,-0.539887782,1.3,0,92.5,965.7,68.623,134.101,-0.294557416,0,0,2.162,8.7,0.955633784,12.028,0.841737003,1022.2,1.154,1,0,5,0,0,0
2023-12-10 4:40,0.843391446,0.537299608,-0.490660446,2.2,0,93.3,965.7,71.916,134.092,-0.439076923,0,0,3.766,9.1,0.898449473,11.68,0.871350863,1022.3,1.155,0,0,0,0,0,2.533
2023-12-10 4:50,0.820151876,0.572145873,-0.416994776,2.5,0,92.9,965.8,76.654,134.095,-0.329344596,0,0,5.772,9.1,0.944209795,10.732,0.908908882,1022.4,1.159,1,0,8.467,0,0,1.5
2023-12-10 5:00,0.685818353,0.727772758,-0.369406188,2.2,0,94.1,965.8,79.621,134.025,-0.227127255,0,0,5.243,9.3,0.973865088,10.814,0.929268028,1022.4,1.159,1,0,10,0,0,0
2023-12-10 5:10,0.594822787,0.803856861,-0.243598084,2.4,0,94.9,965.8,87.201,133.933,-0.182063912,0,0,5.423,9.2,0.983286699,10.462,0.969876267,1022.4,1.16,1,0,10,0,0,0
2023-12-10 5:20,0.547563223,0.836764313,-0.243445733,2.5,0,95.3,965.8,87.21,133.835,-0.157554861,0,0,5.104,9,0.987510236,10.922,0.969914519,1022.4,1.158,1,0,10,0,0,0
2023-12-10 5:30,0.503019947,0.864274802,-0.275352132,1.8,0,96.2,965.9,85.31,133.742,-0.523985906,0,0,4.185,8.9,0.851726934,11.781,0.961343437,1022.6,1.155,1,0,10,0,0,0
2023-12-10 5:40,0.680720869,0.732542899,-0.433234414,1.6,0,96.6,966.1,75.602,133.641,-0.663521518,0,0,3.288,8.7,0.7481572,11.981,0.901281278,1022.6,1.154,1,0,8.767,0,0,0
2023-12-10 5:50,0.726574671,0.687087511,-0.630093214,2,0,97,966.2,62.245,133.568,-0.436362129,0,0,3.393,8.9,0.899771133,11.338,0.776519505,1022.9,1.156,1,0,3.367,0,0,6.1
2023-12-10 6:00,0.879648573,0.475624209,-0.496883086,2.4,0,97.3,966.2,71.599,133.539,0.076370986,0,0,4.404,9.1,0.997079471,10.523,0.867817492,1022.8,1.16,1,0,10,0,0,0
2023-12-10 6:10,0.60737584,0.794414621,0.033887805,1.9,0,97.4,966.3,103.242,133.481,0.143319893,0,0,5.271,9.2,0.989676416,10.126,0.999425643,1022.9,1.161,1,0,10,0,0,0
2023-12-10 6:20,0.699663341,0.71447268,0.033887805,1.4,0,97.4,966.6,103.242,133.4,0.055682096,0,0,6.054,9.2,0.998448549,10.099,0.999425643,1023.2,1.161,1,0,10,0,0,0
2023-12-10 6:30,0.608761429,0.79335334,0.033887805,2.6,0,97.5,966.7,103.242,133.301,0.1179187,0,0,5.451,9.1,0.993023253,9.966,0.999425643,1023.4,1.162,1,0,10,0,0,0
2023-12-10 6:40,0.662620048,0.748955721,0.111017963,2.8,0,97.6,966.8,107.673,133.202,0.219403498,0,0,4.962,9.1,0.975634207,9.828,0.9938184,1023.5,1.163,1,0,10,0,0,0
2023-12-10 6:50,0.632029303,0.774944489,0.165925451,2.8,0,97.7,967,110.851,133.107,0.200086203,0,0,5.391,9.2,0.979778297,9.719,0.986138299,1023.7,1.163,1,0,10,0,0,0
2023-12-10 7:00,0.652098404,0.758134336,0.165925451,2.2,0,97.7,967.1,110.851,133.007,0.138982981,0,0,6.066,9.2,0.99029477,9.674,0.986138299,1023.8,1.163,1,0,10,0,0,0
2023-12-10 7:10,0.674302388,0.738455341,0.165925451,1.9,0,97.6,967.1,110.851,132.901,0.297591495,0,0,6.412,9,0.954693303,9.66,0.986138299,1023.8,1.163,1,0,10,0,0,0
2023-12-10 7:20,0.783693457,0.62114778,0.279812258,2.1,0,97.6,967.2,117.542,132.731,0.268381847,0,0,8.155,8.9,0.96331261,9.601,0.960054738,1024,1.163,1,0,10,0,0,0
2023-12-10 7:30,0.710799474,0.703394703,0.296291541,2.8,0,97.5,967.3,118.535,132.4,0.247726181,0,0,8.198,9,0.968830088,9.416,0.955097546,1024,1.164,1,0,10,0,0,0
2023-12-10 7:40,0.669130606,0.743144825,0.296291541,2.4,0,97.3,967.4,118.535,132.024,0.247540175,0,0,8.64,8.8,0.96887763,9.429,0.955097546,1024,1.164,1,0,10,0,0,0
2023-12-10 7:50,0.743144825,0.669130606,0.296291541,2.7,0,97,967.6,118.535,131.609,0.217001884,0,0,9.307,8.9,0.976171185,9.49,0.955097546,1024.4,1.164,1,0,10,0,0,0
2023-12-10 8:00,0.662620048,0.748955721,0.296291541,2.8,0,96.2,967.6,118.535,131.224,0.254399405,0,0,8.74,8.8,0.967099241,9.526,0.955097546,1024.2,1.164,1,0,10,0,0,0
2023-12-10 8:10,0.684547106,0.728968627,0.296291541,2.2,0,94.6,967.6,118.535,130.887,0.231289468,0,0,8.873,9,0.972884979,9.58,0.955097546,1024.4,1.164,1,0,10,0,0,0
2023-12-10 8:20,0.709570737,0.70463421,0.296291541,3,0,93.1,967.7,118.535,130.612,0.250295516,0,0,8.303,9,0.968169486,9.713,0.955097546,1024.5,1.163,1,0,10,0,0,0
2023-12-10 8:30,0.675590208,0.737277337,0.296291541,3.1,0,92.1,967.8,118.535,130.447,0.2728344,0,0,8.502,9.1,0.962061012,10.007,0.955097546,1024.5,1.162,1,0,10,0,0,0
2023-12-10 8:40,0.55048074,0.834847863,0.296291541,3,0,91.6,967.9,118.535,130.306,0.338080979,0,0,7.553,9.2,0.941117023,10.239,0.955097546,1024.6,1.161,1,0,10,0,0,0
2023-12-10 8:50,0.583541211,0.812083527,0.296291541,3.1,0,90.6,967.9,118.535,130.291,0.40729462,0,0,6.929,9.3,0.913296826,10.365,0.955097546,1024.6,1.16,1,0,10,0,0,0
2023-12-10 9:00,0.587785252,0.809016994,0.39283473,2.8,0,90.7,968,124.429,130.334,0.45733076,0,0,6.383,9.4,0.889296675,10.379,0.919609088,1024.7,1.16,1,0,10,0,0,0
2023-12-10 9:10,0.789084085,0.6142852,0.421336577,2.2,0,90.3,968.2,126.219,130.358,0.492788091,0,0,5.948,9.5,0.870149354,10.422,0.906904344,1024.8,1.16,1,0,10,0,0,0
2023-12-10 9:20,0.818149717,0.575005252,0.421336577,2.6,0,89.6,968.2,126.219,130.419,0.524981532,0,0,5.631,9.6,0.851113618,10.546,0.906904344,1024.8,1.16,1,0,10,0,0,0
2023-12-10 9:30,0.544639035,0.838670568,0.421336577,2.9,0,88.7,968.4,126.219,130.489,0.470780925,0,0,6.425,9.8,0.882250146,10.568,0.906904344,1025,1.16,1,0,10,0,0,0
2023-12-10 9:40,0.564967003,0.825113498,0.468562104,2.5,0,87.7,968.5,129.236,130.555,0.604501796,0,0,5.873,10,0.796603778,10.771,0.88343056,1025,1.159,1,0,10,0,0,0
2023-12-10 9:50,0.850811109,0.525471651,0.537711703,2.4,0,86.7,968.7,133.828,130.623,0.610200475,0,0,5.523,10.1,0.792247045,10.854,0.843128771,1025.2,1.158,1,0,10,0,0,0
2023-12-10 10:00,0.845261833,0.534352349,0.607514482,2.7,0,85.8,968.7,138.715,130.708,0.671500759,0,0,4.893,10.4,0.741003867,11.068,0.794308601,1025.1,1.157,1,0,10,0,0,0
2023-12-10 10:10,0.720551112,0.693401828,0.645617643,3.1,0,84.1,968.7,141.512,130.804,0.700099656,0,0,4.342,10.7,0.714045146,11.122,0.763660828,1025,1.157,1,0,10,0,0,0
2023-12-10 10:20,0.506033764,0.862513669,0.729135872,3.7,0,82.2,968.7,148.112,130.861,0.740335466,0,0,5.429,11,0.672237605,11.027,0.684368965,1024.9,1.158,1,0,10,0,0,0
2023-12-10 10:30,0.65868946,0.752414909,0.690882411,2.5,0,81.8,968.5,145.001,130.827,0.638861813,0,0,6.058,11.1,0.769321509,11.031,0.722967146,1024.7,1.158,1,0,10,0,0,0
2023-12-10 10:40,0.679441304,0.733729865,0.7400186,2.3,0,82.1,968.3,149.032,130.823,0.913914224,0,0,4.061,11.3,0.405907368,11.396,0.672586405,1024.4,1.156,1,0,10,0,0,0
2023-12-10 10:50,0.850811109,0.525471651,0.816802693,2.4,0,80.7,968.2,156.066,130.854,0.789769756,0,0,5.421,11.6,0.613403402,11.35,0.576917118,1024.3,1.156,1,0,8.1,0,0,0
2023-12-10 11:00,0.629320391,0.777145961,0.816802693,3.1,0,81.8,968.1,156.066,130.817,0.753517497,0,0,5.796,11.5,0.657427853,11.282,0.576917118,1024.2,1.157,1,0,10,0,0,0
2023-12-10 11:10,0.804893797,0.593418887,0.789833987,3.2,0,82.6,967.9,153.468,130.705,0.677736277,0,0,6.517,11.3,0.735305065,11.101,0.613320694,1024,1.157,1,0,10,0,0,0
2023-12-10 11:20,0.753563392,0.657375246,0.732340893,2.4,0,82.5,967.8,148.383,130.591,0.71825989,0,0,6.11,11.4,0.695774913,10.961,0.680938189,1023.9,1.158,1,0,10,0,0,0
2023-12-10 11:30,0.47715876,0.878817113,0.69800296,4,0,83.7,967.8,145.566,130.502,0.613734166,0,0,5.671,11.1,0.789512744,10.768,0.716094873,1024,1.159,1,0,10,0,0,0
2023-12-10 11:40,0.594822787,0.803856861,0.634717026,3.2,0,84.5,967.8,140.699,130.473,0.529756441,0,0,5.05,11,0.848149818,10.67,0.772744652,1024,1.159,1,0,10,0,0,0
2023-12-10 11:50,0.567843745,0.823136369,0.537593975,2.6,0,83.4,967.8,133.822,130.473,0.537108235,0,0,5.208,11.2,0.843513334,10.715,0.843203841,1023.9,1.159,1,0,10,0,0,0
2023-12-10 12:00,0.54170821,0.840566603,0.535929945,3.9,0,82.7,967.8,133.709,130.513,0.697140078,0,0,4.263,11.1,0.716934943,10.761,0.844262456,1024,1.159,1,0,10,0,0,0
2023-12-10 12:10,0.478691858,0.877982975,0.643616173,3.9,0,82,967.7,141.366,130.568,0.756721285,0,0,3.944,11.2,0.653737636,10.772,0.765348432,1023.8,1.159,1,0,10,0,0,0
2023-12-10 12:20,0.599023599,0.800731371,0.782988283,2.5,0,79.3,967.7,152.838,130.191,0.499032329,0,0,3.837,11.8,0.866583369,10.601,0.622036452,1023.7,1.159,1,0.033,7.633,0.767,0,0.2
2023-12-10 12:30,0.737277337,0.675590208,0.538535507,3.7,0,79.7,967.6,133.89,138.719,0.265118598,0,0,4.624,11.4,0.964215811,10.618,0.842602817,1023.7,1.159,0,0,0,0,0,10
2023-12-10 12:40,0.534352349,0.845261833,0.32413207,3.2,0,80.2,967.6,120.225,135.87,0.184122902,0,0,4.976,11.5,0.982903229,10.358,0.94601184,1023.6,1.16,1,0,8.767,0,0,1.233
2023-12-10 12:50,0.6142852,0.789084085,0.31593056,2.3,0,80.1,967.6,119.717,133.254,0.226617309,0,0,4.844,11.2,0.973983878,10.239,0.948782315,1023.7,1.161,1,0,10,0,0,0
2023-12-10 13:00,0.665230355,0.746638182,0.31593056,2.5,0,79.8,967.6,119.717,131.119,0.252052468,0,0,4.346,11.1,0.96771357,10.343,0.948782315,1023.8,1.16,1,0,10,0,0,0
2023-12-10 13:10,0.794414621,0.60737584,0.31593056,2.8,0,81.2,967.6,119.717,129.354,0.247675453,0,0,5.183,10.9,0.968843057,10.248,0.948782315,1023.8,1.161,1,0,10,0,0,0
2023-12-10 13:20,0.60737584,0.794414621,0.31593056,3,0,81.6,967.6,119.717,127.825,0.290468391,0,0,4.728,11,0.956884587,10.062,0.948782315,1023.8,1.162,1,0,10,0,0,0
2023-12-10 13:30,0.803856861,0.594822787,0.31593056,1.5,0,81,967.6,119.717,126.526,0.334974709,0,0,4.045,11,0.942227119,10.061,0.948782315,1023.8,1.162,1,0,10,0,0,0
2023-12-10 13:40,0.713250449,0.700909264,0.31593056,1.5,0,80.4,967.6,119.717,127.153,0.441599811,0,0,3.735,11.1,0.89721213,10.219,0.948782315,1023.8,1.161,1,0,10,0,0,0
2023-12-10 13:50,0.693401828,0.720551112,0.434995382,2.8,0,78.8,967.7,127.085,138.603,0.551121695,0,0,3.252,11,0.834424878,10.378,0.900432684,1023.9,1.16,1,0,10,0,0,0
2023-12-10 14:00,0.778243149,0.627963058,0.540152195,2,0,80.1,967.5,133.992,136.613,0.588688566,0,0,3.378,10.9,0.808359927,10.314,0.841567351,1023.7,1.161,1,0,10,0,0,0
2023-12-10 14:10,0.69465837,0.7193398,0.595467973,2.1,0,80.3,967.5,137.848,135.061,0.800584978,0,0,3.535,10.9,0.599219236,10.224,0.803379047,1023.7,1.161,1,0,10,0,0,0
2023-12-10 14:20,0.573576436,0.819152044,0.706118785,2.4,0,80.2,967.3,146.224,133.832,0.697427817,0,0,3.937,11.3,0.716655035,10.229,0.708093399,1023.4,1.161,1,0,10,0,0,0
2023-12-10 14:30,0.685818353,0.727772758,0.734654146,2.2,0,78.2,967.2,148.568,132.773,0.694896874,0,0,3.64,11.3,0.719109403,10.582,0.678441807,1023.3,1.159,1,0,10,0,0,0
2023-12-10 14:40,0.713250449,0.700909264,0.690503772,2.3,0,76.6,967.1,145.011,131.919,0.882627829,0,0,3.097,11.9,0.470072457,10.828,0.723328792,1023,1.158,1,0,10,0,0,0
2023-12-10 14:50,0.55048074,0.834847863,0.834347919,2.5,0,76.5,967.1,157.843,131.176,0.664708941,0,0,4.303,11.9,0.747102419,10.733,0.551238197,1023,1.159,1,0,10,0,0,0
2023-12-10 15:00,0.981627183,0.190808995,0.753058342,1.9,0,77.1,966.9,150.156,130.401,0.740898379,0,0,4.531,11.8,0.671617147,10.776,0.657953747,1022.8,1.159,1,0,10,0,0,0
2023-12-10 15:10,0.737277337,0.675590208,0.753058342,1.5,0,78.1,966.6,150.156,129.764,0.765977126,0,0,5.836,11.4,0.642867826,10.573,0.657953747,1022.6,1.159,1,0,10,0,0,0
2023-12-10 15:20,0.977783237,0.209618563,0.753058342,1.2,0,78.1,966.4,150.156,129.159,0.839325856,0,0,5.929,11.4,0.543628648,10.55,0.657953747,1022.4,1.16,1,0,10,0,0,0
2023-12-10 15:30,0.960779154,0.277314653,0.825901536,1.5,0,77.6,966.3,156.979,128.654,0.946609881,0,0,5.113,11.4,0.322381348,10.583,0.563814377,1022.3,1.159,1,0,10,0,0,0
2023-12-10 15:40,0.819152044,0.573576436,0.92964793,1.9,0,78,966.4,169.669,128.212,0.912570299,0,0,5.028,11.5,0.408919858,10.408,0.368449083,1022.4,1.16,1,0,10,0,0,0
2023-12-10 15:50,0.964557418,0.26387305,0.941358708,2.7,0,78.7,966.6,171.581,127.823,0.892931804,0,0,5.026,11.4,0.450191951,10.105,0.337407443,1022.6,1.161,1,0,10,0,0,0
2023-12-10 16:00,0.510542918,0.859852272,0.913225726,1.7,0,81.4,966.6,167.249,127.455,0.8041267,0,0,5.079,10.9,0.594457947,9.952,0.407454014,1022.8,1.162,1,0,10,0,0,0
2023-12-10 16:10,0.713250449,0.700909264,0.820750576,1.6,0,81,966.7,156.463,127.061,0.677800442,0,0,5.406,10.9,0.735245919,9.854,0.571286699,1022.9,1.162,1,0,10,0,0,0
2023-12-10 16:20,0.994880709,0.101056297,0.688341915,1.2,0,81.6,966.8,144.799,126.697,0.519399802,0,0,5.104,10.6,0.85453136,9.85,0.725386385,1023.1,1.162,1,0,10,0,0,0
2023-12-10 16:30,0.833885822,0.551936985,0.555512184,2.4,0,83.2,967,135.046,126.406,0.453695006,0,0,5.463,10.2,0.891157024,9.892,0.831508396,1023.4,1.162,1,0,10,0,0,0
2023-12-10 16:40,0.667832555,0.744311546,0.481141779,1.9,0,80.4,967.2,130.06,126.173,0.419166875,0,0,5.995,10,0.907909208,9.789,0.876642794,1023.6,1.163,1,0,10,0,0,0
2023-12-10 16:50,0.67687597,0.736097087,0.481141779,2,0,80.1,967.2,130.06,125.937,0.414788531,0,0,6.362,9.8,0.909917839,9.755,0.876642794,1023.7,1.163,1,0,10,0,0,0
2023-12-10 17:00,0.71447268,0.699663341,0.481141779,2.5,0,81,967.1,130.06,125.711,0.466124159,0,0,5.996,9.8,0.884719316,9.72,0.876642794,1023.6,1.163,1,0,10,0,0,0
2023-12-10 17:10,0.815127796,0.579281172,0.481141779,3.3,0,84,967.1,130.06,125.509,0.454892225,0,0,5.954,9.8,0.890546497,9.578,0.876642794,1023.6,1.164,1,0,10,0,0,0
2023-12-10 17:20,0.772733573,0.634730513,0.479733532,2.6,0,85.5,967.2,130.06,125.293,0.378826301,0,0,6.293,9.6,0.925467792,9.612,0.877414234,1023.8,1.163,1,0,10,0,0,0
2023-12-10 17:30,0.656059029,0.75470958,0.389991974,2.4,0,86.2,967.5,124.257,131.637,0.302918839,0,0,6.558,9.5,0.953016357,9.722,0.920818256,1024.1,1.163,1,0,10,0,0,0
2023-12-10 17:40,0.67815967,0.734914595,0.359622268,2.4,0,87.7,967.7,122.377,138.801,0.287510971,0,0,6.823,9.4,0.957777345,9.583,0.933097972,1024.3,1.164,1,0,10,0,0,0
2023-12-10 17:50,0.738455341,0.674302388,0.359622268,1.8,0,88.4,967.6,122.377,137.587,0.377598382,0,0,6.672,9.1,0.925969472,9.405,0.933097972,1024.3,1.164,1,0,10,0,0,0
2023-12-10 18:00,0.69465837,0.7193398,0.359622268,2.9,0,84.9,967.5,122.377,136.658,0.33840947,0,0,6.89,9,0.940998953,9.232,0.933097972,1024.2,1.165,1,0,10,0,0,0
2023-12-10 18:10,0.819152044,0.573576436,0.359622268,3,0,84.4,967.4,122.377,135.866,0.318264473,0,0,7.372,9,0.948001965,9.153,0.933097972,1024.1,1.165,1,0,10,0,0,0
2023-12-10 18:20,0.79335334,0.608761429,0.359622268,3.7,0,85.3,967.3,122.377,135.152,0.294740879,0,0,8.048,8.8,0.955577215,9.147,0.933097972,1023.8,1.165,1,0,10,0,0,0
2023-12-10 18:30,0.902585284,0.430511097,0.359622268,3.3,0,84.5,967.3,122.377,134.445,0.282023321,0,0,8.405,8.8,0.95940755,9.412,0.933097972,1023.8,1.164,1,0,10,0,0,0
2023-12-10 18:40,0.579281172,0.815127796,0.359622268,3.4,0,83.6,967.4,122.377,133.776,0.230559261,0,0,8.486,8.8,0.973058286,9.523,0.933097972,1024,1.164,1,0,10,0,0,0
2023-12-10 18:50,0.807989884,0.589196357,0.359622268,1.8,0,83.7,967.5,122.377,133.196,0.29318944,0,0,8.177,8.7,0.956054367,9.618,0.933097972,1024.1,1.163,1,0,10,0,0,0
2023-12-10 19:00,0.654740814,0.755853469,0.359622268,2.6,0,82.5,967.4,122.377,132.778,0.310394392,0,0,7.98,8.7,0.950607869,9.782,0.933097972,1024,1.163,1,0,10,0,0,0
2023-12-10 19:10,0.674302388,0.738455341,0.359622268,2.7,0,81.6,967.4,122.377,132.456,0.323785317,0,0,7.43,8.8,0.946130577,9.788,0.933097972,1024,1.163,1,0,10,0,0,0
2023-12-10 19:20,0.716910608,0.697165103,0.359622268,3,0,82,967.5,122.377,132.21,0.361461843,0,0,7.865,8.8,0.932386902,9.9,0.933097972,1024.1,1.162,1,0,10,0,0,0
2023-12-10 19:30,0.801775644,0.597625147,0.359622268,2.4,0,82.4,967.4,122.377,131.963,0.401612142,0,0,8.073,8.9,0.915809853,10.043,0.933097972,1024.2,1.162,1,0,10,0,0,0
2023-12-10 19:40,0.751264134,0.660001668,0.359622268,2.5,0,82.8,967.3,122.377,131.727,0.441239611,0,0,8.183,9,0.897389328,10.093,0.933097972,1024,1.161,1,0,10,0,0,0
2023-12-10 19:50,0.886203579,0.463296035,0.359622268,3.3,0,85.4,967.2,122.377,131.59,0.475747027,0,0,7.12,9,0.879582155,10.076,0.933097972,1023.9,1.162,1,0,10,0,0,0
2023-12-10 20:00,0.889416373,0.457097927,0.461284112,3.5,0,84.2,967.5,128.768,131.556,0.523539871,0,0,6.924,9.1,0.852001176,10.235,0.887252483,1024.2,1.161,1,0,10,0,0,0
2023-12-10 20:10,0.851726934,0.523985906,0.480009156,2.3,0,84.3,967.7,129.986,131.517,0.512027873,0,0,6.929,9,0.858968834,10.332,0.877263478,1024.5,1.16,1,0,10,0,0,0
2023-12-10 20:20,0.925209718,0.37945616,0.480009156,2.7,0,84.6,967.6,129.986,131.462,0.509041416,0,0,6.774,9.1,0.860742027,10.249,0.877263478,1024.3,1.161,1,0,10,0,0,0
2023-12-10 20:30,0.758134336,0.652098404,0.480009156,2.2,0,84.9,967.6,129.986,131.443,0.485496395,0,0,5.985,9.1,0.874238669,10.124,0.877263478,1024.3,1.161,1,0,10,0,0,0
2023-12-10 20:40,0.806960312,0.590605668,0.480009156,2.4,0,87.4,967.7,129.986,131.485,0.506650836,0,0,6.601,9.1,0.862151338,10.164,0.877263478,1024.4,1.161,1,0,10,0,0,0
2023-12-10 20:50,0.899557779,0.436801788,0.480009156,3.2,0,85.9,967.4,129.986,131.519,0.564736566,0,0,6.627,9.2,0.825271235,10.333,0.877263478,1024.1,1.16,1,0,10,0,0,0
2023-12-10 21:00,0.891006524,0.4539905,0.480009156,2.5,0,86.5,967.7,129.986,131.533,0.506078925,0,0,6.237,9.3,0.862487172,10.298,0.877263478,1024.4,1.161,1,0,10,0,0,0
2023-12-10 21:10,0.878817113,0.47715876,0.480009156,2.4,0,87.1,967.9,129.986,131.557,0.582179734,0,0,5.199,9.3,0.813060119,10.397,0.877263478,1024.6,1.16,1,0,10,0,0,0
2023-12-10 21:20,0.853550797,0.521009632,0.566132915,2.3,0,86.3,968.2,135.779,131.584,0.657533057,0,0,4.861,9.3,0.753425695,10.466,0.824313971,1024.9,1.16,1,0,10,0,0,0
2023-12-10 21:30,0.759271307,0.650774217,0.591956913,1.4,0,85.4,968,137.596,131.622,0.667741616,0,0,4.514,9.4,0.744393132,10.507,0.805969611,1024.7,1.16,1,0,10,0,0,0
2023-12-10 21:40,0.722967146,0.690882411,0.591956913,1.3,0,84.8,968,137.596,131.662,0.560031844,0,0,5.228,9.5,0.828471082,10.422,0.805969611,1024.6,1.16,1,0,10,0,0,0
2023-12-10 21:50,0.893371388,0.449318999,0.591956913,1.2,0,83.6,968,137.596,131.705,0.518235999,0,0,4.318,9.6,0.855237657,10.572,0.805969611,1024.6,1.16,1,0,10,0,0,0
2023-12-10 22:00,0.860742027,0.509041416,0.523301927,1.5,0,85.2,968.2,132.849,131.738,0.375075835,0,0,4.027,9.6,0.92699413,10.532,0.852147342,1024.8,1.16,1,0,10,0,0,0
2023-12-10 22:10,0.887815385,0.460199785,0.397596343,1.6,0,86.2,968.2,124.73,131.762,0.498548259,0,0,3.764,9.5,0.866861946,10.629,0.917560433,1024.8,1.159,1,0,10,0,0,0
2023-12-10 22:20,0.917060074,0.398749069,0.53815309,1.3,0,86.6,968.1,133.842,131.808,0.752610313,0,0,3.377,9.7,0.658466185,11.151,0.84284711,1024.7,1.157,1,0,10,0,0,0
2023-12-10 22:30,0.848048096,0.529919264,0.676567575,0.5,0,86.1,968,143.876,131.876,0.738372954,0,0,5.07,9.7,0.674392602,11.284,0.736380552,1024.6,1.157,1,0,10,0,0,0
2023-12-10 22:40,0.825113498,0.564967003,0.676567575,1.6,0,85.7,967.8,143.876,131.966,0.739595855,0,0,6.063,9.8,0.67305124,11.308,0.736380552,1024.3,1.157,1,0,10,0,0,0
2023-12-10 22:50,0.931691228,0.36325123,0.709496944,2.3,0,82.9,967.7,146.495,132.037,0.794796089,0,0,6.141,10.1,0.606876574,11.435,0.704708512,1024.1,1.156,1,0,10,0,0,0
2023-12-10 23:00,0.670426619,0.741975841,0.768127092,0.9,0,82.4,967.6,151.486,132.083,0.768093565,0,0,6.239,9.9,0.640337626,11.223,0.640297407,1024.1,1.157,1,0,10,0,0,0
2023-12-10 23:10,0.768283524,0.640109699,0.755899177,2.4,0,81.3,967.7,150.402,132.034,0.633124223,0,0,6.959,10,0.774050204,10.906,0.654688044,1024.2,1.158,1,0,10,0,0,0
2023-12-10 23:20,0.64678978,0.76266833,0.663430108,1.9,0,80.9,967.8,142.86,131.829,0.548789395,0,0,6.807,10.2,0.835960645,10.648,0.748238259,1024.2,1.159,1,0,10,0,0,0
2023-12-10 23:30,0.880477354,0.474088209,0.567800645,1.5,0,82.3,967.8,135.897,131.722,0.534012996,0,0,6.379,10.2,0.845476268,10.742,0.8231661,1024.2,1.159,1,0,10,0,0,0
2023-12-10 23:40,0.792289643,0.610145164,0.567800645,1.9,0,82.8,967.5,135.897,131.693,0.59054933,0,0,7.081,10.2,0.807001542,10.742,0.8231661,1023.9,1.159,1,0,10,0,0,0
2023-12-10 23:50,0.7193398,0.69465837,0.548147262,2.6,0,84.2,967.6,134.536,131.553,0.425115904,0,0,7.51,10.2,0.905138922,10.503,0.836381838,1024,1.16,1,0,10,0,0,0
2023-12-11 0:00,0.872069272,0.489382452,0.451485,3.2,0,83.6,967.4,128.139,131.426,0.473089034,0,0,7.363,10.4,0.881014623,10.487,0.892278709,1023.7,1.16,1,0,10,0,0,0
2023-12-11 0:10,0.796529918,0.604599115,0.451485,2,0,84.5,967.2,128.139,131.382,0.525620138,0,0,7.461,10.5,0.850719384,10.387,0.892278709,1023.5,1.16,1,0,10,0,0,0
2023-12-11 0:20,0.826098294,0.563526049,0.451485,2.2,0,85.8,967.1,128.139,131.367,0.531309866,0,0,7.287,10.5,0.847177565,10.341,0.892278709,1023.4,1.16,1,0,10,0,0,0
2023-12-11 0:30,0.633380873,0.77384021,0.516563218,1.4,0,88.4,967.1,132.407,131.378,0.670258253,0,0,7.9,10.4,0.742127937,10.463,0.856249054,1023.4,1.16,1,0,10,0,0,0
2023-12-11 0:40,0.690882411,0.722967146,0.65040309,2.3,0,91.3,967.1,141.87,131.289,0.756378885,0,0,8.466,10.5,0.654133765,10.359,0.759589245,1023.4,1.16,1,0,10,0,0,0
2023-12-11 0:50,0.813100761,0.58212297,0.718138444,1.9,0,93.1,967,147.201,130.953,0.791223533,0,0,8.066,10.5,0.61152704,10.326,0.695900263,1023.3,1.161,1,0,10,0,0,0
2023-12-11 1:00,0.829037573,0.559192903,0.788944688,0.9,0,94.4,966.9,153.385,130.881,0.789833987,0,0,6.583,10.5,0.613320694,10.519,0.614464222,1023.2,1.16,1,0,10,0,0,0
2023-12-11 1:10,0.720551112,0.693401828,0.804728052,1.7,0,95.5,966.9,154.884,130.829,0.846425597,0,0,8.198,10.5,0.532507004,10.537,0.593643632,1023.2,1.16,1,0,10,0,0,0
2023-12-11 1:20,0.715692734,0.698415285,0.804728052,3.7,0,96.7,966.8,154.884,130.665,0.844281163,0,0,9.506,10.6,0.535900474,10.719,0.593643632,1023.1,1.159,1,0,10,0,0,0
2023-12-11 1:30,-0.894154237,-0.447759088,0.804728052,1.4,0,97.1,966.7,154.884,130.447,0.859031383,0,0,8.422,10.4,0.511922926,10.86,0.593643632,1023,1.158,1,0,10,0,0,0
2023-12-11 1:40,0.86949493,0.493941867,0.804728052,2.4,0,97.8,966.6,154.884,130.139,0.853523516,2,0,8.311,10.6,0.521054323,10.83,0.593643632,1022.8,1.158,1,0,10,0,0,0
2023-12-11 1:50,0.519519112,0.85445883,0.869606979,1.5,0,97.9,966.8,161.712,130.153,0.991583264,1.5,0,7.464,10.7,0.129470576,10.933,0.493744572,1023,1.158,1,0,10,0,0,0
2023-12-11 2:00,0.518027009,0.85536426,0.960813027,1.2,0,98.1,966.6,175.194,130.147,0.959002944,1,0,7.674,11,0.283396107,10.973,0.27719727,1022.7,1.158,1,0,10,0,0,0
2023-12-11 2:10,-0.088894297,-0.996041065,0.970113893,1.8,0,98.1,966.5,177.257,129.96,0.978760181,0.5,0,10.732,11.1,0.205008558,10.941,0.242650026,1022.6,1.158,1,0,10,0,0,0
2023-12-11 2:20,0.245307386,-0.96944535,0.969855005,1.3,0,98.2,966.4,177.196,129.705,0.962889848,0,0,9.687,11.2,0.269894683,10.931,0.243682721,1022.5,1.158,1,0,10,0,0,0
2023-12-11 2:30,0.939692621,0.342020143,0.969855005,3.1,0,98.3,966.3,177.196,128.988,0.938318131,0,0,10.14,11.2,0.345773169,10.878,0.243682721,1022.4,1.158,1,0,10,0,0,0
2023-12-11 2:40,0.748955721,-0.662620048,0.969855005,1.9,0,98.3,966.3,177.196,129.137,0.93014225,0,0,9.239,11.2,0.367199394,10.965,0.243682721,1022.4,1.158,1,0,10,0,0,0
2023-12-11 2:50,0.99897057,0.045362988,0.969855005,2.4,0,98.4,966.3,177.196,128.956,0.97886025,0.5,0,10.623,11.2,0.204530221,10.982,0.243682721,1022.4,1.158,1,0,10,0,0,0
2023-12-11 3:00,0.990023658,0.140901232,0.969855005,1.7,0,98.4,966.3,177.196,128.81,0.965144509,0,0,10.095,11.2,0.261717551,10.976,0.243682721,1022.4,1.158,1,0,10,0,0,0
2023-12-11 3:10,0.913545458,0.406736643,0.969855005,1.6,0,98.4,966.2,177.196,128.648,0.949671794,0,0,11.047,11.2,0.313246682,10.944,0.243682721,1022.2,1.158,1,0,10,0,0,0
2023-12-11 3:20,0.99505557,0.09931975,0.969855005,2.1,0,98.5,966.1,177.196,128.411,0.938082554,0,0,11.04,11.2,0.346411781,10.906,0.243682721,1022.1,1.158,1,0,10,0,0,0
2023-12-11 3:30,0.987959866,-0.154710386,0.969855005,2.3,0,98.5,965.9,176.606,128.228,0.942647317,0.5,0,12.136,11.3,0.333790407,10.983,0.243682721,1021.9,1.158,1,0,10,0,0,0
2023-12-11 3:40,0.731353702,0.68199836,0.969855005,2.4,0,98.6,965.7,177.196,128.085,0.950808115,0,0,11.837,11.2,0.309780452,10.976,0.243682721,1021.7,1.158,1,0,10,0,0,0
2023-12-11 3:50,0.949972052,0.312334919,0.969855005,2.6,0,98.6,965.6,177.196,127.927,0.978519781,0,0,10.331,11.3,0.206152951,10.913,0.243682721,1021.6,1.158,1,0,10,0,0,0
2023-12-11 4:00,0.991444861,0.130526192,0.969855005,2.8,0,98.6,965.4,177.196,127.788,0.957238747,0.5,0,11.239,11.3,0.28929912,10.972,0.243682721,1021.4,1.158,1,0,10,0,0,0
2023-12-11 4:10,-0.89725837,-0.441505853,0.969855005,2.3,0,98.6,965.3,177.196,127.723,0.982189003,1,0,9.865,11.2,0.187895613,11.017,0.243682721,1021.3,1.158,1,0,10,0,0,0
2023-12-11 4:20,0.745476,0.66653247,0.990980861,1.6,0,98.7,965.1,183.597,127.807,0.999588378,0.5,0,9.727,11.2,-0.028689276,11.033,0.134003481,1021.1,1.158,1,0,10,0,0,0
2023-12-11 4:30,0.891006524,0.4539905,0.993728949,1.8,0,98.6,965,184.88,127.796,0.998595529,0.5,0,13.552,11.2,0.052980832,10.913,0.111815816,1021,1.158,1,0,10,0,0,0
2023-12-11 4:40,0.192521967,-0.981292664,0.993728949,2.4,0,98.7,964.9,184.88,127.573,0.993795126,0,0,12.773,11.3,0.111226106,10.909,0.111815816,1020.8,1.158,1,0,10,0,0,0
2023-12-11 4:50,0.847121921,-0.53139858,0.993728949,2.2,0,98.8,964.9,184.88,127.433,0.989353767,0,0,14.25,11.3,0.145530492,10.989,0.111815816,1020.8,1.158,1,0,10,0,0,0
2023-12-11 5:00,0.690882411,-0.722967146,0.993728949,2.9,0,98.7,964.7,184.88,127.311,0.997216453,0,0,12.485,11.3,0.07456102,10.974,0.111815816,1020.6,1.158,1,0,10,0,0,0
2023-12-11 5:10,-0.674302388,-0.738455341,0.993728949,1.7,0,98.8,964.8,184.88,127.161,0.999506012,0,0,11.502,11.4,0.031428204,11.007,0.111815816,1020.7,1.158,1,0,10,0,0,0
2023-12-11 5:20,0.118403968,-0.992965508,0.993728949,2,0,98.7,964.7,184.88,127.12,0.991943159,0.5,0,10.775,11.4,0.126683739,11.048,0.111815816,1020.6,1.158,1,0,10,0,0,0
2023-12-11 5:30,0.515038075,0.857167301,0.993728949,3.4,0,98.8,964.8,184.88,127.128,0.999591377,0,0,11.065,11.4,0.028584599,11.133,0.111815816,1020.7,1.157,1,0,10,0,0,0
2023-12-11 5:40,0.455544907,-0.890212805,0.993728949,2.2,0,98.8,964.6,184.88,127.124,0.999457713,1,0,11.455,11.4,0.032928409,10.97,0.111815816,1020.5,1.158,1,0,10,0,0,0
2023-12-11 5:50,-0.387515586,-0.921863152,0.993728949,1.2,0,98.8,964.5,184.88,127.038,0.995339147,1,0,13.715,11.4,0.096436416,10.845,0.111815816,1020.4,1.158,1,0,10,0,0,0
2023-12-11 6:00,0.902585284,0.430511097,0.993728949,1.3,0,98.8,964.5,184.88,127.006,0.985703469,1,0,14.045,11.4,0.16848938,10.803,0.111815816,1020.4,1.159,1,0,10,0,0,0
2023-12-11 6:10,0.133986185,-0.9909832,0.993728949,2.3,0,98.8,964.4,184.88,126.992,0.986475068,1.5,0,12.575,11.1,0.163911377,10.802,0.111815816,1020.4,1.159,1,0,10,0,0,0
2023-12-11 6:20,0.993960955,-0.109734311,0.993728949,4,0,98.9,964.5,184.88,126.883,0.976360183,1.5,0,13.022,11.2,0.216149932,10.815,0.111815816,1020.4,1.159,1,0,10,0,0,0
2023-12-11 6:30,-0.978867389,-0.204496052,0.993728949,1.4,0,98.9,964.4,184.88,126.819,0.98280991,0.5,0,12.255,11.2,0.184620371,10.903,0.111815816,1020.3,1.158,1,0,10,0,0,0
2023-12-11 6:40,0.901077021,0.433659085,0.993728949,3.4,0,98.9,964.5,184.88,126.794,0.984573497,1,0,12.418,11.2,0.174971507,10.888,0.111815816,1020.4,1.158,1,0,10,0,0,0
2023-12-11 6:50,0.94776841,-0.318959309,0.993728949,2.6,0,98.9,964.5,184.88,126.752,0.996375052,0.5,0,12.433,11.2,0.085069128,10.78,0.111815816,1020.4,1.159,1,0,10,0,0,0
2023-12-11 7:00,0.09931975,-0.99505557,0.993728949,1.5,0,98.9,964.7,184.88,126.699,0.994304511,0,0,14.211,11.2,0.106576447,10.829,0.111815816,1020.7,1.158,1,0,10,0,0,0
2023-12-11 7:10,0.927836254,0.372987783,0.993728949,2.1,0,98.9,964.5,184.88,126.725,0.994376825,0,0,12.906,11.2,0.10589962,10.845,0.111815816,1020.4,1.158,1,0,10,0,0,0
2023-12-11 7:20,-0.86949493,-0.493941867,0.993728949,1.8,0,98.9,964.7,184.88,126.74,0.995716634,0,0,14.004,11.2,0.09245748,10.811,0.111815816,1020.7,1.159,1,0,10,0,0,0
2023-12-11 7:30,-0.245307386,-0.96944535,0.993728949,2.1,0,98.9,964.6,184.88,126.696,0.995950568,0,0,12.563,11.1,0.089902535,10.718,0.111815816,1020.6,1.159,1,0,10,0,0,0
2023-12-11 7:40,-0.880477354,-0.474088209,0.993728949,2,0,98.9,964.7,184.88,126.639,0.987105552,0,0,12.105,11.1,0.160070701,10.768,0.111815816,1020.7,1.159,1,0,10,0,0,0
2023-12-11 7:50,0.376224263,-0.926528631,0.993728949,2.3,0,99,964.5,184.88,126.607,0.995131549,0,0,12.458,11.1,0.098555573,10.776,0.111815816,1020.5,1.159,1,0,10,0,0,0
2023-12-11 8:00,0.882126866,0.471011881,0.993728949,2.7,0,98.9,964.5,184.88,126.575,0.999926855,0,0,12.696,11.1,0.012094837,10.669,0.111815816,1020.5,1.159,1,0,10,0,0,0
2023-12-11 8:10,-0.843391446,-0.537299608,0.993728949,1.7,0,99,964.5,184.88,126.549,0.99905885,0,0,14.108,11,0.043375273,10.693,0.111815816,1020.5,1.159,1,0,10,0,0,0
2023-12-11 8:20,0.835807361,0.549022818,0.993728949,3.4,0,99,964.5,184.88,126.606,0.999282218,0.5,0,14.299,11,0.037882032,10.728,0.111815816,1020.5,1.159,1,0,10,0,0,0
2023-12-11 8:30,0.985109326,0.1719291,0.993728949,3.6,0,99,964.3,184.88,126.662,0.997531068,0,0,13.222,11,0.070226557,10.648,0.111815816,1020.3,1.159,1,0,10,0,0,0
2023-12-11 8:40,0.478691858,-0.877982975,0.993728949,3.5,0,99,964.5,184.88,126.578,0.994350919,0,0,13.114,11,0.106142589,10.648,0.111815816,1020.5,1.159,1,0,10,0,0,0
2023-12-11 8:50,0.993960955,-0.109734311,0.993728949,1.9,0,99,964.4,184.88,126.566,0.993062301,0,0,14.519,11,0.117589394,10.754,0.111815816,1020.4,1.159,1,0,10,0,0,0
2023-12-11 9:00,0.54317445,-0.839619865,0.993728949,1.4,0,99,964.5,184.88,126.71,0.997815327,0,0,16.331,11,0.06606492,10.81,0.111815816,1020.5,1.159,1,0,10,0,0,0
2023-12-11 9:10,-0.785856893,0.618408395,0.993728949,2.7,0,99,964.7,184.88,126.76,0.999584362,0,0,14.64,11,0.028828844,10.714,0.111815816,1020.7,1.159,1,0,10,0,0,0
2023-12-11 9:20,0.975916762,-0.218143241,0.993728949,1.8,0,99,964.8,184.88,126.764,0.998788166,0.5,0,14.945,11.1,0.049215848,10.804,0.111815816,1020.8,1.159,1,0,10,0,0,0
2023-12-11 9:30,0.993960955,-0.109734311,0.993728949,3,0,99,964.4,184.88,126.816,0.99999921,0,0,14.111,11.1,-0.001256637,10.808,0.111815816,1020.4,1.159,1,0,10,0,0,0
2023-12-11 9:40,-0.724171861,-0.689619544,0.993728949,1.9,0,99,964.3,184.88,126.911,0.994004926,0,0,16.749,11.1,0.109335301,10.783,0.111815816,1020.3,1.159,1,0,10,0,0,0
2023-12-11 9:50,-0.255445758,-0.966823389,0.993728949,1.8,0,99,964.4,184.88,126.908,0.999937224,0,0,15.363,11.1,0.011204779,10.668,0.111815816,1020.4,1.159,1,0,10,0,0,0
2023-12-11 10:00,0.725374371,0.688354576,0.993728949,2.9,0,99.1,964.3,184.88,126.963,0.996247753,0,0,15.379,11.1,0.086547186,10.792,0.111815816,1020.3,1.159,1,0,10,0,0,0
2023-12-11 10:10,0.867765453,-0.496973961,0.993728949,2.5,0,99,964.3,184.88,127.062,0.993091004,0,0,16.384,11.1,0.11734674,10.826,0.111815816,1020.3,1.158,1,0,10,0,0,0
2023-12-11 10:20,0.832921241,-0.553391549,0.993728949,2.3,0,99,964.2,184.88,127.082,0.999148944,0,0,15.237,11.1,0.041247878,10.723,0.111815816,1020.2,1.159,1,0,10,0,0,0
2023-12-11 10:30,-0.943222658,-0.332161132,0.993728949,3.7,0,99.1,963.8,184.88,127.131,0.990806963,0,0,18.556,11.1,0.135283264,10.753,0.111815816,1019.7,1.159,1,0,10,0,0,0
2023-12-11 10:40,0.99912283,0.041875654,0.993728949,3.1,0,99,963.5,184.88,127.349,0.997507725,0,0,16.591,11,0.070557347,10.82,0.111815816,1019.4,1.158,1,0,10,0,0,0
2023-12-11 10:50,0.9547608,0.297374874,0.993728949,3.7,0,99.1,963.5,184.88,127.539,0.995561965,0.5,0,17.29,11,0.094108313,10.752,0.111815816,1019.4,1.159,1,0,10,0,0,0
2023-12-11 11:00,0.988493887,-0.15126082,0.993728949,2.4,0,99,963.2,184.88,127.49,0.987916624,0,0,16.784,11,0.154986271,10.661,0.111815816,1019.1,1.159,1,0,10,0,0,0
2023-12-11 11:10,0.932323801,-0.36162457,0.993728949,2.6,0,99.1,962.9,184.88,127.511,0.9971589,0,0,16.411,11,0.075326806,10.682,0.111815816,1018.8,1.159,1,0,10,0,0,0
2023-12-11 11:20,0.999902524,-0.01396218,0.993728949,2.8,0,99,962.7,184.88,127.607,0.991217848,0,0,17.293,10.9,0.13223909,10.742,0.111815816,1018.6,1.159,1,0,10,0,0,0
2023-12-11 11:30,0.71447268,-0.699663341,0.993728949,4,0,99.1,962.4,184.88,127.633,0.999589379,0,0,15.172,10.9,0.028654384,10.643,0.111815816,1018.3,1.159,1,0,10,0,0,0
2023-12-11 11:40,0.689619544,-0.724171861,0.993728949,3.2,0,99,962.3,184.88,127.501,0.999402948,1,0,15.162,11,0.034550641,10.739,0.111815816,1018.2,1.159,1,0,10,0,0,0
2023-12-11 11:50,-0.170209499,0.985407898,0.993728949,2.5,0,99.1,961.7,184.88,127.538,0.997924619,1,0,15.796,11,0.064392972,10.796,0.111815816,1017.5,1.159,1,0,10,0,0,0
2023-12-11 12:00,0.946085359,0.323917418,0.993728949,4.7,0,99.1,961.4,184.88,127.615,0.994583749,0.5,0,16.389,10.9,0.103938284,10.727,0.111815816,1017.3,1.159,1,0,10,0,0,0
2023-12-11 12:10,-0.204496052,-0.978867389,0.993728949,2.3,0,99.1,961.3,184.88,127.524,0.996539438,1,0,14.995,10.9,0.083121284,10.663,0.111815816,1017.1,1.159,1,0,10,0,0,0
2023-12-11 12:20,0.844327926,-0.535826795,0.993728949,3.3,0,99.1,961,184.88,127.524,0.991778714,0.5,0,16.18,11,0.127964771,10.731,0.111815816,1016.8,1.159,1,0,10,0,0,0
2023-12-11 12:30,0.988228381,0.152985836,0.993728949,3.3,0,99.1,960.7,184.88,127.554,0.995645338,1.5,0,16.389,11,0.093222109,10.753,0.111815816,1016.5,1.159,1,0,10,0,0,0
2023-12-11 12:40,0.993767919,-0.111468932,0.993728949,2.9,0,99.1,960.3,184.88,127.615,0.998815497,1,0,15.645,11,0.048658012,10.739,0.111815816,1016.1,1.159,1,0,10,0,0,0
2023-12-11 12:50,0.213030386,-0.977045574,0.993728949,2.8,0,99.2,960.1,184.88,127.544,0.994518246,0.5,0,17.241,11,0.104563179,10.779,0.111815816,1015.8,1.159,1,0,10,0,0,0
2023-12-11 13:00,0.79863551,-0.601815023,0.993728949,3.8,0,99.1,960.1,184.88,127.626,0.987859752,0.5,0,17.369,11.1,0.155348351,10.801,0.111815816,1015.8,1.159,1,0,10,0,0,0
2023-12-11 13:10,0.147809411,-0.989015863,0.993728949,3.2,0,99.1,959.9,184.88,127.688,0.999778852,1,0,14.813,11.1,0.021029667,10.854,0.111815816,1015.6,1.158,1,0,10,0,0,0
2023-12-11 13:20,0.333806859,-0.942641491,0.993728949,2.3,0,99.2,959.9,184.88,127.514,0.993174722,1.5,0,14.708,11.2,0.116636069,10.831,0.111815816,1015.6,1.158,1,0,10,0,0,0
2023-12-11 13:30,0.697165103,-0.716910608,0.993728949,3.8,0,99.2,959.6,184.88,127.458,0.998304435,2,0,14.738,11.2,0.058208716,10.876,0.111815816,1015.3,1.158,1,0,10,0,0,0
2023-12-11 13:40,0.942057453,0.33545157,0.993728949,3.9,0,99.1,959.4,184.88,127.477,0.999636928,1.5,0,14.322,11.2,0.026944622,10.968,0.111815816,1015.1,1.158,1,0,10,0,0,0
2023-12-11 13:50,0.740804596,-0.671720589,0.993728949,2.5,0,99.2,959.2,184.88,127.511,0.999832084,1,0,13.855,11.2,0.018324931,10.987,0.111815816,1014.8,1.158,1,0,10,0,0,0
2023-12-11 14:00,-0.993372766,0.11493715,0.999595358,2,0,99.1,959.1,189.669,127.377,0.999864275,1.5,0,13.452,11.2,0.016475163,10.836,0.02844503,1014.7,1.158,1,0,10,0,0,0
2023-12-11 14:10,0.887815385,-0.460199785,0.998302403,2.1,0,99.1,959.1,187.965,127.279,0.984868308,2.5,0,14.743,11.2,0.173304404,10.952,0.058243563,1014.7,1.158,1,0,10,0,0,0
2023-12-11 14:20,0.89571176,-0.444635179,0.993583705,3,0,99.2,958.7,184.806,127.281,0.99712726,2.5,0,15.167,11.3,0.075744488,11.053,0.113099167,1014.3,1.158,1,0,10,0,0,0
2023-12-11 14:30,0.584957675,-0.811063819,0.999857581,2.9,0,99.2,958.3,190.331,127.24,0.997302961,2,0,13.356,11.2,-0.073394854,10.753,0.016876533,1013.9,1.159,1,0,10,0,0,0
2023-12-11 14:40,-0.411514359,-0.911403277,0.999975018,1.6,0,99.2,958.4,191.706,127.11,0.99055738,0.5,0,15.49,11.3,0.137098785,10.742,-0.007068525,1014,1.159,1,0,10,0,0,0
2023-12-11 14:50,0.564967003,-0.825113498,0.993872535,2.8,0,99.1,957.9,184.954,127.121,0.999281557,1.5,0,14.246,11,0.037899473,10.915,0.110532279,1013.5,1.158,1,0,10,0,0,0
2023-12-11 15:00,0.623879597,-0.781520472,0.999999872,2.6,0,99.1,957.8,191.267,127.212,0.999807583,2,0,14.661,11.1,-0.019616243,10.805,0.000506145,1013.4,1.159,1,0,10,0,0,0
2023-12-11 15:10,0.547563223,0.836764313,0.99972775,4.1,0,99.3,957.4,192.637,127.165,0.996267364,2.5,0,16.543,11,0.086321142,10.647,-0.023332934,1013,1.159,1,0,10,0,0,0
2023-12-11 15:20,-0.569279523,-0.822144041,0.99972775,2.2,0,99.2,957.4,192.637,127.12,0.998232575,2,0,14.702,11.1,0.059428331,10.863,-0.023332934,1013,1.158,1,0,10,0,0,0
2023-12-11 15:30,-0.597625147,0.801775644,0.999915012,2.4,0,99.1,957.8,190.551,127.079,0.987510236,1.5,0,15.495,11,0.157554861,10.567,0.01303724,1013.4,1.16,1,0,10,0,0,0
2023-12-11 15:40,0.973578903,-0.22835087,0.993872535,2.7,0,99.1,958,184.954,126.983,0.967396067,2,0,13.33,11,0.253268334,10.515,0.110532279,1013.6,1.16,1,0,10,0,0,0
2023-12-11 15:50,0.868631514,-0.495458668,0.970321055,1.7,0,99.2,957.7,177.307,126.915,0.973066333,3,0,14.052,11,0.230525295,10.761,0.241820285,1013.3,1.159,1,0,10,0,0,0
2023-12-11 16:00,0.66653247,0.745476,0.976818218,2.8,0,99.2,957.3,178.941,126.995,0.998646835,3.5,0,13.654,11.1,0.052004795,10.755,0.214070478,1012.9,1.159,1,0,10,0,0,0
2023-12-11 16:10,0.99912283,0.041875654,0.993583705,2,0,99.2,957.9,184.806,127.087,0.992518475,2.5,0,12.001,11.1,0.122094542,10.884,0.113099167,1013.5,1.158,1,0,10,0,0,0
2023-12-11 16:20,0.878817113,0.47715876,0.993583705,2.7,0,99.2,957.7,184.806,127.036,0.992713243,3.5,0,13.551,11.1,0.120500695,10.841,0.113099167,1013.3,1.158,1,0,10,0,0,0
2023-12-11 16:30,0.670426619,0.741975841,0.988265733,3,0,99.2,957.4,182.513,126.936,0.952565919,2,0,15.727,11.1,0.304332333,10.741,0.152744362,1013,1.159,1,0,10,0,0,0
2023-12-11 16:40,0.779337965,0.626603811,0.969855005,2.9,0,99.1,957.3,177.196,126.933,0.922430288,1.5,0,15.017,11,0.386163649,10.822,0.243682721,1012.9,1.158,1,0,10,0,0,0
2023-12-11 16:50,0.732542899,0.680720869,0.930922019,3.9,0,99.2,956.5,169.874,126.984,0.974550353,2,0,15.082,11,0.224168708,10.898,0.36521801,1012,1.158,1,0,10,0,0,0
2023-12-11 17:00,0.987688341,0.156434465,0.971969208,2.6,0,99.2,956.9,177.696,127.228,0.999964615,2,0,12.709,11.2,0.008412388,10.534,0.235108185,1012.4,1.16,1,0,10,0,0,0
2023-12-11 17:10,-0.90408255,-0.427357863,0.999628414,2.2,0,99.2,956.9,189.732,127.187,0.996980003,2,0,12.603,11.2,-0.077658694,10.108,0.027258666,1012.4,1.161,1,0,10,0,0,0
2023-12-11 17:20,-0.819152044,0.573576436,0.99712726,2.1,0,99.2,956.8,195.643,127.021,0.985791555,2.5,0,10.81,10.8,-0.167973243,10.195,-0.075744488,1012.4,1.161,1,0,10,0,0,0
2023-12-11 17:30,0.839619865,-0.54317445,0.994239222,2.1,0,99.2,956.2,197.452,126.941,0.998989484,2.5,0,14.193,10.9,0.044944536,10.609,-0.107183813,1011.8,1.159,1,0,10,0,0,0
2023-12-11 17:40,0.998806137,-0.04884977,0.999587877,4.9,0,99.2,956.4,189.652,126.903,0.974854623,1.5,0,14.731,11.2,0.222841789,10.759,0.028706722,1011.9,1.159,1,0,10,0,0,0
2023-12-11 17:50,0.936672189,-0.350207381,0.981869495,2.3,0,99.3,956.3,180.373,126.833,0.952188064,0.5,0,15.654,11.2,0.305512504,10.599,0.189558159,1011.8,1.159,1,0,10,0,0,0
2023-12-11 18:00,0.818149717,0.575005252,0.981869495,3.8,0,99.2,956,180.373,126.799,0.972605737,2,0,14.005,11.1,0.232460923,10.718,0.189558159,1011.5,1.159,1,0,10,0,0,0
2023-12-11 18:10,0.923210217,0.384295323,0.981869495,3,0,99.2,955.8,180.373,126.819,0.980439855,1,0,15.311,11,0.196818929,10.649,0.189558159,1011.3,1.159,1,0,10,0,0,0
2023-12-11 18:20,0.849892693,0.526955795,0.981869495,3.6,0,99.3,955.6,180.373,126.789,0.95488528,2,0,12.449,11,0.296974919,10.674,0.189558159,1011.1,1.159,1,0,10,0,0,0
2023-12-11 18:30,0.554844427,0.831954122,0.95578275,3,0,99.3,955.6,174.2,126.721,0.949682728,1,0,12.337,11,0.313213532,10.752,0.294073689,1011.1,1.159,1,0,10,0,0,0
2023-12-11 18:40,0.740804596,0.671720589,0.9446859,2.9,0,99.2,955.6,172.153,126.735,0.879673475,2,0,15.062,11,0.47557815,10.757,0.327976447,1011.1,1.159,1,0,10,0,0,0
2023-12-11 18:50,-0.966823389,-0.255445758,0.902908125,2.1,0,99.2,955.3,165.847,126.845,0.98534247,2,0,13.378,11,0.170587856,10.825,0.429833593,1010.8,1.158,1,0,10,0,0,0
2023-12-11 19:00,-0.019197442,-0.999815712,0.976110549,1.5,0,99.2,955.1,178.752,127.169,0.999805523,2,0,11.8,11.1,0.019720942,10.867,0.217274474,1010.5,1.158,1,0,10,0,0,0
2023-12-11 19:10,0.709570737,-0.70463421,0.999860803,1.9,0,99.3,955,190.344,127.2,0.985638701,2.5,0,13.944,11.2,0.16886785,10.643,0.016684573,1010.4,1.159,1,0,10,0,0,0
2023-12-11 19:20,-0.97154912,0.236838146,0.988565057,2.5,0,99.2,954.9,182.627,127.052,0.956747601,1,0,13.364,11.2,0.29091928,10.68,0.150794987,1010.3,1.159,1,0,10,0,0,0
2023-12-11 19:30,0.980271175,-0.19765734,0.961918024,1.1,0,99.3,955.8,175.439,126.97,0.95467772,2.5,0,10.96,11.2,0.297641482,10.826,0.273338096,1011.2,1.158,1,0,10,0,0,0
2023-12-11 19:40,0.549022818,0.835807361,0.979613836,1.8,0,99.2,955.6,179.71,127.175,0.983283521,1,0,8.947,11.1,-0.182081074,10.825,0.200889852,1011.1,1.158,1,0,10,0,0,0
2023-12-11 19:50,0.932323801,0.36162457,0.994435816,1.3,0,99.3,955.9,197.314,127.653,0.979162599,2.5,0,7.687,11.1,-0.203077828,10.606,-0.105344239,1011.4,1.159,1,0,10,0,0,0
2023-12-11 20:00,0.767165152,0.641449632,0.99459644,1.4,0,99.3,955.7,197.266,127.726,0.941969599,1,0,8.323,11.1,0.335698188,10.739,-0.103816772,1011.2,1.159,1,0,10,0,0,0
2023-12-11 20:10,0.699663341,0.71447268,0.976034646,1.3,0,99.2,955.5,178.728,127.594,0.830216654,1.5,0,8.865,11,0.557440856,10.612,0.217615188,1011,1.159,1,0,10,0,0,0
2023-12-11 20:20,0.943222658,0.332161132,0.882972173,2.2,0,99.3,955.6,162.77,127.517,0.846090846,1,0,8.543,10.8,0.533038724,10.498,0.469425331,1011.1,1.16,1,0,10,0,0,0
2023-12-11 20:30,0.997185134,0.074978727,0.821248805,1.7,0,99.2,955.4,155.988,127.604,0.816983896,0.5,0,8.725,10.8,0.576660484,10.445,0.570570241,1010.9,1.16,1,0,10,0,0,0
2023-12-11 20:40,0.803856861,0.594822787,0.843906828,2.5,0,99.3,955.1,158.857,127.781,0.924911409,0.5,0,8.219,10.8,0.3801827,10.502,0.536489763,1010.6,1.16,1,0,10,0,0,0
2023-12-11 20:50,0.674302388,0.738455341,0.915142697,2.6,0,99.2,955.1,167.534,127.953,0.973884905,2,0,6.808,10.9,0.227042268,10.473,0.403130059,1010.6,1.16,1,0,10,0,0,0
2023-12-11 21:00,0.914253955,0.405141587,0.964961561,2.4,0,99.3,955.4,176.088,128.06,0.968125787,0.5,0,5.842,11,0.25046449,10.43,0.262391285,1010.9,1.16,1,0,10,0,0,0
2023-12-11 21:10,0.748955721,0.662620048,0.951347336,1.6,0,99.3,955.6,173.352,128.224,0.85353261,0.5,0,6.888,11,0.521039426,10.399,0.308120508,1011.1,1.16,1,0,10,0,0,0
2023-12-11 21:20,0.746638182,0.665230355,0.88054354,2.1,0,99.2,955.5,162.991,128.265,0.760587296,1,0,6.817,10.9,0.649235678,10.428,0.473965267,1011,1.16,1,0,10,0,0,0
2023-12-11 21:30,0.599023599,0.800731371,0.78234733,2.8,0,99.2,955.4,152.778,128.424,0.86272556,0.5,0,6.679,10.9,0.505672431,10.527,0.6228424,1010.9,1.16,1,0,10,0,0,0
2023-12-11 21:40,0.870355696,0.49242356,0.84888867,3.9,0,99.2,955,159.391,128.685,0.828441758,0.5,0,4.983,10.9,0.560075222,10.462,0.528571684,1010.5,1.16,1,0,10,0,0,0
2023-12-11 21:50,0.661311865,0.75011107,0.814864842,1.4,0,99.3,955.2,155.874,128.863,0.643789809,0,0,6.385,10.9,0.76520238,10.521,0.579651006,1010.7,1.16,1,0,10,0,0,0
2023-12-11 22:00,0.741975841,0.670426619,0.701643358,2,0,99.3,954.8,145.855,128.826,0.577586951,0.5,0,7.719,10.9,0.81632917,10.457,0.712528314,1010.3,1.16,1,0,10,0,0,0
2023-12-11 22:10,0.601815023,0.79863551,0.599205263,4.6,0,99.3,954.5,138.113,128.79,0.573304764,0.5,0,9.305,10.8,0.819342204,10.423,0.800595436,1010,1.16,1,0,10,0,0,0
2023-12-11 22:20,0.755853469,0.654740814,0.59313789,3.4,0,99.3,954.7,137.679,128.736,0.454456967,1,0,8.105,10.8,0.890768693,10.422,0.805100891,1010.2,1.16,1,0,10,0,0,0
2023-12-11 22:30,0.79863551,0.601815023,0.48679282,4.1,0,99.3,955,130.43,128.689,0.358954465,0,0,9.429,10.6,0.933355073,10.342,0.873517459,1010.6,1.16,1,0,10,0,0,0
2023-12-11 22:40,0.807989884,0.589196357,0.48679282,6.8,0,99.2,954.8,130.43,128.559,0.42656874,0.5,0,11.064,10.5,0.904455145,10.186,0.873517459,1010.4,1.161,1,0,10,0,0,0
2023-12-11 22:50,0.707106781,0.707106781,0.48679282,6.6,0,99.2,954.6,130.43,128.396,0.405572374,0,0,12.33,10.4,0.914062935,10.069,0.873517459,1010.2,1.162,1,0,10,0,0,0
2023-12-11 23:00,0.680720869,0.732542899,0.455871157,7.1,0,99.3,954.7,128.419,128.126,0.298507797,0.5,0,11.993,10.3,0.954407196,9.876,0.890045779,1010.3,1.162,1,0,10,0,0,0
2023-12-11 23:10,0.76266833,0.64678978,0.363218708,5.5,0,99.3,955,122.598,127.904,0.336207794,0,0,13.982,10.2,0.941787831,9.78,0.931703907,1010.7,1.163,1,0,10,0,0,0
2023-12-11 23:20,0.693401828,0.720551112,0.363121138,7.3,0,99.3,954.7,122.184,127.773,0.367377962,0.5,0,15.059,10.1,0.930071736,9.637,0.931741938,1010.4,1.163,1,0,10,0,0,0
2023-12-11 23:30,0.727772758,0.685818353,0.363218708,7,0,99.3,954.7,122.598,127.618,0.368660004,0,0,13.968,9.9,0.929564307,9.325,0.931703907,1010.4,1.165,1,0,10,0,0,0
2023-12-11 23:40,0.6142852,0.789084085,0.363218708,4.3,0,99.3,955.2,122.598,127.394,0.323455035,0.5,0,15.566,9.8,0.946243542,9.117,0.931703907,1011,1.165,1,0,10,0,0,0
2023-12-11 23:50,0.66653247,0.745476,0.363218708,5,0,99.3,955.3,122.598,127.266,0.319918563,0,0,15.319,9.5,0.947445045,8.969,0.931703907,1011.2,1.166,1,0,10,0,0,0
2023-12-12 0:00,0.688354576,0.725374371,0.363218708,7,0,99.3,955.3,122.598,127.109,0.333247426,0,0,15.623,9.3,0.94283941,8.731,0.931703907,1011.2,1.167,1,0,10,0,0,0
2023-12-12 0:10,0.796529918,0.604599115,0.363218708,6.3,0,99.3,955.3,122.598,126.931,0.342676089,0,0,14.992,9.1,0.939453617,8.532,0.931703907,1011.3,1.168,1,0,10,0,0,0
2023-12-12 0:20,0.764921401,0.64412363,0.363218708,7.7,0,99.3,955.3,122.598,126.81,0.386839721,0.5,0,13.689,9,0.922146968,8.499,0.931703907,1011.3,1.168,1,0,10,0,0,0
2023-12-12 0:30,0.673012514,0.739631095,0.363039827,7.8,0,99.3,955.4,122.587,126.658,0.408234866,0,0,13.797,8.8,0.912876932,8.253,0.931773623,1011.3,1.169,1,0,2.167,0,0,0
2023-12-12 0:40,0.718126298,0.695912797,0.363218708,10.5,0,99.4,955.3,122.598,126.521,0.303118432,0,0,14.449,8.6,0.952952893,8.207,0.931703907,1011.2,1.169,1,0,10,0,0,0
2023-12-12 0:50,0.725374371,0.688354576,0.363218708,8.3,0,99.3,955.6,122.598,126.384,0.391261236,0,0,13.982,8.5,0.920279656,8.118,0.931703907,1011.5,1.17,1,0,10,0,0,0
2023-12-12 1:00,0.751264134,0.660001668,0.362584433,10.3,0,99.3,955.5,122.559,126.325,0.321571679,0,0,17.114,8.3,0.946885239,7.822,0.931950926,1011.5,1.171,1,0,10,0,0,0
2023-12-12 1:10,0.703394703,0.710799474,0.362031339,7.1,0,99.3,955.9,122.525,126.23,0.367248096,0,0,15.622,8.1,0.930123022,7.506,0.932165924,1012,1.172,1,0,10,0,0,0
2023-12-12 1:20,0.730162277,0.683273774,0.362031339,9.4,0,99.3,956,122.525,126.062,0.333444886,0,0,16.076,7.9,0.942769594,7.367,0.932165924,1012.1,1.173,1,0,10,0,0,0
2023-12-12 1:30,0.716910608,0.697165103,0.362031339,10.9,0,99.3,955.9,122.525,125.951,0.335500895,0.5,0,15.301,7.7,0.942039887,7.373,0.932165924,1012.1,1.173,1,0,10,0,0,0
2023-12-12 1:40,0.63742399,0.770513243,0.362031339,9.9,0,99.4,956.3,122.525,125.846,0.302053784,0,0,16.266,7.6,0.953290885,7.232,0.932165924,1012.5,1.173,1,0,10,0,0,0
2023-12-12 1:50,0.792289643,0.610145164,0.362031339,9.3,0,99.3,956.5,122.525,125.696,0.344937818,0,0,15.161,7.5,0.938625539,6.956,0.932165924,1012.8,1.174,1,0,10,0,0,0
2023-12-12 2:00,0.746638182,0.665230355,0.362031339,9,0,99.4,956.5,122.525,125.549,0.286691764,0,0,15.613,7.3,0.958022877,6.949,0.932165924,1012.8,1.175,1,0,10,0,0,0
2023-12-12 2:10,0.758134336,0.652098404,0.362031339,7,0,99.3,956.6,122.525,125.413,0.266616035,0,0,15.129,7.3,0.963802827,6.9,0.932165924,1012.9,1.175,1,0,10,0,0,0
2023-12-12 2:20,0.836764313,0.547563223,0.362031339,7.9,0,99.3,956.8,122.525,125.289,0.258009742,0,0,15.707,7,0.966142315,6.569,0.932165924,1013.2,1.176,1,0,10,0,0,0
2023-12-12 2:30,0.724171861,0.689619544,0.361803557,6.1,0,99.3,957,122.51,128.144,0.210249944,0.5,0,16.228,6.8,0.977647667,6.344,0.932254357,1013.5,1.177,1,0,10,0,0,0
2023-12-12 2:40,0.641449632,0.767165152,0.234395631,8.7,0,99.3,956.9,114.856,137.772,0.283178509,0,0,13.996,6.5,0.95906722,6.053,0.97214129,1013.4,1.178,1,0,10,0,0,0
2023-12-12 2:50,0.778243149,0.627963058,0.234141117,6.7,0,99.3,957.1,114.841,135.127,0.259459614,0,0,14.606,6.3,0.965753959,5.733,0.972202621,1013.7,1.18,1,0,10,0,0,0
2023-12-12 3:00,0.726574671,0.687087511,0.234141117,6.2,0,99.4,957.1,114.841,133.051,0.222841789,0,0,14.599,6,0.974854623,5.6,0.972202621,1013.8,1.18,1,0,10,0,0,0
2023-12-12 3:10,0.74779809,0.663926213,0.234141117,7.2,0,99.4,957.2,114.841,131.257,0.231255508,0,0,13.504,5.8,0.972893052,5.406,0.972202621,1014,1.181,1,0,10,0,0,0
2023-12-12 3:20,0.669130606,0.743144825,0.234141117,8,0,99.3,957.1,114.841,129.617,0.246373198,0,0,14.851,5.6,0.969175034,5.108,0.972202621,1013.9,1.182,1,0,10,0,0,0
2023-12-12 3:30,0.66653247,0.745476,0.234141117,6,0,99.3,957.1,114.841,128.111,0.189712388,0,0,15.027,5.4,0.981839707,4.985,0.972202621,1014,1.183,1,0,10,0,0,0
2023-12-12 3:40,0.653420604,0.756995056,0.234141117,4.7,0,99.3,957.2,114.841,126.816,0.221497439,0,0,13.545,5.3,0.975160953,4.955,0.972202621,1014.1,1.183,1,0,10,0,0,0
2023-12-12 3:50,0.748955721,0.662620048,0.234141117,8.2,0,99.4,957.3,114.841,125.669,0.151433343,0,0,13.982,5.3,0.988467472,4.9,0.972202621,1014.2,1.183,1,0,10,0,0,0
2023-12-12 4:00,0.649448048,0.760405966,0.234141117,5.4,0,99.4,957.4,114.458,138.51,0.200479495,0,0,13.934,5.3,0.979697898,4.822,0.972202621,1014.3,1.183,1,0,10,0,0,0
2023-12-12 4:10,0.789084085,0.6142852,0.234141117,7.5,0,99.4,957.2,114.841,136.73,0.274982982,0,0,12.332,5.1,0.961449094,4.702,0.972202621,1014.1,1.184,1,0,10,0,0,0
2023-12-12 4:20,0.842452397,0.538770785,0.234141117,6.2,0,99.3,957.4,114.841,134.827,0.195210146,0,0,12.587,5.2,0.980761438,4.788,0.972202621,1014.3,1.184,1,0,10,0,0,0
2023-12-12 4:30,0.671720589,0.740804596,0.234141117,5.4,0,99.3,957.3,114.841,133.247,0.304348959,0,0,11.945,5,0.952560608,4.754,0.972202621,1014.3,1.184,1,0,10,0,0,0
2023-12-12 4:40,0.632029303,0.774944489,0.234141117,7.5,0,99.3,957.2,114.841,131.798,0.202667659,0,0,13.694,5.1,0.979247578,4.802,0.972202621,1014.1,1.184,1,0,10,0,0,0
2023-12-12 4:50,0.626603811,0.779337965,0.234141117,5.3,0,99.4,957.4,114.841,130.384,0.158743983,0,0,13.829,5.1,0.98731978,4.811,0.972202621,1014.4,1.184,1,0,10,0,0,0
2023-12-12 5:00,0.650774217,0.759271307,0.186352563,5,0,99.4,957.9,112.036,129.143,0.072820437,0,0,13.017,5.1,0.997345068,4.944,0.982482937,1014.9,1.183,1,0,10,0,0,0
2023-12-12 5:10,0.653420604,0.756995056,0.101316753,5.8,0,99.3,958.2,107.116,128.095,0.095255056,0,0,12.876,5.1,0.995452899,4.894,0.994854218,1015.2,1.183,1,0,10,0,0,0
2023-12-12 5:20,0.772733573,0.634730513,0.100847928,5.5,0,99.3,958.4,107.088,127.14,0.077241073,0,0,12.603,5.1,0.997012446,4.899,0.994901852,1015.4,1.183,1,0,10,0,0,0
2023-12-12 5:30,0.566406237,0.824126189,0.100934749,5.1,0,99.2,958.6,107.093,126.187,0.114798448,0,0,13.049,5,0.993388804,4.823,0.994893048,1015.7,1.183,1,0,10,0,0,0
2023-12-12 5:40,0.641449632,0.767165152,0.10077847,5.7,0,99.2,958.6,107.084,128.122,0.099146078,0,0,12.106,5,0.995072889,4.93,0.99490889,1015.7,1.183,1,0,10,0,0,0
2023-12-12 5:50,0.685818353,0.727772758,0.10077847,6.3,0,99.1,958.9,107.083,138.894,0.120102185,0,0,12.436,5,0.992761535,4.876,0.99490889,1016,1.183,1,0,10,0,0,0
2023-12-12 6:00,0.687087511,0.726574671,0.10077847,5.2,0,99.1,958.8,107.083,136.953,0.051307596,0,0,13.543,5,0.998682898,4.715,0.99490889,1015.9,1.184,1,0,10,0,0,0
2023-12-12 6:10,0.828060335,0.560638995,0.10077847,6.3,0,99,959,107.083,135.356,0.083173462,0,0,12.751,4.8,0.996535085,4.667,0.99490889,1016.1,1.184,1,0,10,0,0,0
2023-12-12 6:20,0.669130606,0.743144825,0.10077847,3.9,0,99,959,107.083,134.082,0.121990605,0,0,12.154,4.9,0.992531255,4.569,0.99490889,1016.1,1.185,1,0,10,0,0,0
2023-12-12 6:30,0.547563223,0.836764313,0.10077847,5.5,0,99,959.1,107.083,132.989,0.080529464,0,0,13.217,4.8,0.996752229,4.441,0.99490889,1016.2,1.185,1,0,10,0,0,0
2023-12-12 6:40,0.544639035,0.838670568,0.10077847,6.3,0,99.1,959.2,107.083,131.919,0.116012016,0,0,12.912,4.7,0.99324781,4.28,0.99490889,1016.4,1.186,1,0,10,0,0,0
2023-12-12 6:50,0.801775644,0.597625147,0.10077847,7.2,0,99.1,959.5,107.083,131.08,0.071027404,0,0,12.385,4.6,0.997474365,4.327,0.99490889,1016.7,1.186,1,0,10,0,0,0
2023-12-12 7:00,0.604599115,0.796529918,0.10077847,5.2,0,99.1,959.7,107.083,130.312,0.025636078,0,0,12.76,4.6,0.999671342,4.382,0.99490889,1016.9,1.185,1,0,10,0,0,0
2023-12-12 7:10,0.743144825,0.669130606,0.10077847,4.4,0,99.1,959.8,107.083,129.568,-0.003403385,0,0,14.675,4.7,0.999994208,4.315,0.99490889,1017,1.186,1,0,10,0,0,0
2023-12-12 7:20,0.753563392,0.657375246,0.10077847,4.3,0,99.2,959.6,107.083,128.879,-0.001518436,0,0,14.767,4.7,0.999998847,4.29,0.99490889,1016.8,1.186,1,0,10,0,0,0
2023-12-12 7:30,0.619779032,0.784776371,0.100795835,5.3,0,99.2,959.6,107.085,128.281,-0.009826046,0,0,14.291,4.6,0.999951723,4.317,0.994907131,1016.8,1.186,1,0,10,0,0,0
2023-12-12 7:40,0.567843745,0.823136369,0.019546443,6.7,0,99.2,959.5,102.421,127.732,-0.016370457,0.5,0,14.547,4.6,0.999865995,4.349,0.99980895,1016.7,1.186,1,0,10,0,0,0
2023-12-12 7:50,0.49242356,0.870355696,-0.033207509,7,0,99.2,959.6,99.397,127.255,0.07127113,0,0,13.038,4.7,0.99745698,4.357,0.999448479,1016.8,1.185,1,0,10,0,0,0
2023-12-12 8:00,0.710799474,0.703394703,-0.033190066,4.9,0,99.2,959.9,99.398,126.78,0.044404024,0,0,12.463,4.7,0.999013655,4.452,0.999449058,1017.1,1.185,1,0,10,0,0,0
2023-12-12 8:10,0.684547106,0.728968627,-0.034114566,2.9,0,99.2,960.3,99.345,126.469,0.028741614,0,0,10.884,4.8,0.999586874,4.517,0.999417929,1017.5,1.185,1,0,10,0,0,0
2023-12-12 8:20,0.75470958,0.656059029,-0.034445984,3.1,0,99.2,960.7,99.326,126.243,0.040707281,0,0,11.71,4.8,0.999171115,4.499,0.999406561,1017.9,1.185,1,0,10,0,0,0
2023-12-12 8:30,0.66653247,0.745476,0.051847928,4.4,0,99.2,960.9,104.27,125.835,0.201590798,0,0,10.184,4.7,0.979469831,4.336,0.998654992,1018.2,1.186,1,0,10,0,0,0
2023-12-12 8:40,0.733729865,0.679441304,0.099493418,5.3,0,99.2,960.9,107.01,125.527,0.127255036,0,0,11.026,4.7,0.99187003,4.459,0.99503822,1018.2,1.185,1,0,10,0,0,0
2023-12-12 8:50,0.64678978,0.76266833,0.099493418,4.5,0,99.2,961,107.01,125.339,0.175401092,0,0,9.843,4.7,0.984497058,4.534,0.99503822,1018.3,1.185,1,0,10,0,0,0
2023-12-12 9:00,0.674302388,0.738455341,0.099493418,5.3,0,99.2,961.4,107.01,130.176,0.139276801,0,0,10.325,4.7,0.990253489,4.535,0.99503822,1018.7,1.185,1,0,10,0,0,0
2023-12-12 9:10,0.858959897,0.512042865,0.099493418,6.8,0,99.3,961.5,107.01,139.154,0.133657556,0,0,11.887,4.8,0.991027577,4.514,0.99503822,1018.8,1.185,1,0,10,0,0,0
2023-12-12 9:20,0.612907054,0.790155012,0.099493418,5.7,0,99.3,961.5,107.01,137.992,0.083903938,0,0,13.148,4.8,0.996473848,4.598,0.99503822,1018.8,1.184,1,0,10,0,0,0
2023-12-12 9:30,0.728968627,0.684547106,0.099493418,6.3,0,99.2,961.7,107.01,137.055,0.112110656,0,0,12.713,4.9,0.993695728,4.625,0.99503822,1019,1.184,1,0,10,0,0,0
2023-12-12 9:40,0.692143174,0.721760228,0.099493418,5.8,0,99.3,961.7,107.01,136.162,0.10286198,0,0,13.226,4.9,0.994695638,4.494,0.99503822,1019,1.185,1,0,10,0,0,0
2023-12-12 9:50,0.781520472,0.623879597,0.099493418,6.3,0,99.2,961.6,107.01,135.453,0.094004058,0,0,12.777,4.9,0.995571814,4.571,0.99503822,1018.9,1.185,1,0,10,0,0,0
2023-12-12 10:00,0.789084085,0.6142852,0.099493418,4.9,0,99.2,961.8,107.01,134.921,0.097426569,0,0,12.639,4.9,0.995242716,4.548,0.99503822,1019.1,1.185,1,0,10,0,0,0
2023-12-12 10:10,0.849892693,0.526955795,0.099493418,4.7,0,99.3,961.9,107.01,134.406,0.127012673,0,0,12.868,4.8,0.991901094,4.42,0.99503822,1019.2,1.185,1,0,10,0,0,0
2023-12-12 10:20,0.685818353,0.727772758,0.099493418,5.2,0,99.2,961.9,107.01,133.872,0.141488699,0,0,12.939,4.8,0.989939871,4.535,0.99503822,1019.2,1.185,1,0,10,0,0,0
2023-12-12 10:30,0.716910608,0.697165103,0.099493418,5.4,0,99.3,961.6,107.01,133.516,0.168093679,0,0,12.948,4.9,0.985771026,4.564,0.99503822,1018.9,1.185,1,0,10,0,0,0
2023-12-12 10:40,0.820151876,0.572145873,0.100604824,5.8,0,99.3,961.5,107.066,133.268,0.244647449,0.5,0,11.052,4.9,0.969612101,4.535,0.994926464,1018.8,1.185,1,0,10,0,0,0
2023-12-12 10:50,0.65868946,0.752414909,0.229132436,5.4,0,99.3,961.7,114.546,132.888,0.207416579,0,0,11.791,4.8,0.978252709,4.451,0.973395257,1019,1.185,1,0,10,0,0,0
2023-12-12 11:00,0.768283524,0.640109699,0.22921738,4.3,0,99.2,961.9,114.551,132.636,0.220595296,0,0,10.965,4.8,0.975365427,4.505,0.973375258,1019.2,1.185,1,0,10,0,0,0
2023-12-12 11:10,0.740804596,0.671720589,0.229115447,5.9,0,99.3,962,114.545,132.427,0.105951686,0,0,12.564,4.8,0.994371279,4.485,0.973399256,1019.3,1.185,1,0,10,0,0,0
2023-12-12 11:20,0.671720589,0.740804596,0.229115447,4.8,0,99.3,962.1,114.545,132.189,0.139363216,0,0,11.795,4.8,0.990241331,4.502,0.973399256,1019.4,1.185,1,0,10,0,0,0
2023-12-12 11:30,0.76266833,0.64678978,0.229115447,3.3,0,99.3,962.2,114.545,131.924,0.202838567,0,0,12.446,4.8,0.979212191,4.383,0.973399256,1019.5,1.185,1,0,10,0,0,0
2023-12-12 11:40,0.553391549,0.832921241,0.229115447,5.4,0,99.3,962.2,114.545,131.677,0.191956751,0,0,10.01,4.8,0.981403386,4.436,0.973399256,1019.5,1.185,1,0,10,0,0,0
2023-12-12 11:50,0.675590208,0.737277337,0.229115447,3.6,0,99.3,962.4,114.545,131.522,0.173905994,0,0,11.19,4.8,0.984762258,4.449,0.973399256,1019.7,1.185,1,0,10,0,0,0
2023-12-12 12:00,0.774944489,0.632029303,0.229115447,5.4,0,99.3,962.4,114.545,131.383,0.205298953,0,0,10.551,4.8,0.97869931,4.55,0.973399256,1019.7,1.185,1,0,10,0,0,0
2023-12-12 12:10,0.744311546,0.667832555,0.229115447,3.8,0,99.3,962.6,114.545,131.244,0.142784406,0,0,11.317,4.9,0.989753815,4.588,0.973399256,1019.9,1.184,1,0,10,0,0,0
2023-12-12 12:20,0.633380873,0.77384021,0.229115447,4.7,0,99.3,962.4,114.545,131.133,0.155762131,0,0,9.379,4.9,0.987794593,4.54,0.973399256,1019.7,1.185,1,0,10,0,0,0
2023-12-12 12:30,0.784776371,0.619779032,0.229115447,6.1,0,99.3,962.5,114.545,131.064,0.152675368,0,0,10.943,4.8,0.988276395,4.449,0.973399256,1019.8,1.185,1,0,10,0,0,0
2023-12-12 12:40,0.654740814,0.755853469,0.229115447,4.5,0,99.3,962.7,114.545,130.865,0.201163404,0,0,11.792,4.8,0.979557699,4.237,0.973399256,1020.1,1.186,1,0,10,0,0,0
2023-12-12 12:50,0.697165103,0.716910608,0.229115447,3.8,0,99.2,962.6,114.545,130.632,0.126164342,0,0,12.084,4.7,0.992009354,4.263,0.973399256,1020,1.186,1,0,10,0,0,0
2023-12-12 13:00,0.761538308,0.648119901,0.229115447,4.5,0,99.2,962.6,114.545,130.464,0.087885968,0,0,11.798,4.6,0.996130542,4.267,0.973399256,1020,1.186,1,0,10,0,0,0
2023-12-12 13:10,0.75470958,0.656059029,0.106229362,4.1,0,99.2,962.6,107.4,130.293,0.099649717,0,0,12.131,4.6,0.99502258,4.234,0.994341653,1020,1.186,1,0,10,0,0,0
2023-12-12 13:20,0.645457688,0.763796029,0.093065712,5.9,0,99.2,962.8,106.64,130.169,0.148430799,0,0,11.662,4.6,0.988922797,4.151,0.995659969,1020.2,1.186,1,0,10,0,0,0
2023-12-12 13:30,0.657375246,0.753563392,0.093065712,3.6,0,99.1,962.9,106.64,129.982,0.085851653,0,0,11.353,4.6,0.996307931,4.208,0.995659969,1020.3,1.186,1,0,10,0,0,0
2023-12-12 13:40,0.888617233,0.458649554,0.093065712,3.1,0,99.1,963.2,106.64,129.883,0.0982082,0,0,10.74,4.6,0.99516589,4.307,0.995659969,1020.6,1.186,1,0,10,0,0,0
2023-12-12 13:50,0.64278761,0.766044443,0.093065712,4.8,0,99,963.1,106.64,129.798,0.058679149,0,0,12.424,4.5,0.998276894,4.291,0.995659969,1020.6,1.186,1,0,10,0,0,0
2023-12-12 14:00,0.641449632,0.767165152,0.093065712,4.1,0,98.8,963.2,106.64,129.62,0.097912924,0,0,12.411,4.5,0.995194986,4.093,0.995659969,1020.7,1.187,1,0,10,0,0,0
2023-12-12 14:10,0.698415285,0.715692734,0.093065712,3.9,0,98.8,963.3,106.64,129.46,0.059776776,0,0,10.801,4.6,0.99821177,4.197,0.995659969,1020.7,1.186,1,0,10,0,0,0
2023-12-12 14:20,0.657375246,0.753563392,0.093065712,3.4,0,98.6,963.4,106.64,129.395,0.01247878,0,0,12.169,4.5,0.999922137,4.267,0.995659969,1020.9,1.186,1,0,10,0,0,0
2023-12-12 14:30,0.627963058,0.778243149,0.093065712,4.3,0,98.4,963.5,106.64,129.3,0.063574348,0,0,11.336,4.6,0.997977105,4.318,0.995659969,1021,1.186,1,0,10,0,0,0
2023-12-12 14:40,0.601815023,0.79863551,0.093065712,5.2,0,98,963.4,106.64,129.206,0.166527817,0,0,10.215,4.6,0.986036757,4.277,0.995659969,1020.9,1.186,1,0,10,0,0,0
2023-12-12 14:50,0.79863551,0.601815023,0.093065712,4.3,0,97.1,963.2,106.64,129.151,0.180381811,0,0,11.464,4.7,0.983596666,4.498,0.995659969,1020.6,1.185,1,0,10,0,0,0
2023-12-12 15:00,0.783693457,0.62114778,0.093065712,5.9,0,96.7,963.2,106.64,129.179,0.229913854,0,0,10.816,4.8,0.973210984,4.644,0.995659969,1020.6,1.184,1,0,10,0,0,0
2023-12-12 15:10,0.832921241,0.553391549,0.220186717,5.8,0,96,963.1,114.019,129.288,0.358954465,0,0,8.782,4.9,0.933355073,4.654,0.975457744,1020.4,1.184,1,0,10,0,0,0
2023-12-12 15:20,0.687087511,0.726574671,0.34001848,6.6,0,95.5,963.4,121.176,129.208,0.209942797,0,0,10.249,5,0.977713671,4.667,0.940418754,1020.7,1.184,1,0,10,0,0,0
2023-12-12 15:30,0.584957675,0.811063819,0.237838467,5,0,93.4,963.5,115.067,129.128,0.215059192,0,0,10.147,5,0.976601016,4.736,0.971304722,1020.8,1.184,1,0,10,0,0,0
2023-12-12 15:40,0.783693457,0.62114778,0.220322914,4.4,0,92.4,963.5,114.028,129.167,0.22748418,0,0,11.119,5.1,0.973781776,4.742,0.97542699,1020.8,1.184,1,0,10,0,0,0
2023-12-12 15:50,0.7193398,0.69465837,0.220322914,5.1,0,92.1,963.7,114.028,129.13,0.190551999,0,0,10.239,5.1,0.981677103,4.759,0.97542699,1021,1.184,1,0,10,0,0,0
2023-12-12 16:00,0.652098404,0.758134336,0.220322914,4.1,0,91.7,963.8,114.028,129.146,0.223896553,0,0,10.887,5.3,0.974612915,4.742,0.97542699,1021.1,1.184,1,0,10,0,0,0
2023-12-12 16:10,0.805928282,0.592013179,0.220322914,5.4,0,91.3,963.9,114.028,128.986,0.279761989,0,0,10.698,5.1,0.960069388,4.548,0.97542699,1021.2,1.185,1,0,10,0,0,0
2023-12-12 16:20,0.656059029,0.75470958,0.220322914,3.9,0,91.9,964.1,114.028,128.834,0.227603148,0,0,10.797,5.1,0.973753977,4.588,0.97542699,1021.5,1.184,1,0,10,0,0,0
2023-12-12 16:30,0.619779032,0.784776371,0.220322914,4.7,0,92.2,964,114.028,128.808,0.292355014,0,0,10.224,5,0.956309859,4.65,0.97542699,1021.4,1.184,1,0,10,0,0,0
2023-12-12 16:40,0.786935022,0.617035875,0.220322914,5.5,0,91.8,964,114.028,128.898,0.270751662,0,0,9.781,5,0.962649229,4.649,0.97542699,1021.4,1.184,1,0,10,0,0,0
2023-12-12 16:50,0.587785252,0.809016994,0.220322914,4.5,0,93,964.2,114.028,128.885,0.304448709,0,0,9.823,5,0.952528731,4.457,0.97542699,1021.6,1.185,1,0,10,0,0,0
2023-12-12 17:00,0.768283524,0.640109699,0.220322914,4.8,0,93.1,964.3,114.028,128.836,0.269592169,0,0,9.232,4.9,0.962974591,4.558,0.97542699,1021.7,1.185,1,0,10,0,0,0
2023-12-12 17:10,0.629320391,0.777145961,0.220322914,4.1,0,93.4,964.5,114.028,128.942,0.195124558,0,0,9.166,4.9,0.98077847,4.584,0.97542699,1021.9,1.185,1,0,10,0,0,0
2023-12-12 17:20,0.860742027,0.509041416,0.220322914,5.4,0,93.9,964.7,114.028,128.929,0.086442859,0,0,9.553,4.9,0.99625681,4.644,0.97542699,1022.1,1.184,1,0,10,0,0,0
2023-12-12 17:30,0.74779809,0.663926213,0.220322914,4.5,0,93.8,965,114.028,128.938,0.129366737,0,0,8.87,5,0.991596817,4.709,0.97542699,1022.4,1.184,1,0,10,0,0,0
2023-12-12 17:40,0.583541211,0.812083527,0.122562242,4.6,0,94.6,965.3,108.342,128.881,-0.064654226,0,0,10.54,5,0.997907727,4.746,0.992460829,1022.8,1.184,1,0,10,0,0,0
2023-12-12 17:50,0.772733573,0.634730513,-0.002338739,2.6,0,96.2,965.4,101.168,128.823,-0.074212922,0,0,9.882,4.9,0.997242419,4.727,0.999997265,1022.9,1.184,1,0,10,0,0,0
2023-12-12 18:00,0.626603811,0.779337965,-0.052597395,3.1,0,96.7,965.6,98.285,128.875,-0.007487393,0,0,9.624,4.8,0.999971969,4.849,0.998615799,1023.1,1.183,1,0,10,0,0,0
2023-12-12 18:10,0.743144825,0.669130606,-0.05249282,3.3,0,96.9,965.8,98.291,128.777,0.005427947,0,0,9.618,4.9,0.999985269,4.613,0.998621302,1023.3,1.184,1,0,10,0,0,0
2023-12-12 18:20,0.803856861,0.594822787,-0.052510249,3.4,0,97.4,966,98.29,128.744,0.026456104,0,0,9.194,5,0.999649976,4.723,0.998620385,1023.5,1.184,1,0,10,0,0,0
2023-12-12 18:30,0.567843745,0.823136369,-0.053765111,3.6,0,97.7,966.2,98.218,128.895,0.054218234,0,0,9.315,4.9,0.99852911,4.757,0.99855361,1023.7,1.184,1,0,10,0,0,0
2023-12-12 18:40,0.671720589,0.740804596,-0.053765111,3.8,0,98,966.3,98.218,128.972,0.084373506,0,0,8.982,4.8,0.996434198,4.538,0.99855361,1023.9,1.185,1,0,10,0,0,0
2023-12-12 18:50,0.546101961,0.837718717,0.033678485,2.7,0,98.1,966.5,103.228,128.877,0.053590829,0,0,8.551,4.7,0.998562979,4.46,0.999432719,1024.1,1.185,1,0,10,0,0,0
2023-12-12 19:00,0.626603811,0.779337965,0.080216321,3.5,0,98.2,966.5,105.901,129.009,0.143423531,0,0,7.554,4.7,0.989661402,4.578,0.996777479,1024.1,1.185,1,0,10,0,0,0
2023-12-12 19:10,0.866025404,0.5,0.080216321,2.2,0,98.3,966.7,105.901,129.225,0.150794987,0,0,7.65,4.7,0.988565057,4.614,0.996777479,1024.3,1.184,1,0,10,0,0,0
2023-12-12 19:20,0.809016994,0.587785252,0.108676028,2.9,0,98.4,966.7,107.536,129.434,0.19137434,0,0,7.128,4.7,0.981517123,4.574,0.994077221,1024.3,1.185,1,0,10,0,0,0
2023-12-12 19:30,0.864274802,0.503019947,0.211512443,4.4,0,98.4,966.7,113.511,129.621,0.141333198,0,0,7.745,4.6,0.989962084,4.521,0.977375305,1024.3,1.185,1,0,10,0,0,0
2023-12-12 19:40,0.683273774,0.730162277,0.211512443,3.5,0,98.5,966.7,113.511,129.732,0.16317099,0,0,8.615,4.6,0.986597805,4.502,0.977375305,1024.3,1.185,1,0,10,0,0,0
2023-12-12 19:50,0.608761429,0.79335334,0.211512443,3.5,0,98.5,966.8,113.511,129.747,0.143371712,0,0,8.673,4.6,0.98966891,4.455,0.977375305,1024.5,1.185,1,0,10,0,0,0
2023-12-12 20:00,0.567843745,0.823136369,0.211256559,3.5,0,98.6,966.9,113.496,129.696,0.121609491,0,0,9.504,4.6,0.992578023,4.471,0.977430645,1024.6,1.185,1,0,10,0,0,0
2023-12-12 20:10,0.629320391,0.777145961,0.211324796,2.8,0,98.7,967.2,113.5,129.594,0.091658038,0,0,8.886,4.7,0.995790542,4.479,0.977415894,1024.8,1.185,1,0,10,0,0,0
2023-12-12 20:20,0.623879597,0.781520472,0.210557071,2.4,0,98.6,967.2,113.455,129.499,0.122908668,0,0,9.592,4.7,0.992417986,4.435,0.977581567,1024.8,1.185,1,0,10,0,0,0
2023-12-12 20:30,0.669130606,0.743144825,0.210744749,3.8,0,98.7,967.2,113.466,129.307,0.142041564,0,0,9.003,4.6,0.989860694,4.36,0.977541125,1024.9,1.185,1,0,10,0,0,0
2023-12-12 20:40,0.702153053,0.712026046,0.210710626,3.8,0,98.7,967.3,113.464,129.153,0.070818491,0,0,9.385,4.7,0.997489219,4.423,0.977548481,1025,1.185,1,0,10,0,0,0
2023-12-12 20:50,0.777145961,0.629320391,0.211393032,2.9,0,98.7,967.4,113.504,129.086,0.150536176,0,0,8.215,4.7,0.988604501,4.4,0.977401139,1025.1,1.185,1,0,10,0,0,0
2023-12-12 21:00,0.753563392,0.657375246,0.2112395,4.3,0,98.8,967.6,113.495,129.146,0.171499249,0,0,8.325,4.6,0.985184251,4.416,0.977434332,1025.3,1.185,1,0,10,0,0,0
2023-12-12 21:10,0.767165152,0.641449632,0.211307737,4.3,0,98.8,967.7,113.499,129.188,0.132827267,0,0,8.631,4.6,0.991139202,4.369,0.977419582,1025.4,1.185,1,0,10,0,0,0
2023-12-12 21:20,0.743144825,0.669130606,0.210625318,4.5,0,98.8,967.8,113.459,129.211,0.177840496,0,0,8.972,4.6,0.984059326,4.396,0.977566865,1025.5,1.185,1,0,10,0,0,0
2023-12-12 21:30,0.662620048,0.748955721,0.210386447,2.6,0,98.8,967.8,113.445,129.308,0.235345675,0,0,8.277,4.6,0.971911731,4.445,0.977618301,1025.5,1.185,1,0,10,0,0,0
2023-12-12 21:40,0.732542899,0.680720869,0.211358915,2.4,0,98.9,967.9,113.502,129.453,0.239702799,0,0,8.113,4.6,0.970846315,4.549,0.977408517,1025.6,1.185,1,0,10,0,0,0
2023-12-12 21:50,0.734914595,0.67815967,0.211512443,2.5,0,98.9,968.1,113.511,129.455,0.303085167,0,0,7.468,4.6,0.952963473,4.395,0.977375305,1025.8,1.185,1,0,10,0,0,0
2023-12-12 22:00,0.661311865,0.75011107,0.211512443,4,0,98.9,968.2,113.511,129.425,0.246491603,0,0,7.433,4.7,0.969144927,4.479,0.977375305,1025.9,1.185,1,0,10,0,0,0
2023-12-12 22:10,0.703394703,0.710799474,0.211512443,3.4,0,98.9,968.3,113.511,129.511,0.216507772,0,0,7.811,4.7,0.976280894,4.495,0.977375305,1026,1.185,1,0,10,0,0,0
2023-12-12 22:20,0.638767818,0.769399555,0.211512443,4,0,98.9,968.3,113.511,129.612,0.202906928,0,0,8.519,4.7,0.979198028,4.54,0.977375305,1026,1.185,1,0,10,0,0,0
2023-12-12 22:30,0.70463421,0.709570737,0.211478326,3.3,0,99,968.5,113.509,129.681,0.208816412,0,0,8.499,4.7,0.977954859,4.566,0.977382687,1026.2,1.185,1,0,10,0,0,0
2023-12-12 22:40,0.662620048,0.748955721,0.211512443,3.3,0,99,968.7,113.511,129.684,0.167336612,0,0,8.006,4.7,0.985899822,4.512,0.977375305,1026.4,1.185,1,0,10,0,0,0
2023-12-12 22:50,0.69465837,0.7193398,0.211512443,2.6,0,99,968.9,113.511,129.654,0.122700814,0,0,8.768,4.7,0.992443706,4.451,0.977375305,1026.7,1.185,1,0,10,0,0,0
2023-12-12 23:00,0.66653247,0.745476,0.211512443,4.4,0,99,968.9,113.511,129.661,0.161069857,0,0,8.468,4.6,0.986943008,4.456,0.977375305,1026.7,1.185,1,0,10,0,0,0
2023-12-12 23:10,0.693401828,0.720551112,0.211512443,3.3,0,99,968.9,113.511,129.645,0.142438908,0,0,8.69,4.6,0.989803595,4.408,0.977375305,1026.7,1.185,1,0,10,0,0,0
2023-12-12 23:20,0.713250449,0.700909264,0.211512443,2.3,0,99,969,113.511,129.396,0.126649114,0,0,8.4,4.6,0.99194758,4.268,0.977375305,1026.8,1.186,1,0,10,0,0,0
2023-12-12 23:30,0.697165103,0.716910608,0.211512443,2.7,0,99,969.2,113.511,129.318,0.084008288,0,0,8.531,4.6,0.996465056,4.33,0.977375305,1027,1.186,1,0,10,0,0,0
2023-12-12 23:40,0.795473481,0.6059884,0.211017722,2.6,0,99.1,969.2,113.482,129.265,0.086112483,0,0,9.049,4.5,0.996285421,4.326,0.977482236,1027,1.186,1,0,10,0,0,0
2023-12-12 23:50,0.739631095,0.673012514,0.211512443,3.2,0,99.1,969.3,113.511,129.161,0.079294244,0,0,9.531,4.5,0.996851254,4.295,0.977375305,1027.1,1.186,1,0,10,0,0,0
2023-12-13 0:00,0.638767818,0.769399555,0.211512443,3.4,0,99.1,969.3,113.511,129.082,0.158743983,0,0,8.591,4.5,0.98731978,4.26,0.977375305,1027.1,1.186,1,0,10,0,0,0
2023-12-13 0:10,0.641449632,0.767165152,0.211512443,3.6,0,99,969.2,113.511,129.129,0.184191522,0,0,8.394,4.4,0.982890372,4.233,0.977375305,1027.1,1.186,1,0,10,0,0,0
2023-12-13 0:20,0.695912797,0.718126298,0.210335259,3.7,0,99.1,969.2,113.442,129.196,0.160329119,0,0,9.105,4.4,0.987063612,4.273,0.977629316,1027.1,1.186,1,0,10,0,0,0
2023-12-13 0:30,0.722967146,0.690882411,0.210352322,3.7,0,99.1,969.3,113.443,129.232,0.13761742,0,0,8.625,4.4,0.99048546,4.266,0.977625644,1027.2,1.186,1,0,10,0,0,0
2023-12-13 0:40,0.60737584,0.794414621,0.211512443,4,0,99.1,969.3,113.511,129.114,0.14746417,0,0,8.393,4.4,0.989067398,4.085,0.977375305,1027.2,1.187,1,0,10,0,0,0
2023-12-13 0:50,0.667832555,0.744311546,0.211512443,2.7,0,99.1,969.2,113.511,129.067,0.14060748,0,0,7.913,4.4,0.99006542,4.168,0.977375305,1027.1,1.186,1,0,10,0,0,0
2023-12-13 1:00,0.849892693,0.526955795,0.211512443,3.4,0,99.1,969.1,113.511,129.191,0.187621327,0,0,7.787,4.3,0.982241436,4.217,0.977375305,1027,1.186,1,0,10,0,0,0
2023-12-13 1:10,0.752414909,0.65868946,0.211512443,3.4,0,99.1,969.2,113.511,129.377,0.211512443,0,0,7.04,4.3,0.977375305,4.126,0.977375305,1027.1,1.186,1,0,10,0,0,0
2023-12-13 1:20,0.764921401,0.64412363,0.211512443,2.1,0,99.1,969.2,113.511,129.537,0.21200711,0,0,7.344,4.3,0.977268124,4.14,0.977375305,1027.1,1.186,1,0,10,0,0,0
2023-12-13 1:30,0.662620048,0.748955721,0.211512443,2.3,0,99.1,969.4,113.511,129.718,0.238347009,0,0,6.979,4.3,0.971180057,4.138,0.977375305,1027.3,1.186,1,0,10,0,0,0
2023-12-13 1:40,0.67687597,0.736097087,0.211512443,3.5,0,99.2,969.3,113.511,129.899,0.246288621,0,0,7.503,4.2,0.969196531,4.2,0.977375305,1027.2,1.186,1,0,10,0,0,0
2023-12-13 1:50,0.671720589,0.740804596,0.211512443,3,0,99.1,969.4,113.511,130.048,0.234480466,0,0,7.949,4.2,0.972120832,4.411,0.977375305,1027.3,1.185,1,0,10,0,0,0
2023-12-13 2:00,0.604599115,0.796529918,0.211512443,2.5,0,99.1,969.5,113.511,130.168,0.261262709,0,0,7.554,4.1,0.965267733,4.473,0.977375305,1027.5,1.185,1,0,10,0,0,0
2023-12-13 2:10,0.830984469,0.556295616,0.211512443,1.9,0,99.2,969.5,113.511,130.086,0.31062666,0,0,7.233,4.2,0.950531997,4.159,0.977375305,1027.4,1.186,1,0,10,0,0,0
2023-12-13 2:20,0.781520472,0.623879597,0.211512443,2,0,99.2,969.4,113.511,130.112,0.29078569,0,0,6.953,4.2,0.956788212,4.412,0.977375305,1027.3,1.185,1,0,10,0,0,0
2023-12-13 2:30,0.728968627,0.684547106,0.211512443,2.9,0,99.3,969.4,113.511,130.25,0.298974173,0,0,6.778,4.2,0.954261203,4.475,0.977375305,1027.3,1.185,1,0,10,0,0,0
2023-12-13 2:40,0.763796029,0.645457688,0.253386522,2.5,0,99.2,969.4,115.98,130.389,0.367394194,0,0,6.986,4.2,0.930065323,4.623,0.967365118,1027.3,1.184,1,0,10,0,0,0
2023-12-13 2:50,0.837718717,0.546101961,0.341511671,3.2,0,99.1,969.4,121.269,130.519,0.412881895,0,0,7.244,4.2,0.910784574,4.703,0.939877534,1027.3,1.184,1,0,10,0,0,0
2023-12-13 3:00,0.803856861,0.594822787,0.341511671,3,0,99.2,969.3,121.269,130.658,0.43954729,0,0,6.79,4.2,0.89821945,4.834,0.939877534,1027.2,1.183,1,0,10,0,0,0
2023-12-13 3:10,0.927183855,0.374606593,0.341511671,3.2,0,99.2,969.3,121.269,130.752,0.414693243,0,0,6.237,4.2,0.909961271,4.758,0.939877534,1027.2,1.184,1,0,10,0,0,0
2023-12-13 3:20,0.728968627,0.684547106,0.341511671,1.9,0,99.2,969.4,121.269,130.864,0.340707752,0,0,6.293,4.1,0.940169255,4.647,0.939877534,1027.3,1.184,1,0,10,0,0,0
2023-12-13 3:30,0.828060335,0.560638995,0.341511671,2,0,99.1,969.5,121.269,130.977,0.341626496,0,0,6.702,4.1,0.939835803,4.633,0.939877534,1027.5,1.184,1,0,10,0,0,0
2023-12-13 3:40,0.832921241,0.553391549,0.341511671,2.3,0,99.2,969.4,121.269,131.056,0.353246261,0,0,6.629,4,0.935530373,4.606,0.939877534,1027.4,1.184,1,0,10,0,0,0
2023-12-13 3:50,0.818149717,0.575005252,0.341511671,2.4,0,99.1,969.5,121.269,131.112,0.356102024,0,0,6.625,3.9,0.934447082,4.628,0.939877534,1027.5,1.184,1,0,10,0,0,0
2023-12-13 4:00,0.830984469,0.556295616,0.341511671,1.8,0,99.2,969.5,121.269,131.172,0.286792086,0,0,6.256,3.9,0.957992849,4.521,0.939877534,1027.5,1.185,1,0,10,0,0,0
2023-12-13 4:10,0.732542899,0.680720869,0.341511671,2.1,0,99.2,969.7,121.269,131.224,0.248013628,0,0,5.772,3.9,0.968756543,4.452,0.939877534,1027.7,1.185,1,0,10,0,0,0
2023-12-13 4:20,0.820151876,0.572145873,0.341511671,1.5,0,99.2,969.8,121.269,131.297,0.22093575,0,0,5.097,3.9,0.975288365,4.465,0.939877534,1027.8,1.185,1,0,10,0,0,0
2023-12-13 4:30,0.778243149,0.627963058,0.24471514,1,0,99.1,969.9,115.467,131.345,0.111260795,0,0,4.5,3.7,0.993791243,4.49,0.969595019,1027.8,1.185,1,0,10,0,0,0
2023-12-13 4:40,0.734914595,0.67815967,0.212774589,0.4,0,99.1,970,113.585,131.374,0.090041595,0,0,4.223,3.6,0.995938006,4.538,0.977101312,1027.9,1.185,1,0,10,0,0,0
2023-12-13 4:50,-0.64412363,-0.764921401,0.212774589,0,0,99.2,970,113.585,131.4,0.141834245,0,0,3.777,3.5,0.989890422,4.612,0.977101312,1028,1.184,1,0,10,0,0,0
2023-12-13 5:00,0,1,0.212774589,0,0,99.1,969.9,113.585,131.479,0.267507462,0,0,3.139,3.6,0.963555789,4.683,0.977101312,1027.8,1.184,1,0,10,0,0,0
2023-12-13 5:10,0.630675807,0.776046407,0.212774589,0.1,0,99.1,970,113.585,131.566,0.249332221,0,0,2.227,3.9,0.968418011,4.839,0.977101312,1028,1.183,1,0,3.367,0,0,0.1
2023-12-13 5:20,0.822144041,0.569279523,0.212774589,0.2,0,98.9,970.1,113.585,131.627,0.258768469,0,0,2.064,3.8,0.965939377,4.905,0.977101312,1028,1.183,0,0,0,0,0,0
2023-12-13 5:30,0.99756405,-0.069756474,0.212774589,0,0,98.7,970.1,113.585,131.682,0.131789276,0,0,2.183,3.9,0.991277755,4.904,0.977101312,1028.1,1.183,0,0,0,0,0,0
2023-12-13 5:40,0.996492859,0.083677843,0.212774589,0,0,98.4,970.1,113.585,131.737,0.139777995,0,0,2.013,3.7,0.990182868,4.904,0.977101312,1028,1.183,0,0,0,0,0,0
2023-12-13 5:50,0,1,0.212774589,0,0,98.4,970.1,113.585,131.789,0.499879075,0,0,1.726,3.6,0.866095209,4.902,0.977101312,1028.1,1.183,0,0,0,0,0,0
2023-12-13 6:00,0.966823389,-0.255445758,0.212774589,0.4,0,98.3,970,113.585,131.817,0.829622703,0,0,1.504,3.5,0.558324431,4.912,0.977101312,1028,1.183,0,0,0,0,0,0
2023-12-13 6:10,0.989776231,-0.142628934,0.212774589,0.5,0,98.1,970.1,113.585,131.822,0.986308637,0,0,1.658,3.7,0.164909893,5.036,0.977101312,1028,1.183,0,0,0,0,0,0
2023-12-13 6:20,0,1,0.212774589,0,0,97.5,970.1,113.585,131.832,0.999114772,0,0,1.518,3.4,-0.042067471,5.198,0.977101312,1028.1,1.182,0,0,0,0,0,0
2023-12-13 6:30,0.866896749,0.49848774,0.212774589,0,0,97.6,970.2,113.585,131.842,0.994885999,0,0,1.38,3.6,0.101004205,5.221,0.977101312,1028.2,1.182,0,0,0,0,0,0
2023-12-13 6:40,0,1,0.212774589,0,0,97.4,970.2,113.585,131.848,0.977008379,0,0,1.477,3.6,0.21320091,5.225,0.977101312,1028.2,1.182,0,0,0,0,0,0
2023-12-13 6:50,0,1,0.212774589,0,0,97.1,970.3,113.585,131.852,0.993282188,0,0,1.464,3.5,0.115717308,5.298,0.977101312,1028.3,1.181,0,0,0,0,0,0
2023-12-13 7:00,0,1,0.212774589,0,0,96.6,970.5,113.585,131.849,0.954401985,0,0,1.208,3.5,0.298524455,5.281,0.977101312,1028.5,1.182,0,0,0,0,0,0
2023-12-13 7:10,0,1,0.212774589,0,0,96.3,970.5,113.585,131.827,0.950461494,0,0,1.758,3.4,0.310842321,5.228,0.977101312,1028.5,1.182,0,0,0,0,0,0
2023-12-13 7:20,0.85445883,0.519519112,0.212774589,0.2,0,95.3,970.6,113.585,131.787,0.96595744,0,0,2.029,3.6,0.258701033,5.296,0.977101312,1028.6,1.181,0,0,0,0,0,0
2023-12-13 7:30,0,1,0.212774589,0,0,94.2,970.8,113.585,131.74,0.916537328,0,0,2.022,3.6,0.399949156,5.727,0.977101312,1028.8,1.18,0,0,0,0,0,0
2023-12-13 7:40,0.917754626,0.397147891,0.212774589,0.5,0,91.9,971,113.585,131.698,0.841190049,0,0,2.579,4,0.540739588,5.467,0.977101312,1029.1,1.181,0,0,0,0,0,0
2023-12-13 7:50,0.904827052,0.425779292,0.212774589,1.8,0,92.3,971.1,113.585,131.652,0.766840387,0,0,2.09,3.7,0.641837847,5.426,0.977101312,1029.1,1.181,0,0,0,0,0,0
2023-12-13 8:00,0.623879597,0.781520472,0.212774589,0.7,0,95.3,971.2,113.585,131.601,0.652614298,0,0,2.246,3.6,0.757690291,5.501,0.977101312,1029.2,1.181,0,0,0,0,0,0
2023-12-13 8:10,-0.085416923,-0.996345296,0.212774589,0,0,93.6,971.2,113.585,131.563,0.606737847,0,0,2.124,4,0.794901997,5.523,0.977101312,1029.3,1.181,0,0,0,0,0,0
2023-12-13 8:20,-0.999961923,-0.008726535,0.212774589,0,0,94.1,971.3,113.585,131.536,0.618326097,0,0,1.856,3.7,0.785921648,5.661,0.977101312,1029.3,1.18,0,0,0,0,0,0
2023-12-13 8:30,-0.777145961,-0.629320391,0.212774589,0.8,0,93.2,971.4,113.585,131.499,0.509912476,0,0,2.29,3.9,0.860226288,5.7,0.977101312,1029.5,1.18,0,0,0,0,0,0
2023-12-13 8:40,-0.280666709,-0.959805292,0.212774589,0.3,0,93.6,971.4,113.585,131.46,0.462259418,0,0,2.246,4.1,0.886744738,5.873,0.977101312,1029.5,1.179,0,0,0,0,0,0
2023-12-13 8:50,-0.995724698,0.092370587,0.212774589,0.3,0,93.9,971.6,113.585,131.426,0.485801533,0,0,2.021,4.2,0.874069145,6.087,0.977101312,1029.7,1.178,0,0,0,0,0,0
2023-12-13 9:00,0,1,0.212774589,0,0,93.8,971.7,113.585,131.396,0.723376996,0,0,2.011,4.2,0.690453272,6.232,0.977101312,1029.8,1.178,0,0,0,0,0,0
2023-12-13 9:10,-0.650774217,-0.759271307,0.212774589,0,0,93.4,971.7,113.585,131.37,0.654542909,0,0,2.057,4.5,0.756024854,6.331,0.977101312,1029.7,1.177,0,0,0,0,0,0
2023-12-13 9:20,0.240228042,0.970716482,0.212774589,0,0,91.3,971.8,113.585,131.366,0.787742046,0,0,1.924,4.7,0.616005251,6.468,0.977101312,1029.7,1.177,0,0,0,0,0,0
2023-12-13 9:30,0.15126082,0.988493887,0.212774589,0.3,0,90.3,971.7,113.585,131.365,0.799128913,0,0,2.138,5,0.601159696,6.689,0.977101312,1029.5,1.176,0,0,0,0,0,0
2023-12-13 9:40,0.626603811,0.779337965,0.305745158,0.8,0,89.9,971.9,119.251,131.358,0.655096929,0,0,2.897,5.4,0.755544846,6.714,0.952113385,1029.6,1.175,0,0,0,0,0,0
2023-12-13 9:50,0.71447268,0.699663341,0.689745925,0.5,0,89.4,971.9,144.91,131.35,0.776860305,0,0,3.1,5.5,0.629672984,6.569,0.724051489,1029.6,1.176,0,0,0,0,0,0
2023-12-13 10:00,0.688354576,0.725374371,0.777552197,0.9,0,87.6,971.8,152.332,131.382,0.883185101,0,0,3.32,5.9,0.469024603,6.621,0.628818401,1029.4,1.176,1,0,5.433,0,0,3.4
2023-12-13 10:10,0.813100761,0.58212297,0.886252091,1,0,88.1,971.9,163.703,131.412,0.895928943,0,0,3.956,6.1,0.444197399,6.643,0.46320323,1029.4,1.176,1,0,10,0,0,0
2023-12-13 10:20,0.596224875,0.802817475,0.891915946,1.9,0,86.9,971.9,164.415,131.428,0.897204423,0,0,4.659,6.4,0.44161547,6.588,0.452201222,1029.4,1.176,1,0,10,0,0,0
2023-12-13 10:30,0.594822787,0.803856861,0.898709869,2,0,84.4,971.8,165.298,131.418,0.958047892,0,0,3.824,7.1,0.286608159,6.7,0.438543695,1029.1,1.176,1,0,10,0,0,0
2023-12-13 10:40,0.49848774,-0.866896749,0.951717708,0.9,0,81.3,971.8,173.435,131.406,0.999118439,0,0,3.632,7.7,0.041980281,6.902,0.306974599,1028.9,1.175,1,0,10,0,0,0
2023-12-13 10:50,0.435231099,0.900318771,0.997419525,2,0,78.4,971.8,187.187,131.413,0.960512509,0,0,3.454,8.2,0.278236807,6.667,0.071793388,1028.8,1.176,1,0,10,0,0,0
2023-12-13 11:00,0.67815967,0.734914595,0.969944255,0.8,0,79.8,971.8,177.204,131.415,0.985744609,0,0,3.014,8.2,-0.168248522,6.891,0.243327234,1028.8,1.175,1,0,3.633,0,0,4.567
2023-12-13 11:10,0.909236109,0.416280792,0.987718356,1.3,0,76.7,971.8,200.283,131.493,0.93805232,0,0,3.856,8.4,-0.346493643,7.047,-0.15624484,1028.7,1.174,1,0,10,0,0,0
2023-12-13 11:20,0.469471563,-0.882947593,0.939304007,1.7,0,76.4,971.6,211.368,131.485,0.989721392,0,0,3.876,8.3,-0.14300897,7.005,-0.34308597,1028.5,1.174,1,0,10,0,0,0
2023-12-13 11:30,0.720551112,0.693401828,0.973869052,2.2,0,81.4,971.4,204.427,131.438,0.999825301,0,0,3.861,7.9,-0.018691388,6.93,-0.227110258,1028.4,1.175,1,0,4.233,0,0,4
2023-12-13 11:40,0.125333234,-0.992114701,0.978913762,1.5,0,80,971.3,203.085,131.445,0.999999945,0,0,3.99,8.3,0.000331613,7.01,-0.204273949,1028.2,1.174,1,0,8.767,0,0,1.233
2023-12-13 11:50,0.528438335,-0.848971688,0.996385437,1,0,81.3,971.2,196.173,131.458,0.996993542,0,0,4.309,8,0.077484687,7.023,-0.084947397,1028.2,1.174,1,0,10,0,0,0
2023-12-13 12:00,0.987688341,0.156434465,0.998884112,1.1,0,79.9,971.1,188.593,131.474,0.995103988,0,0,4.73,7.5,0.098833462,6.786,0.047228488,1028.2,1.175,1,0,10,0,0,0
2023-12-13 12:10,0.96814764,0.250380004,0.996041065,1.3,0,79.6,970.9,186.198,131.486,0.967981369,0,0,4.648,7.6,0.251022049,6.695,0.088894297,1028,1.176,1,0,10,0,0,0
2023-12-13 12:20,0.653420604,0.756995056,0.983539949,1.8,0,81.4,970.8,180.89,131.465,0.972165831,0,0,4.411,7.6,0.234293828,6.762,0.180690808,1027.9,1.175,1,0,10,0,0,0
2023-12-13 12:30,0.7193398,0.69465837,0.978924457,1.5,0,83.5,970.6,179.514,131.442,0.93361795,0,0,5.028,7.7,0.358270183,6.744,0.204222693,1027.6,1.175,1,0,10,0,0,0
2023-12-13 12:40,0.799684658,0.600420225,0.950970185,2.2,0,80,970.3,173.286,131.406,0.986262547,0,0,5,7.9,0.165185316,6.831,0.309282567,1027.3,1.175,1,0,10,0,0,0
2023-12-13 12:50,0.673012514,0.739631095,0.983445205,1.8,0,80.7,970.1,180.864,131.401,0.999933252,0,0,4.555,7.8,0.011553823,6.882,0.181205764,1027.1,1.175,1,0,10,0,0,0
2023-12-13 13:00,0.917060074,0.398749069,0.999520711,0.5,0,79.7,970.2,189.525,131.421,0.995963111,0,0,4.253,7.8,0.089763473,6.9,0.030957194,1027.2,1.175,1,0,10,0,0,0
2023-12-13 13:10,0.513541252,0.858064906,0.999636928,1,0,80.3,970.2,189.756,131.46,0.991316814,0,0,3.749,7.9,0.131495152,6.898,0.026944622,1027.2,1.175,1,0,10,0,0,0
2023-12-13 13:20,-0.586372357,0.81004164,0.999636928,1.3,0,80.1,970.2,189.756,131.481,0.989404506,0,0,3.265,8,0.145185133,6.922,0.026944622,1027.1,1.175,1,0,10,0,0,0
2023-12-13 13:30,0.907777479,-0.419452082,0.989264683,0.9,0,78.8,970.4,182.899,131.48,0.973940353,0,0,2.221,7.9,0.226804296,6.956,0.146134827,1027.4,1.174,1,0,2.833,0,0,0
2023-12-13 13:40,0.9547608,0.297374874,0.987264308,0.1,0,78.2,970.7,182.146,131.504,0.950293173,0,0,1.688,7.7,0.311356525,7.054,0.159088612,1027.7,1.174,0,0,0,0,0,0
2023-12-13 13:50,-0.515038075,-0.857167301,0.987264308,0.8,0,79.9,970.8,182.146,131.554,0.93589363,0,0,1.546,7.7,0.352282717,7.087,0.159088612,1027.8,1.174,0,0,0,0,0,0
2023-12-13 14:00,0.942641491,0.333806859,0.987264308,1.3,0,79.2,970.8,182.146,131.619,0.886300592,0,0,1.883,7.8,0.463110419,7.151,0.159088612,1027.8,1.174,0,0,0,0,0,0
2023-12-13 14:10,0.907044014,0.421035813,0.987264308,0.4,0,80,970.8,182.146,131.683,0.931348458,0,0,1.824,7.8,0.364129167,7.176,0.159088612,1027.8,1.174,0,0,0,0,0,0
2023-12-13 14:20,-0.204496052,-0.978867389,0.987264308,1.2,0,78.8,970.9,182.146,131.733,0.98254468,0,0,2,7.9,0.186026749,7.268,0.159088612,1027.9,1.173,0,0,0,0,0,0
2023-12-13 14:30,-0.313992456,0.949425478,0.977925693,0.1,0,81.2,970.8,179.236,131.778,0.895385585,0,0,3.173,8,0.445291651,7.226,0.208952958,1027.8,1.173,0,0,0,0,0,0.233
2023-12-13 14:40,0.996778878,-0.080198924,0.928887142,1.3,0,80.2,970.5,169.554,131.805,0.862425337,0,0,3.018,7.9,0.506184293,7.424,0.3703629,1027.5,1.173,1,0,0.033,0,0,8.2
2023-12-13 14:50,0.79335334,-0.608761429,0.86288438,1.5,0,79.2,970.6,160.942,131.822,0.976080202,0,0,1.842,8,0.217410763,7.603,0.505401373,1027.6,1.172,0,0,0,0,0,0
2023-12-13 15:00,0.70463421,0.709570737,0.86288438,1.2,0,81,970.8,160.942,131.827,0.798215169,0,0,2.404,8.2,0.602372429,7.586,0.505401373,1027.7,1.172,0,0,0,0,0,0
2023-12-13 15:10,0.475624209,0.879648573,0.86288438,1,0,79.6,970.9,160.942,131.847,0.693866995,0,0,2.177,8.3,0.720103182,7.488,0.505401373,1027.8,1.172,0,0,0,0,0,0
2023-12-13 15:20,0.603207988,0.797583929,0.86288438,1,0,77.3,971.2,160.942,131.878,0.991843356,0,0,1.574,8.1,0.12746277,7.411,0.505401373,1028.2,1.173,0,0,0,0,0,0
2023-12-13 15:30,0.728968627,0.684547106,0.86288438,1.2,0,82,971.3,160.942,131.899,0.927242686,0,0,2.024,8.1,0.374460947,7.373,0.505401373,1028.3,1.173,0,0,0,0,0,0
2023-12-13 15:40,0.478691858,0.877982975,0.86288438,1.4,0,81.2,971.3,160.942,131.913,0.689366718,0,0,2.617,8,0.72441254,7.353,0.505401373,1028.3,1.173,0,0,0,0,0,0
2023-12-13 15:50,0.450877541,0.892585818,0.802983941,1.2,0,82.8,971.4,154.719,131.916,0.671190309,0,0,2.912,8,0.74128508,7.282,0.596000663,1028.4,1.173,0,0,0,0,0,0
2023-12-13 16:00,0.618408395,0.785856893,0.667897506,1.6,0,83.2,971.3,143.203,131.917,0.624956572,0,0,3.673,7.8,0.780659518,7.12,0.744253264,1028.3,1.174,1,0,4.4,0,0,3.733
2023-12-13 16:10,0.745476,0.66653247,0.664982723,0.3,0,83.7,971.3,142.986,131.919,0.756983651,0,0,3.166,7.5,0.653433816,7.105,0.74685874,1028.4,1.174,1,0,10,0,0,0
2023-12-13 16:20,0.867765453,0.496973961,0.725518524,0.5,0,82.5,971.5,147.81,131.87,0.665243386,0,0,4.29,7.6,0.746626572,6.888,0.688202639,1028.6,1.175,1,0,10,0,0,0
2023-12-13 16:30,-0.97236992,0.233445364,0.675178329,0.3,0,83.7,971.4,143.77,131.809,0.797520757,0,0,4.657,7.5,0.603291507,6.966,0.737654543,1028.5,1.174,1,0,10,0,0,0
2023-12-13 16:40,-0.965016494,-0.262189179,0.767512097,0.6,0,86.5,971.4,151.439,131.736,0.83752804,0,0,4.419,7,0.546394347,6.868,0.641034461,1028.7,1.175,1,0,10,0,0,0
2023-12-13 16:50,0.831954122,-0.554844427,0.859147513,0.3,0,86,971.4,160.519,131.677,0.96506224,0,0,4.414,7,0.262020747,6.784,0.511728005,1028.7,1.175,1,0,10,0,0,0
2023-12-13 17:00,0.999262916,-0.038387809,0.945632163,1.6,0,85.7,971.5,172.32,131.62,0.888008075,0,0,4.537,6.9,0.459827857,6.679,0.325238086,1028.8,1.176,1,0,10,0,0,0
2023-12-13 17:10,0.872069272,0.489382452,0.895618616,1.8,0,87.1,971.5,164.888,131.558,0.833789478,0,0,4.734,6.8,0.552082517,6.611,0.444822767,1028.8,1.176,1,0,10,0,0,0
2023-12-13 17:20,0.746638182,0.665230355,0.843869372,2.2,0,89.6,971.6,158.86,131.505,0.746150342,0,0,4.385,6.6,0.66577749,6.554,0.536548678,1029,1.176,1,0,10,0,0,0
2023-12-13 17:30,0.857167301,0.515038075,0.75678974,2.1,0,89.9,971.8,150.485,131.449,0.622405358,0,0,4.15,6.7,0.782695069,6.465,0.653658389,1029.2,1.177,1,0,10,0,0,0
2023-12-13 17:40,0.457097927,0.889416373,0.653816876,1.3,0,90,972.1,142.132,131.402,0.669701103,0,0,4.24,6.6,0.742630751,6.443,0.756652822,1029.5,1.177,1,0,10,0,0,0
2023-12-13 17:50,0.936672189,0.350207381,0.620668933,1.4,0,90.3,972.2,139.665,131.367,0.689164397,0,0,4.837,6.5,0.724605019,6.504,0.784072749,1029.7,1.176,1,0,10,0,0,0
2023-12-13 18:00,0.795473481,0.6059884,0.620668933,0.5,0,89,972.1,139.665,131.327,0.68874694,0,0,5.264,6.4,0.725001829,6.548,0.784072749,1029.6,1.176,1,0,10,0,0,0
2023-12-13 18:10,0.551936985,-0.833885822,0.685869159,0.8,0,86.1,971.9,144.604,131.283,0.831178602,0,0,5.288,6.2,0.556005513,6.643,0.727724877,1029.4,1.176,1,0,10,0,0,0
2023-12-13 18:20,-0.641449632,-0.767165152,0.830469527,0.7,0,85.9,971.9,157.435,131.228,0.929570741,0,0,5.492,6,0.36864378,6.681,0.557064058,1029.5,1.176,1,0,10,0,0,0
2023-12-13 18:30,-0.688354576,0.725374371,0.887204172,0.3,0,86.9,971.7,163.824,131.183,0.924046422,0,0,5.474,5.6,0.382280277,6.677,0.461377023,1029.4,1.176,1,0,10,0,0,0
2023-12-13 18:40,0.956304756,0.292371705,0.887204172,0.9,0,87.1,971.7,163.824,131.151,0.89916098,0,0,5.137,5.7,0.437618021,6.625,0.461377023,1029.3,1.176,1,0,10,0,0,0
2023-12-13 18:50,0.850811109,0.525471651,0.887204172,0.4,0,86.2,972,163.824,131.138,0.918880751,0,0,4.882,5.5,0.394535379,6.61,0.461377023,1029.7,1.176,1,0,10,0,0,0
2023-12-13 19:00,-0.662620048,-0.748955721,0.894591442,0.5,0,86.5,972.1,164.758,131.124,0.951056516,0,0,4.763,5.2,0.309016994,6.656,0.446884942,1029.9,1.176,1,0,10,0,0,0
2023-12-13 19:10,-0.707106781,-0.707106781,0.940922147,0.5,0,87.1,972.2,171.507,131.113,0.977607284,0,0,4.437,5.1,0.210437635,6.687,0.338622967,1030,1.176,1,0,10,0,0,0
2023-12-13 19:20,0.00698126,0.999975631,0.964778142,0,0,84.2,972.3,176.052,131.111,0.973214997,0,0,4.891,5.5,0.229896868,6.655,0.263064892,1030,1.176,1,0,10,0,0,0
2023-12-13 19:30,0.997915618,-0.064532308,0.977750298,0,0,85.2,972.2,179.191,131.121,0.976265777,0,0,4.897,5.2,0.216575928,6.58,0.20977215,1030,1.176,1,0,10,0,0,0
2023-12-13 19:40,-0.707106781,0.707106781,0.977750298,0.1,0,85.5,972.2,179.191,131.137,0.970177385,0,0,4.883,5.2,0.242396043,6.528,0.20977215,1030,1.176,1,0,10,0,0,0
2023-12-13 19:50,0.192521967,0.981292664,0.977750298,0.4,0,84.2,972.1,179.191,131.131,0.948151838,0,0,5.677,5.3,0.317817702,6.526,0.20977215,1029.9,1.176,1,0,10,0,0,0
2023-12-13 20:00,-0.979222811,0.202787295,0.977750298,0.3,0,86.5,971.8,179.191,131.074,0.94991207,0,0,6.099,5,0.312517294,6.543,0.20977215,1029.6,1.176,1,0,10,0,0,0
2023-12-13 20:10,-0.933580426,-0.35836795,0.977750298,0.6,0,84.3,972,179.191,130.992,0.936763841,0,0,5.566,5.3,0.349962149,6.613,0.20977215,1029.8,1.176,1,0,10,0,0,0
2023-12-13 20:20,-0.702153053,-0.712026046,0.977750298,0.5,0,83.6,971.8,179.191,130.922,0.960054738,0,0,6.386,5.4,0.279812258,6.529,0.20977215,1029.5,1.176,1,0,10,0,0,0
2023-12-13 20:30,0.166768747,-0.985996037,0.977750298,0.3,0,83.1,971.9,179.191,130.845,0.938028128,0,0,5.825,5.6,0.346559131,6.561,0.20977215,1029.6,1.176,1,0,10,0,0,0
2023-12-13 20:40,0.626603811,0.779337965,0.947366846,0.3,0,80.9,971.8,172.63,130.774,0.915437961,0,0,6.002,5.8,0.402459116,6.57,0.320150058,1029.4,1.176,1,0,10,0,0,0
2023-12-13 20:50,-0.877146164,-0.480223497,0.931887629,0.2,0,82.2,971.8,170.029,130.718,0.870046125,0,0,5.317,5.7,0.492970323,6.599,0.362747084,1029.4,1.176,1,0,10,0,0,0
2023-12-13 21:00,0.534352349,0.845261833,0.888392988,0.3,0,80.3,972,163.972,130.696,0.892633029,0,0,4.996,5.9,0.450784067,6.546,0.45908376,1029.6,1.176,1,0,10,0,0,0
2023-12-13 21:10,0.641449632,0.767165152,0.888392988,1.8,0,79.5,972,163.972,130.695,0.838746606,0,0,5.207,6,0.544521929,6.507,0.45908376,1029.6,1.176,1,0,10,0,0,0
2023-12-13 21:20,0.769399555,0.638767818,0.888392988,1,0,78.5,972.1,163.972,130.648,0.858611161,0,0,6.185,6.2,0.512627422,6.527,0.45908376,1029.6,1.176,1,0,10,0,0,0
2023-12-13 21:30,0.832921241,0.553391549,0.888392988,1.6,0,80.4,972.2,163.972,130.58,0.902036042,0,0,6.103,5.9,0.431660722,6.516,0.45908376,1029.8,1.176,1,0,10,0,0,0
2023-12-13 21:40,0.748955721,0.662620048,0.888392988,0.8,0,81.1,972.2,163.972,130.531,0.917865495,0,0,6.573,5.8,0.39689159,6.562,0.45908376,1029.8,1.176,1,0,10,0,0,0
2023-12-13 21:50,0.705871571,0.708339838,0.888392988,1.2,0,80.6,972,163.972,130.443,0.900067947,0,0,7.188,5.9,0.435749574,6.59,0.45908376,1029.6,1.176,1,0,10,0,0,0
2023-12-13 22:00,0.626603811,0.779337965,0.888392988,1.2,0,81.8,972,163.972,130.294,0.909678787,0,0,7.824,5.8,0.415312538,6.634,0.45908376,1029.6,1.176,1,0,10,0,0,0
2023-12-13 22:10,0.802817475,0.596224875,0.888392988,1.2,0,82.2,971.9,163.972,130.106,0.910272238,0,0,7.811,5.7,0.414010208,6.619,0.45908376,1029.6,1.176,1,0,10,0,0,0
2023-12-13 22:20,-0.688354576,0.725374371,0.888392988,0.3,0,81.8,971.8,163.972,129.961,0.923685721,0,0,7.683,5.6,0.383151001,6.657,0.45908376,1029.5,1.176,1,0,10,0,0,0
2023-12-13 22:30,-0.221548498,-0.975149354,0.888392988,0.2,0,84.2,972,163.972,129.882,0.914395321,0,0,7.149,5.3,0.404822427,6.689,0.45908376,1029.8,1.176,1,0,10,0,0,0
2023-12-13 22:40,0.837718717,0.546101961,0.888392988,1.6,0,82.3,972.2,163.972,129.812,0.839468149,0,0,6.965,5.6,0.543408895,6.677,0.45908376,1029.9,1.176,1,0,10,0,0,0
2023-12-13 22:50,0.731353702,0.68199836,0.888392988,0.8,0,81,972.3,163.972,129.743,0.813486661,0,0,6.562,5.7,0.581583573,6.669,0.45908376,1030,1.176,1,0,10,0,0,0
2023-12-13 23:00,0.760405966,0.649448048,0.831382333,0.7,0,81.1,972.2,157.543,129.714,0.766336052,0,0,5.668,5.7,0.642439924,6.709,0.555700833,1029.9,1.176,1,0,10,0,0,0
2023-12-13 23:10,0.778243149,0.627963058,0.77046874,2.1,0,86.4,972.6,151.697,129.758,0.679633371,0,0,4.881,4.8,0.733551962,6.698,0.63747778,1030.5,1.176,1,0,10,0,0,0
2023-12-13 23:20,0.768283524,0.640109699,0.719545878,2,0,81.8,972.4,147.311,129.842,0.595566119,0,0,4.446,5.9,0.803306291,6.671,0.694444907,1030,1.176,1,0,10,0,0,0
2023-12-13 23:30,0.899557779,0.436801788,0.620778404,2.3,0,80.3,972.3,139.675,129.931,0.481463053,0,0,4.745,6.1,0.876466387,6.666,0.783986079,1029.9,1.176,1,0,10,0,0,0
2023-12-13 23:40,0.819152044,0.573576436,0.490918959,1.9,0,79.8,972.2,130.691,130.004,0.239346949,0,0,4.21,6.2,0.970934106,6.647,0.871205243,1029.7,1.176,1,0,10,0,0,0
2023-12-13 23:50,0.58212297,0.813100761,0.278756454,1.3,0,79.1,972.4,117.484,130.04,0.151398839,0,0,3.839,6.3,0.988472757,6.647,0.960361827,1029.9,1.176,1,0,10,0,0,0
2023-12-14 0:00,0.63742399,0.770513243,0.159571062,1.2,0,81.1,972.1,110.482,130.124,0.223896553,0,0,3.137,6,0.974612915,6.793,0.987186445,1029.7,1.175,1,0,10,0,0,0
2023-12-14 0:10,0.739631095,0.673012514,0.159571062,0.5,0,80.8,972,110.482,130.236,0.322496996,0,0,2.104,6,0.946570487,6.902,0.987186445,1029.6,1.175,1,0,3.033,0,0,0
2023-12-14 0:20,0.76266833,0.64678978,0.159571062,1.5,0,82.4,971.8,110.482,130.323,0.29770813,0,0,1.77,5.7,0.954656938,7.049,0.987186445,1029.4,1.174,0,0,0,0,0,0
2023-12-14 0:30,0.744311546,0.667832555,0.159571062,1.1,0,79.5,971.7,110.482,130.389,0.079120259,0,0,1.971,6.1,0.996865078,7.077,0.987186445,1029.2,1.174,0,0,0,0,0,0
2023-12-14 0:40,0.732542899,0.680720869,0.159571062,0.6,0,78.9,971.7,110.482,130.448,0.133259721,0,0,2.141,6.3,0.99108115,7.094,0.987186445,1029.2,1.174,0,0,0,0,0,0
2023-12-14 0:50,0.47715876,0.878817113,0.159571062,0.2,0,79.2,971.5,110.482,130.499,-0.102636288,0,0,1.789,6.3,0.994718951,7.144,0.987186445,1029,1.174,0,0,0,0,0,0
2023-12-14 1:00,0.525471651,0.850811109,0.159571062,0.1,0,79.8,971.8,110.482,130.547,-0.044857358,0,0,1.708,6.2,0.998993402,7.185,0.987186445,1029.3,1.174,0,0,0,0,0,0
2023-12-14 1:10,0.982935349,-0.183951351,0.159571062,0,0,78.9,971.6,110.482,130.597,0.073969247,0,0,1.164,6.3,0.997260523,7.266,0.987186445,1029.1,1.173,0,0,0,0,0,0
2023-12-14 1:20,-0.769399555,0.638767818,0.159571062,0,0,78.7,971.8,110.482,130.647,-0.012792914,0,0,1.364,6.3,0.999918167,7.343,0.987186445,1029.3,1.173,0,0,0,0,0,0
2023-12-14 1:30,0.985703469,0.16848938,0.159571062,0,0,77.9,971.8,110.482,130.691,0.568676707,0,0,1.783,6.4,0.822561124,7.348,0.987186445,1029.3,1.173,0,0,0,0,0,0
2023-12-14 1:40,0.999945169,0.010471784,0.30263606,1.5,0,78.8,971.6,119.316,130.733,0.780375842,0,0,2.859,6.3,0.625310759,7.333,0.953106193,1029.1,1.173,0,0,0,0,0,0
2023-12-14 1:50,0.973178873,0.230049737,0.775187113,1.2,0,75.2,971.7,152.105,130.747,0.587163799,0,0,3.022,6.9,0.809468142,7.213,0.631731699,1029,1.173,0,0,0,0,0,0
2023-12-14 2:00,0.496973961,-0.867765453,0.60106206,0.5,0,77.2,971.6,138.241,130.727,0.882726262,0,0,2.677,6.6,0.46988759,7.302,0.799202353,1029,1.173,0,0,0,0,0,0
2023-12-14 2:10,0.992546152,-0.121869343,0.870329912,0.1,0,77.8,971.4,161.781,130.731,0.85906712,0,0,4.35,6.8,0.511862954,7.36,0.492469131,1028.7,1.173,1,0,4.2,0,0,2.4
2023-12-14 2:20,0.712026046,0.702153053,0.872504535,0.1,0,82.7,971.4,162.051,130.754,0.821507637,0,0,4.228,6.5,0.570197512,7.336,0.488606013,1028.8,1.173,1,0,10,0,0,0
2023-12-14 2:30,0.731353702,0.68199836,0.818851608,1.7,0,83.8,971.5,156.266,130.742,0.697690438,0,0,4.313,6.3,0.716399366,7.27,0.574005265,1029,1.173,1,0,10,0,0,0
2023-12-14 2:40,0.932953535,0.359996808,0.799338709,1,0,78.2,971.5,154.367,130.718,0.747612658,0,0,4.711,6.8,0.664135011,7.285,0.600880711,1028.8,1.173,1,0,10,0,0,0
2023-12-14 2:50,0.937888935,-0.346935652,0.799338709,0,0,81.7,971.4,154.367,130.699,0.742186425,0,0,4.866,6.4,0.670193487,7.232,0.600880711,1028.8,1.173,1,0,10,0,0,0
2023-12-14 3:00,0.835807361,0.549022818,0.799338709,0.7,0,80.7,971.4,154.367,130.678,0.699301624,0,0,5.176,6.8,0.71482672,7.213,0.600880711,1028.7,1.173,1,0,10,0,0,0
2023-12-14 3:10,0.931691228,0.36325123,0.714191759,1.6,0,79.5,971.5,146.877,130.642,0.618092882,0,0,5.543,6.8,0.786105075,7.183,0.699950092,1028.8,1.174,1,0,10,0,0,0
2023-12-14 3:20,0.794414621,0.60737584,0.705537695,1.7,0,78.2,971.2,146.172,130.554,0.590450731,0,0,5.736,7,0.807073685,7.09,0.708672393,1028.5,1.174,1,0,10,0,0,0
2023-12-14 3:30,0.919135339,0.39394191,0.61152704,1.7,0,78.5,971.2,139,130.499,0.575419281,0,0,5.371,6.9,0.817858576,7.057,0.791223533,1028.5,1.174,1,0,10,0,0,0
2023-12-14 3:40,0.933580426,0.35836795,0.61152704,2,0,78.5,971.3,139,130.464,0.533053491,0,0,5.844,6.8,0.846081542,7.038,0.791223533,1028.6,1.174,1,0,10,0,0,0
2023-12-14 3:50,0.799684658,0.600420225,0.61152704,3.2,0,77.3,971.1,139,130.442,0.581029716,0,0,5.823,7,0.813882344,7.072,0.791223533,1028.4,1.174,1,0,10,0,0,0
2023-12-14 4:00,0.797583929,0.603207988,0.61152704,2.3,0,77.7,971.1,139,130.437,0.63020163,0,0,5.779,6.8,0.77643152,7.095,0.791223533,1028.4,1.174,1,0,10,0,0,0
2023-12-14 4:10,0.796529918,0.604599115,0.61152704,0.4,0,78,970.8,139,130.44,0.704497969,0,0,5.633,6.7,0.709706004,7.222,0.791223533,1028.1,1.173,1,0,10,0,0,0
2023-12-14 4:20,0.213030386,0.977045574,0.61152704,0.5,0,82.3,970.8,139,130.435,0.706847566,0,0,5.147,6.3,0.707365902,7.281,0.791223533,1028.2,1.173,1,0,10,0,0,0
2023-12-14 4:30,0.746638182,0.665230355,0.683120834,1.4,0,80.7,970.8,144.394,130.462,0.716362834,0,0,5.056,6.7,0.697727948,7.35,0.730305365,1028.1,1.173,1,0,10,0,0,0
2023-12-14 4:40,0.866025404,0.5,0.71182994,1.1,0,79.9,970.9,146.684,130.512,0.707661923,0,0,5.797,6.7,0.706551203,7.312,0.702351861,1028.2,1.173,1,0,10,0,0,0
2023-12-14 4:50,0.811063819,0.584957675,0.71182994,2,0,79.5,970.6,146.684,130.521,0.646470257,0,0,6.284,6.7,0.762939189,7.249,0.702351861,1027.9,1.173,1,0,10,0,0,0
2023-12-14 5:00,0.912120116,0.409923034,0.71182994,2.4,0,79.4,970.5,146.684,130.458,0.600503965,0,0,6.651,6.7,0.799621778,7.158,0.702351861,1027.8,1.174,1,0,10,0,0,0
2023-12-14 5:10,0.730162277,0.683273774,0.617612563,2.9,0,79.4,970.5,139.45,130.33,0.50926674,0,0,6.974,6.9,0.860608731,7.164,0.7864825,1027.7,1.174,1,0,10,0,0,0
2023-12-14 5:20,0.844327926,0.535826795,0.61152704,2.5,0,80.7,970.5,139,130.163,0.514888463,0,0,7.172,6.8,0.857257179,7.116,0.791223533,1027.8,1.174,1,0,10,0,0,0
2023-12-14 5:30,0.752414909,0.65868946,0.61152704,2.5,0,80.7,970.4,139,130.017,0.50024182,0,0,7.098,6.9,0.865885744,7.153,0.791223533,1027.6,1.174,1,0,10,0,0,0
2023-12-14 5:40,0.844327926,0.535826795,0.527904806,2.5,0,81.1,970.5,133.166,129.895,0.507538363,0,0,6.585,6.9,0.86162916,7.195,0.849303548,1027.7,1.173,1,0,10,0,0,0
2023-12-14 5:50,0.77384021,0.633380873,0.50024182,2.6,0,81.8,970.4,131.316,129.901,0.536445576,0,0,6.775,6.8,0.843934917,7.242,0.865885744,1027.7,1.173,1,0,10,0,0,0
2023-12-14 6:00,0.878817113,0.47715876,0.498805441,3,0,82.6,970.3,131.316,129.897,0.509987543,0,0,7.52,6.9,0.860181787,7.287,0.866713985,1027.5,1.173,1,0,10,0,0,0
2023-12-14 6:10,0.858959897,0.512042865,0.50024182,1.9,0,83.1,970.3,131.316,129.839,0.607153974,0,0,7.357,6.9,0.794584201,7.502,0.865885744,1027.5,1.172,1,0,10,0,0,0
2023-12-14 6:20,0.815127796,0.579281172,0.597765074,2.4,0,83.5,970,138.008,129.833,0.68679579,0,0,6.979,7,0.726850427,7.599,0.801671327,1027.2,1.172,1,0,10,0,0,0
2023-12-14 6:30,0.768283524,0.640109699,0.61254843,2.5,0,84.9,970.2,139.074,129.87,0.699027098,0,0,6.878,6.9,0.715095179,7.627,0.790433059,1027.4,1.172,1,0,10,0,0,0
2023-12-14 6:40,0.802817475,0.596224875,0.676040459,1.5,0,84.8,970.1,143.834,129.923,0.77734363,0,0,6.512,7,0.629076212,7.812,0.736864505,1027.3,1.171,1,0,10,0,0,0
2023-12-14 6:50,0.576432316,0.817144898,0.712724222,1.8,0,85.6,970.3,146.757,129.979,0.715619592,0,0,7.131,6.8,0.698490229,7.687,0.701444355,1027.6,1.171,1,0,10,0,0,0
2023-12-14 7:00,0.718126298,0.695912797,0.712724222,2.5,0,86.5,970,146.757,129.963,0.655255155,0,0,7.757,6.8,0.755407626,7.523,0.701444355,1027.2,1.172,1,0,10,0,0,0
2023-12-14 7:10,0.66653247,0.745476,0.712724222,2.5,0,87.5,969.8,146.757,129.808,0.632989116,0,0,8.145,6.8,0.774160693,7.423,0.701444355,1027,1.173,1,0,10,0,0,0
2023-12-14 7:20,0.641449632,0.767165152,0.712724222,2.4,0,86.5,969.6,146.757,129.659,0.653447028,0,0,7.521,7,0.756972247,7.479,0.701444355,1026.8,1.172,1,0,10,0,0,0
2023-12-14 7:30,0.64412363,0.764921401,0.712724222,2.3,0,87.6,969.6,146.757,129.646,0.701083523,0,0,7.323,6.8,0.713079163,7.69,0.701444355,1026.8,1.171,1,0,10,0,0,0
2023-12-14 7:40,0.764921401,0.64412363,0.712724222,2.8,0,87.7,969.5,146.757,129.651,0.662070857,0,0,7.371,6.8,0.749441245,7.668,0.701444355,1026.7,1.171,1,0,10,0,0,0
2023-12-14 7:50,0.788010754,0.615661475,0.712724222,2.5,0,88.9,969.6,146.757,129.617,0.645897496,0,0,7.266,6.8,0.763424145,7.808,0.701444355,1026.8,1.171,1,0,10,0,0,0
2023-12-14 8:00,0.746638182,0.665230355,0.712724222,1.9,0,87.1,969.4,146.757,129.611,0.697440325,0,0,6.837,7.1,0.716642863,7.988,0.701444355,1026.5,1.17,1,0,10,0,0,0
2023-12-14 8:10,0.745476,0.66653247,0.712724222,2,0,87.8,969.5,146.757,129.704,0.74763584,0,0,6.364,7,0.664108914,8.169,0.701444355,1026.7,1.169,1,0,10,0,0,0
2023-12-14 8:20,0.871213811,0.490903754,0.712724222,2.8,0,88.1,969.6,146.757,129.853,0.771113658,0,0,6.055,7.3,0.636697515,8.325,0.701444355,1026.7,1.169,1,0,10,0,0,0
2023-12-14 8:30,0.572145873,0.820151876,0.744264921,2.3,0,86.6,969.4,149.398,130.017,0.818390503,0,0,6.299,7.7,0.574662496,8.523,0.667884517,1026.4,1.168,1,0,10,0,0,0
2023-12-14 8:40,0.559192903,0.829037573,0.799338709,2.5,0,86.2,969.5,154.367,130.193,0.875692171,0,0,5.028,8,0.482869777,8.661,0.600880711,1026.4,1.167,1,0,4.467,0,0,0
2023-12-14 8:50,0.734914595,0.67815967,0.871872751,0.8,0,85.2,969.8,161.977,130.305,0.873202919,0,0,5.493,8.5,0.487356811,8.855,0.489732483,1026.6,1.167,1,0,10,0,0,0
2023-12-14 9:00,0.577857624,0.81613759,0.871872751,1.4,0,84.8,970,161.977,130.45,0.795980873,0,0,4.736,8.7,0.605321773,8.753,0.489732483,1026.7,1.167,1,0,10,0,0,0
2023-12-14 9:10,0.732542899,0.680720869,0.807413627,1.7,0,84.9,970,155.146,130.58,0.73215071,0,0,4.478,8.6,0.68114267,8.693,0.589985792,1026.8,1.167,1,0,10,0,0,0
2023-12-14 9:20,0.703394703,0.710799474,0.798561979,2.3,0,85.2,970.3,154.293,130.726,0.735529771,0,0,4.763,8.7,0.677492403,8.74,0.60191259,1027,1.167,1,0,10,0,0,0
2023-12-14 9:30,0.584957675,0.811063819,0.798561979,1.8,0,84.8,970.3,154.293,130.859,0.77501067,0,0,4.786,9,0.631948147,8.761,0.60191259,1027.2,1.167,1,0,10,0,0,0
2023-12-14 9:40,0.623879597,0.781520472,0.768518084,1.7,0,84.2,970.6,151.52,130.95,0.666415363,0,0,3.466,9.1,0.745580689,8.745,0.639828066,1027.5,1.167,1,0,10,0,0,0
2023-12-14 9:50,0.692143174,0.721760228,0.710922229,1.7,0,85.8,970.5,146.61,131.044,0.707896186,0,0,4.41,8.9,0.706316494,8.677,0.703270634,1027.5,1.167,1,0,10,0,0,0
2023-12-14 10:00,0.522498565,0.852640164,0.710922229,1.6,0,85.6,970.4,146.61,131.129,0.722339823,0,0,4.586,8.9,0.691538271,8.668,0.703270634,1027.3,1.167,1,0,10,0,0,0
2023-12-14 10:10,0.65868946,0.752414909,0.710922229,1.7,0,85.5,970.4,146.61,131.19,0.669091694,0,0,5.491,9.1,0.74317986,8.61,0.703270634,1027.3,1.168,1,0,10,0,0,0
2023-12-14 10:20,0.515038075,0.857167301,0.710922229,1.2,0,86.6,970.4,146.61,131.225,0.769053836,0,0,4.796,8.9,0.639184009,8.692,0.703270634,1027.3,1.167,1,0,10,0,0,0
2023-12-14 10:30,0.521009632,0.853550797,0.77649751,0.7,0,87.8,970.3,152.239,131.247,0.839657783,0,0,4.64,8.8,0.543115832,8.736,0.630120319,1027,1.167,1,0,10,0,0,0
2023-12-14 10:40,0.512042865,0.858959897,0.797783916,0.8,0,87.6,970.1,154.219,131.279,0.828461307,0,0,3.942,8.9,0.560046304,8.556,0.602943466,1027,1.168,1,0,10,0,0,0
2023-12-14 10:50,0.496973961,0.867765453,0.797783916,1.3,0,88.1,970.2,154.219,131.331,0.877456096,0,0,4.102,8.9,0.479656961,8.732,0.602943466,1027.1,1.167,1,0,10,0,0,0
2023-12-14 11:00,0.37945616,0.925209718,0.870175155,0.6,0,89.2,970.3,161.779,131.386,0.876457984,0,0,4.342,8.7,0.48147835,8.786,0.492742529,1027,1.167,1,0,10,0,0,0
2023-12-14 11:10,0.634730513,0.772733573,0.849993846,0.4,0,89.5,970.1,159.509,131.437,0.802265609,0,0,4.341,8.6,0.596967246,8.691,0.526792618,1026.9,1.167,1,0,10,0,0,0
2023-12-14 11:20,0.860742027,0.509041416,0.797004523,1.3,0,90.2,969.7,154.145,131.467,0.843222607,0,0,4.338,8.6,0.537564541,8.722,0.603973335,1026.4,1.167,1,0,10,0,0,0
2023-12-14 11:30,0.871213811,0.490903754,0.797004523,1.1,0,89.7,969.8,154.145,131.506,0.838746606,0,0,5.374,8.8,0.544521929,8.736,0.603973335,1026.5,1.167,1,0,10,0,0,0
2023-12-14 11:40,0.594822787,0.803856861,0.797004523,2.5,0,89.2,969.4,154.145,131.523,0.788622847,0,0,5.351,8.9,0.614877228,8.694,0.603973335,1026.3,1.167,1,0,10,0,0,0
2023-12-14 11:50,0.46638664,0.884580975,0.820341562,2.5,0,88.2,969,156.421,131.537,0.892357494,0,0,4.461,8.9,0.451329261,8.611,0.571873869,1025.9,1.168,1,0,10,0,0,0
2023-12-14 12:00,0.559192903,0.829037573,0.869331084,1.8,0,88.5,968.8,161.681,131.557,0.863457184,0,0,4.095,9.1,0.504422136,8.673,0.494230175,1025.6,1.167,1,0,10,0,0,0
2023-12-14 12:10,0.549022818,0.835807361,0.869331084,0.8,0,87.9,968.9,161.681,131.591,0.887260533,0,0,5.147,9.2,0.461268627,8.92,0.494230175,1025.7,1.166,1,0,10,0,0,0
2023-12-14 12:20,0.697165103,0.716910608,0.869331084,1.1,0,87.5,968.7,161.681,131.61,0.813192191,0,0,4.96,9.2,0.581995241,8.84,0.494230175,1025.5,1.167,1,0,10,0,0,0
2023-12-14 12:30,0.469471563,0.882947593,0.869331084,1.7,0,88.2,968.6,161.681,131.617,0.851928067,0,0,5.57,9.2,0.523658828,8.852,0.494230175,1025.4,1.167,1,0,10,0,0,0
2023-12-14 12:40,0.534352349,0.845261833,0.869331084,1.2,0,91.8,968.3,161.681,131.603,0.919478768,0.5,0,5.372,9.1,0.393139663,8.917,0.494230175,1025.1,1.166,1,0,10,0,0,0
2023-12-14 12:50,0.255445758,0.966823389,0.877849265,0.8,0,93.5,968.3,162.686,131.564,0.930890144,0,0,5.046,9.1,0.365299246,9.027,0.478937018,1025.1,1.166,1,0,10,0,0,0
2023-12-14 13:00,0.532876276,0.846193166,0.927608236,1.7,0,94.5,968.3,169.365,131.528,0.90408255,0,0,5.017,8.8,0.427357863,8.913,0.373554496,1024.9,1.166,1,0,10,0,0,0
2023-12-14 13:10,0.738455341,0.674302388,0.927608236,1.7,0,94.9,968.5,169.365,131.512,0.893347861,0,0,4.61,8.6,0.449365775,8.808,0.373554496,1025.2,1.167,1,0,10,0,0,0
2023-12-14 13:20,0.674302388,0.738455341,0.927608236,1.3,0,95.4,968.3,169.365,131.498,0.89755099,0.5,0,5.031,8.4,0.440910671,8.712,0.373554496,1025,1.167,1,0,10,0,0,0
2023-12-14 13:30,0.804893797,0.593418887,0.927608236,1.3,0,96,967.9,169.365,131.48,0.896262057,0.5,0,5.67,8.4,0.443524887,8.614,0.373554496,1024.6,1.168,1,0,10,0,0,0
2023-12-14 13:40,0.745476,0.66653247,0.927608236,1.5,0,96.7,967.7,169.365,131.426,0.89431048,0,0,5.378,8.4,0.447446942,8.547,0.373554496,1024.4,1.168,1,0,10,0,0,0
2023-12-14 13:50,0.64412363,0.764921401,0.927608236,1.4,0,97.1,967.6,169.365,131.37,0.905923858,0.5,0,5.692,8.5,0.423440626,8.542,0.373554496,1024.2,1.168,1,0,10,0,0,0
2023-12-14 14:00,0.791223533,0.61152704,0.926718936,2.3,0,97.3,967.2,169.229,131.291,0.858324722,0,0,5.83,8.4,0.513106881,8.44,0.375755257,1023.8,1.168,1,0,10,0,0,0
2023-12-14 14:10,0.618408395,0.785856893,0.869331084,1.5,0,97.4,967.1,161.681,131.195,0.854322791,0.5,0,5.455,8.4,0.519742791,8.414,0.494230175,1023.7,1.168,1,0,10,0,0,0
2023-12-14 14:20,0.75470958,0.656059029,0.869331084,1.8,0,97.8,967.1,161.681,131.15,0.844655086,0.5,0,5.464,8.4,0.535310924,8.485,0.494230175,1023.7,1.168,1,0,10,0,0,0
2023-12-14 14:30,0.79335334,0.608761429,0.869331084,1.7,0,97.9,967.3,161.681,131.102,0.801306023,0,0,5.24,8.4,0.598254676,8.453,0.494230175,1024,1.168,1,0,10,0,0,0
2023-12-14 14:40,0.64412363,0.764921401,0.811553587,1.6,0,98.1,967.4,155.55,131.024,0.700436065,0.5,0,5.227,8.3,0.713715153,8.462,0.584277995,1024.1,1.168,1,0,10,0,0,0
2023-12-14 14:50,0.849892693,0.526955795,0.714423832,1.7,0,98.2,967.3,146.899,130.944,0.701319951,0.5,0,5.654,8.4,0.712846636,8.477,0.699713218,1024,1.168,1,0,10,0,0,0
2023-12-14 15:00,0.752414909,0.65868946,0.688822858,2.3,0,98.4,967,144.836,130.894,0.783856047,0.5,0,5.594,8.4,0.620942589,8.57,0.7249297,1023.6,1.168,1,0,10,0,0,0
2023-12-14 15:10,0.781520472,0.623879597,0.775605923,2,0,98.3,967,152.159,130.843,0.781988469,0,0,5.474,8.5,0.623292897,8.514,0.631217436,1023.6,1.168,1,0,10,0,0,0
2023-12-14 15:20,0.975149354,0.221548498,0.779556643,2.1,0,98.3,967,152.52,130.797,0.735860768,0.5,0,6.579,8.4,0.677132875,8.459,0.626331733,1023.6,1.168,1,0,10,0,0,0
2023-12-14 15:30,0.521009632,0.853550797,0.779556643,2,0,98.5,966.7,152.52,130.687,0.750814711,0.5,0,7.39,8.4,0.660512884,8.532,0.626331733,1023.3,1.168,1,0,10,0,0,0
2023-12-14 15:40,0.865151421,0.501510737,0.779556643,2.9,0,98.6,966.5,152.52,130.585,0.74855081,0.5,0,6.755,8.5,0.663077436,8.52,0.626331733,1023.1,1.168,1,0,10,0,0,0
2023-12-14 15:50,0.920504853,0.390731128,0.779556643,1.8,0,98.5,966.7,152.52,130.485,0.698727499,1,0,7.719,8.6,0.715387924,8.528,0.626331733,1023.3,1.168,1,0,10,0,0,0
2023-12-14 16:00,0.795473481,0.6059884,0.779556643,1.4,0,98.6,966.7,152.52,130.286,0.75664141,0.5,0,8.207,8.6,0.653830082,8.543,0.626331733,1023.3,1.168,1,0,10,0,0,0
2023-12-14 16:10,0.797583929,0.603207988,0.779556643,1.3,0,98.7,966.5,152.52,130.17,0.852703993,0.5,0,7.992,8.7,0.522394391,8.618,0.626331733,1023,1.168,1,0,10,0,0,0
2023-12-14 16:20,0.684547106,0.728968627,0.824787964,2.6,0,98.7,966.3,156.865,130.12,0.886211665,0.5,0,7.636,8.8,0.463280568,8.59,0.565442141,1022.8,1.168,1,0,10,0,0,0
2023-12-14 16:30,0.964557418,0.26387305,0.856969477,1.5,0,98.7,966.4,160.278,130.086,0.895152308,0.5,0,7.085,8.8,0.445760412,8.556,0.515367166,1022.9,1.168,1,0,10,0,0,0
2023-12-14 16:40,0.913545458,0.406736643,0.856969477,1.1,0,98.7,966.4,160.278,130.027,0.895820378,0.5,0,6.818,8.8,0.444416302,8.524,0.515367166,1022.9,1.168,1,0,10,0,0,0
2023-12-14 16:50,0.654740814,0.755853469,0.907440428,1.8,0,98.7,966.2,166.451,130.024,0.943263232,0.5,0,5.564,8.8,0.332045893,8.507,0.420180758,1022.7,1.168,1,0,10,0,0,0
2023-12-14 17:00,0.740804596,0.671720589,0.918176929,1.8,0,98.7,966.2,167.961,130,0.879665175,0.5,0,6.106,8.8,0.475593503,8.464,0.396170578,1022.7,1.168,1,0,10,0,0,0
2023-12-14 17:10,0.961261696,0.275637356,0.918176929,1.8,0,98.8,966.1,167.961,129.912,0.87045881,0.5,0,6.646,8.8,0.492241262,8.442,0.396170578,1022.6,1.168,1,0,10,0,0,0
2023-12-14 17:20,0.648119901,0.761538308,0.918176929,2.4,0,98.8,966,167.961,129.865,0.900986176,0.5,0,6.297,8.8,0.433847796,8.407,0.396170578,1022.5,1.168,1,0,10,0,0,0
2023-12-14 17:30,0.710799474,0.703394703,0.918176929,2.3,0,98.9,965.9,167.961,129.871,0.963035734,0,0,6.011,8.7,0.26937367,8.382,0.396170578,1022.4,1.169,1,0,10,0,0,0
2023-12-14 17:40,0.823136369,0.567843745,0.961612103,2.4,0,98.8,966,175.373,129.897,0.973283166,0.5,0,7.042,8.8,0.229608099,8.418,0.274412398,1022.5,1.168,1,0,10,0,0,0
2023-12-14 17:50,0.866025404,0.5,0.96255466,2,0,98.8,966,175.571,129.852,0.947109507,0.5,0,6.954,8.8,0.32091055,8.41,0.271087673,1022.5,1.168,1,0,10,0,0,0
2023-12-14 18:00,0.656059029,0.75470958,0.96255466,2.3,0,98.9,965.9,175.571,129.797,0.945785323,0.5,0,7.166,8.9,0.324792432,8.463,0.271087673,1022.6,1.168,1,0,10,0,0,0
2023-12-14 18:10,0.930417568,0.366501227,0.96255466,1.2,0,98.9,965.6,175.571,129.779,0.962127649,0.5,0,6.482,8.9,0.272599316,8.552,0.271087673,1022.3,1.168,1,0,10,0,0,0
2023-12-14 18:20,0.81004164,0.586372357,0.96255466,1.8,0,98.9,965.5,175.571,129.81,0.945909964,0,0,6.409,8.9,0.324429252,8.508,0.271087673,1022.2,1.168,1,0,10,0,0,0
2023-12-14 18:30,0.730162277,0.683273774,0.96255466,2,0,98.9,965.5,175.571,129.797,0.928323699,0.5,0,6.521,8.9,0.371772929,8.545,0.271087673,1022.2,1.168,1,0,10,0,0,0
2023-12-14 18:40,0.880477354,0.474088209,0.946946959,1.5,0,98.9,965.5,172.552,129.723,0.908223534,0,0,7.456,8.9,0.418485379,8.638,0.321389884,1022.2,1.167,1,0,10,0,0,0
2023-12-14 18:50,0.506033764,0.862513669,0.917664492,1.8,0,99,965.4,167.887,129.665,0.884572835,0.5,0,6.761,8.9,0.466402079,8.677,0.397356112,1022.1,1.167,1,0,10,0,0,0
2023-12-14 19:00,0.746638182,0.665230355,0.917664492,1,0,98.9,965.2,167.887,129.643,0.897897004,0.5,0,7.297,8.9,0.440205601,8.688,0.397356112,1021.8,1.167,1,0,10,0,0,0
2023-12-14 19:10,0.556295616,0.830984469,0.917664492,2.6,0,99,964.9,167.887,129.662,0.933123076,0.5,0,6.503,9,0.359557124,8.774,0.397356112,1021.5,1.167,1,0,10,0,0,0
2023-12-14 19:20,0.67815967,0.734914595,0.917664492,2.3,0,99,964.9,167.887,129.695,0.842104298,0,0,6.87,9,0.539314705,8.854,0.397356112,1021.5,1.167,1,0,10,0,0,0
2023-12-14 19:30,0.634730513,0.772733573,0.856753525,1.9,0,99,965,160.256,129.647,0.798330802,0.5,0,6.174,9,0.602219172,8.975,0.515726087,1021.6,1.166,1,0,10,0,0,0
2023-12-14 19:40,0.587785252,0.809016994,0.80450005,2.7,0,99,965.1,154.864,129.577,0.638163336,0.5,0,7.767,9,0.769901005,8.903,0.593952582,1021.7,1.166,1,0,10,0,0,0
2023-12-14 19:50,0.698415285,0.715692734,0.690175464,1.9,0,99,964.8,144.949,129.446,0.716070508,1,0,8.134,9,0.698027956,8.951,0.723642058,1021.4,1.166,1,0,10,0,0,0
2023-12-14 20:00,0.86949493,0.493941867,0.710688976,5,0,99.1,964.6,146.589,129.452,0.779633158,0,0,7.998,9.1,0.626236487,9.103,0.703506346,1021.1,1.166,1,0,10,0,0,0
2023-12-14 20:10,0.739631095,0.673012514,0.746231677,2.2,0,99.1,964.4,149.565,129.227,0.745452733,1,0,7.866,9.1,0.666558492,9.009,0.665686326,1020.9,1.166,1,0,10,0,0,0
2023-12-14 20:20,0.663926213,0.74779809,0.746231677,2.3,0,99.1,964.6,149.565,129.041,0.644390598,0.5,0,8.299,9.1,0.764696513,9.063,0.665686326,1021.1,1.166,1,0,10,0,0,0
2023-12-14 20:30,0.731353702,0.68199836,0.746231677,2.5,0,99,964.1,149.565,128.976,0.779130132,0.5,0,8.276,9,0.626862215,9.077,0.665686326,1020.6,1.166,1,0,10,0,0,0
2023-12-14 20:40,0.75470958,0.656059029,0.786007975,2.6,0,99.1,963.9,153.114,129.043,0.853141334,0.5,0,8.172,9.2,0.521679848,9.14,0.618216356,1020.4,1.165,1,0,10,0,0,0
2023-12-14 20:50,0.940288127,0.34037955,0.828529724,1.9,0,99.1,963.8,157.248,128.847,0.81693357,0.5,0,8.44,9.3,0.576731777,9.053,0.559945084,1020.2,1.166,1,0,10,0,0,0
2023-12-14 21:00,0.487859659,0.872922077,0.828529724,2.6,0,99.1,963.8,157.248,128.694,0.79927578,0,0,7.266,9.2,0.600964414,9.131,0.559945084,1020.3,1.165,1,0,10,0,0,0
2023-12-14 21:10,0.698415285,0.715692734,0.828529724,1.9,0,99.1,963.6,157.248,128.687,0.838109284,0.5,0,7.049,9.3,0.545502362,9.214,0.559945084,1020,1.165,1,0,10,0,0,0
2023-12-14 21:20,0.688354576,0.725374371,0.828529724,2.4,0,99.2,963.6,157.248,128.796,0.89651736,0.5,0,6.811,9.5,0.443008603,9.402,0.559945084,1020,1.164,1,0,10,0,0,0
2023-12-14 21:30,0.660001668,0.751264134,0.890855926,1.6,0,99.1,963.5,164.279,128.949,0.934527855,0.5,0,5.898,9.5,0.355889995,9.547,0.454285944,1019.9,1.164,1,0,10,0,0,0
2023-12-14 21:40,0.663926213,0.74779809,0.930263967,0.8,0,99.2,963.4,169.774,129.137,0.987311467,0.5,0,6.553,9.3,0.158795678,9.703,0.366890927,1019.8,1.163,1,0,10,0,0,0
2023-12-14 21:50,0.882126866,0.471011881,0.977841735,1.6,0,99.2,963,179.212,129.309,0.993713327,0.5,0,7.116,9.4,0.111954565,9.862,0.209345506,1019.4,1.162,1,0,10,0,0,0
2023-12-14 22:00,0.433659085,0.901077021,0.990335963,0.2,0,99.2,962.9,183.328,129.404,0.960570761,0,0,6.825,9.6,0.278035632,9.816,0.138689148,1019.2,1.163,1,0,10,0,0,0
2023-12-14 22:10,0.996917334,0.078459096,0.990335963,0.8,0,99.1,962.8,183.328,129.427,0.990999562,0.5,0,6.339,9.5,0.133865113,9.884,0.138689148,1019.1,1.162,1,0,10,0,0,0
2023-12-14 22:20,0.743144825,0.669130606,0.990335963,1.3,0,99.2,962.7,183.328,129.554,0.972496084,0.5,0,6.751,9.7,0.232919227,10.055,0.138689148,1019,1.162,1,0,10,0,0,0
2023-12-14 22:30,0.538770785,0.842452397,0.976246873,1.1,0,99.2,962.4,178.788,129.636,0.948251637,0.5,0,6.651,9.6,0.317519816,10.012,0.216661123,1018.7,1.162,1,0,10,0,0,0
2023-12-14 22:40,0.518027009,0.85536426,0.962903979,0.8,0,99.2,962.3,175.645,129.729,0.963728336,0,0,6.755,9.9,0.266885169,10.175,0.269844266,1018.5,1.161,1,0,10,0,0,0
2023-12-14 22:50,-0.58212297,0.813100761,0.962903979,0.4,0,99.2,962.3,175.645,129.873,0.983203979,0.5,0,5.747,9.8,0.182510095,10.331,0.269844266,1018.5,1.16,1,0,10,0,0,0
2023-12-14 23:00,0.566406237,0.824126189,0.962903979,0,0,99.1,962.1,175.645,130.049,0.98834026,0.5,0,6.644,9.7,0.152261386,10.442,0.269844266,1018.3,1.16,1,0,10,0,0,0
2023-12-14 23:10,-0.333806859,-0.942641491,0.986452172,0.3,0,99.2,961.6,181.856,130.197,0.999861675,0.5,0,7.08,10.1,-0.016632221,10.544,0.164049113,1017.7,1.16,1,0,10,0,0,0
2023-12-14 23:20,0.860742027,0.509041416,0.999994208,0.8,0,99.2,961.6,191.102,130.329,0.998006953,0,0,6.272,10,-0.063104056,10.576,0.003403385,1017.7,1.159,1,0,10,0,0,0
2023-12-14 23:30,-0.899557779,0.436801788,0.999946802,0.9,0,99.2,961.5,190.707,130.379,0.980042839,0.5,0,6.208,10,0.1987864,10.462,0.010314713,1017.6,1.16,1,0,10,0,0,0
2023-12-14 23:40,0.81004164,0.586372357,0.986776624,2.1,0,99.2,961,181.964,130.349,0.92505732,0,0,5.239,9.9,0.379827532,10.223,0.16208607,1017.1,1.161,1,0,10,0,0,0
2023-12-14 23:50,0.807989884,0.589196357,0.951744493,2.6,0,99.2,960.9,173.428,130.397,0.922133464,0,0,5.492,9.9,0.38687191,10.142,0.306891544,1017,1.161,1,0,10,0,0,0
2023-12-15 0:00,0.529919264,0.848048096,0.9452398,1.8,0,99.2,960.9,172.249,130.491,0.876281454,0,0,4.482,9.7,0.481799557,10.136,0.326376654,1017.1,1.161,1,0,10,0,0,0
2023-12-15 0:10,0.262189179,0.965016494,0.889615735,0.5,0,99.2,960.7,164.117,130.583,0.763548134,0.5,0,4.693,9.5,0.645750917,10.053,0.456709802,1016.9,1.162,1,0,10,0,0,0
2023-12-15 0:20,0.318959309,0.94776841,0.783574191,0.8,0,99.2,960.5,152.889,130.687,0.702736895,0.5,0,5.048,9.4,0.711449827,10.153,0.621298227,1016.7,1.161,1,0,10,0,0,0
2023-12-15 0:30,0.940880769,0.33873792,0.710725811,1.1,0,99.2,960.3,146.596,130.779,0.54377513,0.5,0,4.863,9.4,0.839230962,10.029,0.703469134,1016.5,1.162,1,0,10,0,0,0
2023-12-15 0:40,0.764921401,0.64412363,0.577273461,1.6,0,99.3,960.2,136.565,130.856,0.540372498,1,0,5.14,9.4,0.841425911,9.812,0.816550887,1016.4,1.163,1,0,10,0,0,0
2023-12-15 0:50,0.753563392,0.657375246,0.546379729,2.3,0,99.3,959.6,134.419,130.947,0.565096605,0.5,0,5.556,9.3,0.825024743,9.609,0.837537576,1015.8,1.163,1,0,10,0,0,0
2023-12-15 1:00,0.680720869,0.732542899,0.504693375,4,0,99.2,959.7,131.61,130.992,0.268213713,1,0,5.245,9.1,0.963359437,9.68,0.863298672,1016,1.163,1,0,10,0,0,0
2023-12-15 1:10,0.718126298,0.695912797,0.316774963,2.2,0,99.3,959.6,119.733,130.944,0.19823901,0.5,0,4.786,8.8,0.98015371,9.454,0.948500724,1015.7,1.164,1,0,3.9,0,0,4.333
2023-12-15 1:20,-0.158158067,0.987413807,0.197486248,0.6,0,99.3,959.3,112.767,130.98,0.445150998,0.5,0,5.917,8.9,0.89545552,9.315,0.980305657,1015.6,1.165,1,0,10,0,0,0
2023-12-15 1:30,0.728968627,0.684547106,0.450597104,3.5,0,99.2,959.4,128.064,130.961,0.238736846,0.5,0,4.914,8.8,0.9710843,9.159,0.892727422,1015.5,1.165,1,0,10,0,0,0
2023-12-15 1:40,0.753563392,0.657375246,0.201043727,2,0,99.3,959.3,112.88,130.928,-0.285353832,1,0,4.638,8.7,0.95842224,9.232,0.979582268,1015.4,1.165,1,0,8.433,0,0,0
2023-12-15 1:50,0.236838146,-0.97154912,-0.096280067,2.1,0,99.3,959.8,95.635,130.628,-0.396811489,1,0,5.089,8.6,0.917900126,8.844,0.995354283,1016,1.167,1,0,1.133,0,0,8.7
2023-12-15 2:00,0.997052752,0.076719028,-0.534883338,1.5,0,99.3,959,69.075,130.561,0.34287284,0.5,0,6.176,8.6,0.939381826,9.696,0.844925923,1015.1,1.163,1,0,10,0,0,0
2023-12-15 2:10,0.625242656,0.780430407,0.343217119,0.9,0,99.4,959.1,121.373,130.595,0.124259589,1,0,5.675,9.1,0.992249744,10.059,0.939256094,1015.3,1.162,1,0,10,0,0,0
2023-12-15 2:20,0.601815023,0.79863551,0.149466315,2.5,0,99.2,959.1,109.898,130.577,-0.193326861,1,0,3.524,8.7,0.981134407,10.146,0.988766818,1015.2,1.161,1,0,4.2,0,0,4.067
2023-12-15 2:30,0.805928282,0.592013179,-0.230355459,1.9,0,99.3,959.2,88.012,130.48,-0.729756685,2.5,0,2.936,8.5,0.68370694,9.351,0.973106552,1015.4,1.165,1,1.767,0.033,0,0,8.2
2023-12-15 2:40,0.768283524,0.640109699,-0.547227281,1.8,0,99.3,959.2,68.158,130.392,-0.063783363,1.5,0,1.865,8.4,0.997963768,9.909,0.836984052,1015.4,1.162,1,0,0.033,0,0,2.467
2023-12-15 2:50,0.814115518,0.580702956,-0.269289629,1.1,0,99.3,958.8,86.552,130.419,0.728526414,0,0,2.771,8.5,0.685017711,9.765,0.963059238,1014.9,1.163,0,0,0,0,0,0
2023-12-15 3:00,0.549022818,0.835807361,0.454938853,1,0,99.3,958.7,128.361,130.474,0.616678712,0,0,2.397,8.6,0.787214943,9.952,0.890522678,1014.8,1.162,0,0,0,0,0,0
2023-12-15 3:10,0.586372357,0.81004164,0.454938853,1.6,0,99.3,958.6,128.361,130.546,0.397340096,0.5,0,2.383,8.5,0.917671427,9.623,0.890522678,1014.7,1.163,0,0,0,0,0,0
2023-12-15 3:20,0.654740814,0.755853469,0.454938853,1.2,0,99.3,958.5,128.361,130.622,0.731508423,0,0,1.135,8.4,0.681832404,9.932,0.890522678,1014.6,1.162,0,0,0,0,0,0
2023-12-15 3:30,0.822144041,0.569279523,0.454938853,1.1,0,99.3,958.4,128.361,130.685,-0.695210579,1.5,0,2.302,8.4,0.718806129,9.463,0.890522678,1014.5,1.164,0,0,0,0,0,0
2023-12-15 3:40,-0.149535343,0.988756381,0.454938853,0.6,0,99.3,958.5,128.361,130.754,-0.950743214,1,0,1.887,8.2,-0.309979582,10.063,0.890522678,1014.7,1.162,0,0,0,0,0,0
2023-12-15 3:50,0.948876012,-0.315649037,-0.380311839,1.3,0,99.3,958,80.093,130.84,-0.49957672,0.5,0,6.43,8.2,-0.866269646,11.484,0.924858316,1014.2,1.156,0,0,0,0,0,7.133
2023-12-15 4:00,0.999945169,0.010471784,-0.971474667,2.1,0,99.4,957.8,0.082,130.794,-0.482013658,1,0,6.831,8.6,-0.876163702,11.906,-0.237143356,1013.8,1.154,1,0,3.133,0,0,6.833
2023-12-15 4:10,0,1,-0.490569195,0,0,99.3,957.6,-49.322,130.807,-0.358758975,0,0,5.058,8.3,-0.933430232,11.517,-0.87140224,1013.7,1.156,1,0,10,0,0,0
2023-12-15 4:20,0.022687334,-0.999742609,-0.388110819,0,0,99.3,957.4,-55.861,130.812,-0.368708676,0,0,4.936,8.2,-0.929545003,11.567,-0.921612713,1013.5,1.155,1,0,10,0,0,0
2023-12-15 4:30,0.325568154,0.945518576,-0.367264329,0.2,0,99.4,957.4,-57.153,130.844,-0.249568843,0,0,3.98,8.1,-0.968357058,11.451,-0.930116612,1013.6,1.156,1,0,10,0,0,0
2023-12-15 4:40,-0.944948912,-0.327217899,-0.367264329,0.2,0,99.3,957.3,-57.153,130.877,-0.417407183,0.5,0,2.74,8,-0.908719563,11.077,-0.930116612,1013.5,1.157,1,0,7.2,0,0,0
2023-12-15 4:50,-0.034899497,-0.999390827,-0.367264329,1.3,0,99.4,957.2,-57.153,130.919,-0.253960523,0.5,0,4.157,7.9,-0.967214585,10.955,-0.930116612,1013.4,1.158,1,0,2.4,0,0,2.933
2023-12-15 5:00,-0.734914595,0.67815967,-0.367264329,0.4,0,99.3,957.1,-57.153,130.991,-0.27816975,0.5,0,4.226,8.1,-0.960531931,11.212,-0.930116612,1013.2,1.157,1,0,10,0,0,0
2023-12-15 5:10,0,1,-0.367264329,0,0,99.3,957,-57.153,131.033,-0.315102471,0.5,0,3.517,7.9,-0.949057655,11.209,-0.930116612,1013.2,1.157,1,0,10,0,0,0
2023-12-15 5:20,0,1,-0.355661637,0,0,99.4,956.9,-57.868,131.055,-0.194713713,0.5,0,3.351,7.9,-0.980860117,11.211,-0.934614787,1013.1,1.157,1,0,10,0,0,0
2023-12-15 5:30,-0.593418887,0.804893797,-0.240854854,0,0,99.4,956.8,-64.763,131.032,0.796097072,0,0,2.571,7.9,-0.605168945,10.608,-0.970561147,1013,1.159,1,0,1.9,0,0,0
2023-12-15 5:40,0.265556117,0.964095404,0.772711417,0,0,99.3,956.7,-126.427,131,0.962141921,0.5,0,3.192,7.9,0.272548938,9.803,-0.634757486,1012.9,1.163,0,0,0,0,0,0.167
2023-12-15 5:50,0.97236992,-0.233445364,0.997989292,0.7,0,99.4,956.7,-172.321,130.838,0.912998018,0,0,3.463,7.9,0.407963992,8.945,0.063382749,1012.9,1.166,0,0,0,0,0,10
2023-12-15 6:00,0,1,0.967094801,0,0,99.3,956.9,-183.437,130.788,0.994625392,0.5,0,3.415,7.9,0.103539024,9.262,0.254416284,1013.1,1.165,1,0,5.1,0,0,3.167
2023-12-15 6:10,-0.38912395,-0.921185406,0.990102197,0,0,99.4,956.6,-176.767,130.822,0.999361239,0,0,3.443,7.8,-0.035736732,8.656,0.140348276,1012.8,1.167,1,0,10,0,0,0
2023-12-15 6:20,0,1,0.999896337,0,0,99.4,956.6,-169.525,130.831,0.999995228,0,0,4.073,7.8,-0.003089228,8.822,0.014398469,1012.8,1.167,1,0,10,0,0,0
2023-12-15 6:30,0.962217994,0.272280247,0.996003742,0.1,0,99.4,956.5,-173.829,130.792,0.959382935,0.5,0,4.353,7.8,0.282107044,7.975,0.08931151,1012.7,1.17,1,0,10,0,0,0
2023-12-15 6:40,0.532876276,0.846193166,0.962312979,0.4,0,99.4,956.6,-184.478,130.71,0.888905235,0,0,4.698,7.8,0.458091129,7.463,0.271944353,1012.8,1.172,1,0,10,0,0,0
2023-12-15 6:50,-0.918446381,0.395545503,0.926022185,0,0,99.3,956.7,-190.877,130.626,0.870329912,0,0,4.738,7.8,0.492469131,7.413,0.377469088,1012.9,1.173,1,0,10,0,0,0
2023-12-15 7:00,0.88376563,0.467929814,0.93112585,0.2,0,99.4,956.7,-190.087,130.559,0.974413234,0,0,4.58,7.7,0.224763985,7.326,0.364698028,1012.9,1.173,1,0,10,0,0,0
2023-12-15 7:10,0.753563392,0.657375246,0.968178223,1.8,0,99.4,956.8,-183.193,130.519,0.974102401,0,0,4.48,7.7,0.226107301,7.287,0.250261721,1013,1.173,1,0,10,0,0,0
2023-12-15 7:20,0.98450318,0.175366726,0.958192835,1.6,0,99.3,956.9,-185.329,130.479,0.895284528,0,0,4.677,7.5,0.445494796,7.222,0.286123211,1013.2,1.173,1,0,10,0,0,0
2023-12-15 7:30,0.648119901,0.761538308,0.926022185,1.2,0,99.4,956.9,-190.877,130.367,0.861008442,0.5,0,5.845,7.4,0.508590663,7.138,0.377469088,1013.2,1.174,1,0,10,0,0,0
2023-12-15 7:40,0.937888935,0.346935652,0.885215074,0.9,0,99.3,956.9,-196.42,130.197,0.872146134,0,0,5.824,7.2,0.489245461,7.091,0.465181978,1013.3,1.174,1,0,10,0,0,0
2023-12-15 7:50,0.996492859,0.083677843,0.867235858,1.3,0,99.4,956.7,-198.561,130.087,0.891109508,0,0,5.689,7,0.453788325,7.008,0.497897546,1013.1,1.174,1,0,10,0,0,0
2023-12-15 8:00,0.669130606,-0.743144825,0.867235858,0,0,99.4,956.6,-198.561,130.012,0.87069926,0,0,5.111,6.9,0.491815817,6.711,0.497897546,1013,1.175,1,0,10,0,0,0
2023-12-15 8:10,-0.06104854,-0.998134798,0.867235858,0.2,0,99.4,956.5,-198.561,129.954,0.854875651,0,0,5.481,7,0.518832941,6.631,0.497897546,1012.9,1.176,1,0,10,0,0,0
2023-12-15 8:20,0.768283524,0.640109699,0.867235858,0.4,0,99.4,956.4,-198.561,129.887,0.911532513,0,0,5.906,6.9,0.411228013,6.758,0.497897546,1012.8,1.175,1,0,10,0,0,0
2023-12-15 8:30,0.993372766,0.11493715,0.867235858,0.6,0,99.5,956.2,-198.561,129.815,0.926318363,0,0,5.813,6.9,0.376741676,6.602,0.497897546,1012.6,1.176,1,0,10,0,0,0
2023-12-15 8:40,0.996041065,0.088894297,0.913133254,1,0,99.3,956.3,-192.76,129.746,0.961927565,0.5,0,5.936,6.8,0.273304519,6.499,0.407661208,1012.7,1.176,1,0,10,0,0,0
2023-12-15 8:50,0.405141587,0.914253955,0.926022185,0.4,0,99.4,956.5,-190.877,129.655,0.901092158,0,0,6.37,6.9,0.433627631,6.604,0.377469088,1012.9,1.176,1,0,10,0,0,0
2023-12-15 9:00,-0.371367836,-0.928485827,0.926022185,1,0,99.4,956.4,-190.877,129.53,0.907139521,0,0,6.209,6.8,0.420830001,6.504,0.377469088,1012.8,1.176,1,0,10,0,0,0
2023-12-15 9:10,-0.999328394,0.036643709,0.926022185,1,0,99.4,956.4,-190.877,129.44,0.925070578,0,0,5.936,6.9,0.379795241,6.424,0.377469088,1012.8,1.177,1,0,10,0,0,0
2023-12-15 9:20,-0.774944489,-0.632029303,0.945960914,1,0,99.4,956.4,-187.622,129.386,0.997770127,0,0,5.038,6.8,0.066744096,6.657,0.324280665,1012.8,1.176,1,0,10,0,0,0
2023-12-15 9:30,0.77384021,0.633380873,0.987457934,1.5,0,99.4,956.5,-177.778,129.341,0.99431009,0.5,0,5.381,6.8,0.106524385,6.718,0.157882323,1012.9,1.175,1,0,10,0,0,0
2023-12-15 9:40,0.815127796,0.579281172,0.994465194,0.2,0,99.3,956.3,-174.741,129.246,0.933855358,0,0,5.917,6.8,0.357650906,6.455,0.105066536,1012.7,1.177,1,0,10,0,0,0
2023-12-15 9:50,0.513541252,0.858064906,0.949688194,1.8,0,99.5,956.4,-186.955,129.083,0.88614697,0,0,5.756,6.6,0.463404302,6.296,0.313196957,1012.9,1.177,1,0,10,0,0,0
2023-12-15 10:00,0.800731371,0.599023599,0.909366843,1,0,99.4,956.4,-193.282,128.942,0.841359886,0,0,6.16,6.4,0.540475294,6.145,0.415995127,1012.9,1.178,1,0,10,0,0,0
2023-12-15 10:10,0.553391549,0.832921241,0.848020348,1.4,0,99.4,956.1,-200.703,128.79,0.806527159,0.5,0,6.247,6.3,0.591197042,6.042,0.529963667,1012.7,1.178,1,0,10,0,0,0
2023-12-15 10:20,0.789084085,0.6142852,0.848020348,0.9,0,99.4,956,-200.703,128.671,0.760201898,0,0,5.968,6.2,0.649686905,5.894,0.529963667,1012.6,1.179,1,0,10,0,0,0
2023-12-15 10:30,0.7193398,0.69465837,0.772977236,2.1,0,99.4,955.8,-208.077,128.577,0.781324436,0.5,0,6.159,6.2,0.624125088,5.721,0.634433758,1012.4,1.18,1,0,10,0,0,0
2023-12-15 10:40,0.763796029,0.645457688,0.769544467,2.1,0,99.4,955.8,-208.387,128.491,0.728263333,0,0,7.033,5.8,0.685297394,5.522,0.63859323,1012.5,1.181,1,0,10,0,0,0
2023-12-15 10:50,0.933580426,0.35836795,0.769544467,1.7,0,99.4,955.7,-208.387,128.368,0.807722432,0.5,0,6.998,5.6,0.589562951,5.504,0.63859323,1012.4,1.181,1,0,10,0,0,0
2023-12-15 11:00,0.741975841,-0.670426619,0.769544467,1.3,0,99.4,955.6,-208.387,128.267,0.706637655,0,0,7.449,5.6,0.707575597,5.563,0.63859323,1012.3,1.18,1,0,10,0,0,0
2023-12-15 11:10,0.840566603,0.54170821,0.723051548,1.6,0,99.4,955.3,-212.393,128.077,0.608609105,0,0,6.765,5.7,0.793470199,5.393,0.690794079,1012,1.181,1,0,10,0,0,0
2023-12-15 11:20,-0.846193166,-0.532876276,0.634163899,0.5,0,99.4,955.1,-219.343,127.934,0.505446553,0.5,0,7.618,5.6,0.862857916,5.289,0.773198648,1011.8,1.182,1,0,10,0,0,0
2023-12-15 11:30,0.768283524,0.640109699,0.571745003,0.7,0,99.5,954.8,-223.828,127.845,0.564506085,0,0,7.464,5.7,0.825428907,5.35,0.820431381,1011.4,1.181,1,0,10,0,0,0
2023-12-15 11:40,0.673012514,0.739631095,0.571745003,0.4,0,99.4,954.6,-223.828,127.8,0.633961455,0.5,0,6.652,5.7,0.773364645,5.267,0.820431381,1011.2,1.182,1,0,10,0,0,0
2023-12-15 11:50,0.822144041,0.569279523,0.571745003,1.5,0,99.5,954.2,-223.828,127.785,0.634177394,0.5,0,6.51,5.7,0.773187579,5.31,0.820431381,1010.8,1.181,1,0,10,0,0,0
2023-12-15 12:00,0.707106781,0.707106781,0.614395371,2.1,0,99.5,954.3,-220.788,127.796,0.695336024,0,0,6.052,5.7,0.718684781,5.331,0.788998307,1010.9,1.181,1,0,10,0,0,0
2023-12-15 12:10,0.661311865,0.75011107,0.678210975,0.7,0,99.4,954.4,-215.996,127.77,0.605682916,0.5,0,6.769,5.6,0.795706105,5.158,0.734867249,1011,1.182,1,0,10,0,0,0
2023-12-15 12:20,0.60737584,0.794414621,0.678210975,3.9,0,99.5,954.1,-215.996,127.705,0.601006263,0.5,0,6.886,5.5,0.799244313,5.08,0.734867249,1010.8,1.182,1,0,10,0,0,0
2023-12-15 12:30,0.665230355,0.746638182,0.596070734,2.7,0,99.5,954.3,-222.109,127.617,0.556179583,0.5,0,6.958,5.4,0.831062135,5.026,0.802931927,1011,1.183,1,0,10,0,0,0
2023-12-15 12:40,0.736097087,0.67687597,0.573862339,3.4,0,99.4,954,-223.68,127.551,0.495883103,0.5,0,7.69,5.4,0.868389284,4.975,0.818951778,1010.7,1.183,1,0,10,0,0,0
2023-12-15 12:50,0.871213811,0.490903754,0.477296799,3.3,0,99.4,953.9,-230.189,127.404,0.37302017,1,0,8.087,5.2,0.927823234,4.871,0.87874215,1010.6,1.183,1,0,10,0,0,0
2023-12-15 13:00,0.65868946,0.752414909,0.458075615,2.4,0,99.5,953.8,-231.437,127.302,0.419024256,0.5,0,8.42,5.3,0.90797504,4.809,0.88891323,1010.5,1.184,1,0,10,0,0,0
2023-12-15 13:10,0.763796029,0.645457688,0.404997971,2.3,0,99.4,953.7,-234.81,127.121,0.265034453,0.5,0,8.901,5.1,0.964238943,4.672,0.914317583,1010.4,1.184,1,0,10,0,0,0
2023-12-15 13:20,0.537299608,0.843391446,0.335106265,4,0,99.4,953.7,-239.121,127.031,0.286875686,0.5,0,7.901,5.1,0.957967818,4.683,0.942180339,1010.4,1.184,1,0,10,0,0,0
2023-12-15 13:30,0.774944489,0.632029303,0.335106265,4,0,99.5,953.7,-239.121,126.983,0.19178546,1.5,0,8.608,5,0.981436874,4.621,0.942180339,1010.5,1.184,1,0,10,0,0,0
2023-12-15 13:40,0.748955721,0.662620048,0.276996032,4.9,0,99.5,953.6,-242.619,126.937,0.116272043,1.5,0,7.469,5,0.993217404,4.565,0.960871062,1010.4,1.185,1,0,10,0,0,0
2023-12-15 13:50,0.615661475,0.788010754,0.206118794,3.6,0,99.5,953.7,-246.805,126.877,0.143492622,0.5,0,8.821,4.8,0.989651387,4.449,0.978526976,1010.5,1.185,1,0,10,0,0,0
2023-12-15 14:00,0.722967146,0.690882411,0.206118794,4.4,0,99.4,953.3,-246.805,126.817,0.221786765,0.5,0,8.174,4.7,0.975095191,4.37,0.978526976,1010.1,1.185,1,0,10,0,0,0
2023-12-15 14:10,0.777145961,0.629320391,0.160484165,4.6,0,99.5,953.4,-249.46,126.756,-0.091710178,2,0,7.841,4.6,0.995785742,4.394,0.987038415,1010.3,1.185,1,0,10,0,0,0
2023-12-15 14:20,0.547563223,0.836764313,0.025199887,3.4,0,99.4,954,-257.259,126.678,0.014974365,2,0,5.915,4.6,0.999887878,4.49,0.999682432,1010.9,1.185,1,0,10,0,0,0
2023-12-15 14:30,0.960779154,0.277314653,-0.021361205,3.8,0,99.5,953.6,-259.92,126.763,0.085156078,2,0,5.577,4.6,0.996367624,4.504,0.999771823,1010.5,1.185,1,0,10,0,0,0
2023-12-15 14:40,0.988228381,0.152985836,0.105552511,2.5,0,99.4,953.6,-252.641,126.886,0.2508531,1,0,5.605,4.4,0.968025166,4.588,0.994413731,1010.5,1.184,1,0,10,0,0,0
2023-12-15 14:50,0.81613759,0.577857624,0.234887646,3.4,0,99.5,953.3,-245.116,126.992,0.236159819,0,0,8.667,4.4,0.971714227,4.364,0.972022527,1010.2,1.185,1,0,10,0,0,0
2023-12-15 15:00,0.919135339,-0.39394191,0.237550265,1.3,0,99.5,953.2,-244.958,126.966,0.190569133,1,0,10.212,4.3,0.981673778,4.228,0.971375248,1010.1,1.186,1,0,10,0,0,0
2023-12-15 15:10,0.760405966,0.649448048,0.237550265,5.3,0,99.5,953.4,-244.958,126.558,0.115214548,1,0,9.089,4.2,0.99334063,3.825,0.971375248,1010.4,1.188,1,0,10,0,0,0
2023-12-15 15:20,0.766044443,0.64278761,0.142836229,3.2,0,99.5,953.8,-250.486,126.194,0.018813539,0.5,0,9.628,4.2,0.99982301,3.813,0.989746337,1010.8,1.188,1,0,10,0,0,0
2023-12-15 15:30,0.641449632,0.767165152,0.105552511,4.7,0,99.5,954,-252.641,126.071,-0.022495396,1,0,7.32,4.1,0.999746947,3.934,0.994413731,1011,1.187,1,0,10,0,0,0
2023-12-15 15:40,0.788010754,0.615661475,0.105552511,3.4,0,99.5,954.5,-252.641,126.123,0.091953491,1,0,7.097,4.2,0.995763303,3.958,0.994413731,1011.5,1.187,1,0,10,0,0,0
2023-12-15 15:50,0.885393626,0.464842046,0.105552511,2.6,0,99.5,954,-252.641,126.207,0.185323608,0.5,0,7.133,4.2,0.982677547,3.963,0.994413731,1011,1.187,1,0,10,0,0,0
2023-12-15 16:00,0.700909264,0.713250449,0.105552511,4.5,0,99.5,954.2,-252.641,126.28,0.150018523,0.5,0,7.141,4.2,0.988683186,3.98,0.994413731,1011.2,1.187,1,0,10,0,0,0
2023-12-15 16:10,0.689619544,0.724171861,0.105552511,2.6,0,99.5,954.3,-252.641,126.337,-0.001867501,0.5,0,8.358,4.2,0.999998256,3.92,0.994413731,1011.3,1.187,1,0,10,0,0,0
2023-12-15 16:20,0.627963058,0.778243149,0.060369117,5.4,0,99.5,954.4,-255.241,126.296,0.013386276,1.5,0,7.687,4.1,0.9999104,3.894,0.998176122,1011.4,1.187,1,0,10,0,0,0
2023-12-15 16:30,0.866025404,0.5,0.002373646,4,0,99.5,954.7,-258.561,126.3,0.145513224,0.5,0,7.434,4,0.989356307,3.831,0.999997183,1011.8,1.188,1,0,10,0,0,0
2023-12-15 16:40,0.828060335,0.560638995,0.105552511,2.6,0,99.5,954.9,-252.641,126.147,0.10529217,0.5,0,8.735,4,0.99444133,3.634,0.994413731,1012,1.189,1,0,10,0,0,0
2023-12-15 16:50,0.703394703,0.710799474,0.105552511,4.8,0,99.4,955.3,-252.641,125.961,0.003822262,0.5,0,9.874,4,0.999992695,3.668,0.994413731,1012.4,1.188,1,0,10,0,0,0
2023-12-15 17:00,0.599023599,0.800731371,0.105552511,5.2,0,99.5,955.3,-252.641,125.835,0.046722901,0.5,0,9.349,4,0.998907889,3.704,0.994413731,1012.4,1.188,1,0,10,0,0,0
2023-12-15 17:10,0.515038075,0.857167301,0.105552511,3.8,0,99.5,955.5,-252.641,125.769,-0.002635444,0.5,0,8.646,3.9,0.999996527,3.67,0.994413731,1012.7,1.188,1,0,10,0,0,0
2023-12-15 17:20,0.863395551,0.504527624,0.105552511,3.2,0,99.5,955.5,-252.641,125.769,0.054584211,0,0,7.903,3.9,0.998509171,3.635,0.994413731,1012.7,1.189,1,0,10,0,0,0
2023-12-15 17:30,0.776046407,0.630675807,0.105552511,4.5,0,99.5,955.6,-252.641,125.587,0.1234456,0.5,0,7.858,3.8,0.992351341,3.468,0.994413731,1012.6,1.189,1,0,10,0,0,0
2023-12-15 17:40,0.67687597,0.736097087,0.105552511,5,0,99.5,955.5,-252.641,125.593,0.181119941,0,0,7.295,3.7,0.983461014,3.516,0.994413731,1012.6,1.189,1,0,10,0,0,0
2023-12-15 17:50,0.702153053,0.712026046,0.105552511,3.3,0,99.5,955.7,-252.641,125.668,0.152295885,0,0,7.679,3.7,0.988334945,3.567,0.994413731,1012.8,1.189,1,0,10,0,0,0
2023-12-15 18:00,0.759271307,0.650774217,0.105552511,3.5,0,99.5,955.6,-252.641,125.738,0.069965402,0,0,8.46,3.7,0.997549419,3.566,0.994413731,1012.7,1.189,1,0,10,0,0,0
2023-12-15 18:10,0.817144898,0.576432316,0.105552511,2.6,0,99.5,956.1,-252.641,125.764,0.129816696,0,0,7.515,3.7,0.99153801,3.476,0.994413731,1013.2,1.189,1,0,10,0,0,0
2023-12-15 18:20,0.615661475,0.788010754,0.173355972,3.5,0,99.5,955.6,-248.717,125.848,0.1571412,0,0,7.637,3.7,0.987576146,3.525,0.984859232,1012.7,1.189,1,0,10,0,0,0
2023-12-15 18:30,0.79863551,0.601815023,0.121332306,3.8,0,99.5,956.1,-251.733,125.801,-0.041666397,0,0,7.411,3.7,0.999131579,3.447,0.992611944,1013.2,1.189,1,0,10,0,0,0
2023-12-15 18:40,0.708339838,0.705871571,-0.005148699,3.2,0,99.5,956.5,-258.995,125.839,-0.043846063,0,0,6.218,3.8,0.999038299,3.472,0.999986745,1013.6,1.189,1,0,10,0,0,0
2023-12-15 18:50,0.654740814,0.755853469,0.040532892,2.6,0,99.5,956.5,-256.369,125.985,0.200223004,0,0,5.313,3.8,0.97975035,3.479,0.999178205,1013.6,1.189,1,0,10,0,0,0
2023-12-15 19:00,0.847121921,0.53139858,0.127324282,1.6,0,99.5,956.7,-251.385,126.115,0.076823439,0,0,6.163,3.8,0.997044713,3.489,0.991861143,1013.8,1.189,1,0,10,0,0,0
2023-12-15 19:10,0.596224875,0.802817475,0.127324282,2.8,0,99.5,956.8,-251.385,126.233,0.085156078,0,0,7.207,3.8,0.996367624,3.516,0.991861143,1013.9,1.189,1,0,10,0,0,0
2023-12-15 19:20,0.622514637,0.782608157,0.127324282,4.2,0,99.5,956.8,-251.385,126.278,-0.001884954,0,0,6.921,3.8,0.999998223,3.478,0.991861143,1013.9,1.189,1,0,10,0,0,0
2023-12-15 19:30,0.64278761,0.766044443,0.127324282,3.8,0,99.5,957.2,-251.385,126.309,0.01642281,0.5,0,6.855,3.8,0.999865137,3.438,0.991861143,1014.3,1.189,1,0,10,0,0,0
2023-12-15 19:40,0.673012514,0.739631095,0.127324282,2.6,0,99.5,957.2,-251.385,126.36,0.133657556,0,0,6.464,3.8,0.991027577,3.476,0.991861143,1014.3,1.189,1,0,10,0,0,0
2023-12-15 19:50,0.746638182,0.665230355,0.127324282,3.9,0,99.5,957.1,-251.385,126.439,0.023402729,0,0,5.932,3.7,0.999726119,3.498,0.991861143,1014.2,1.189,1,0,10,0,0,0
2023-12-15 20:00,0.752414909,0.65868946,0.127324282,3.5,0,99.5,957.3,-251.385,126.535,0.096766477,0.5,0,7.089,3.7,0.995307113,3.421,0.991861143,1014.5,1.189,1,0,10,0,0,0
2023-12-15 20:10,0.630675807,0.776046407,0.127324282,3.6,0,99.5,957,-251.385,126.579,0.138447159,0,0,7.442,3.6,0.990369822,3.36,0.991861143,1014.2,1.19,1,0,10,0,0,0
2023-12-15 20:20,0.774944489,0.632029303,0.127324282,2.7,0,99.5,957.1,-251.385,126.593,0.121834697,0,0,7.695,3.6,0.992550405,3.268,0.991861143,1014.3,1.19,1,0,10,0,0,0
2023-12-15 20:30,0.764921401,0.64412363,0.127324282,3.4,0,99.5,957.3,-251.385,126.593,0.004276044,0,0,7.388,3.5,0.999990858,3.2,0.991861143,1014.5,1.19,1,0,10,0,0,0
2023-12-15 20:40,0.725374371,0.688354576,0.127324282,2,0,99.5,957.5,-251.385,126.608,0.106437614,0,0,6.542,3.5,0.994319382,3.154,0.991861143,1014.7,1.191,1,0,10,0,0,0
2023-12-15 20:50,0.673012514,0.739631095,0.127324282,2.2,0,99.5,957.4,-251.385,126.653,0.098868198,0,0,6.383,3.5,0.995100537,3.128,0.991861143,1014.6,1.191,1,0,10,0,0,0
2023-12-15 21:00,0.710799474,0.703394703,0.127324282,2.6,0,99.5,957.5,-251.385,126.72,0.031166533,0,0,5.883,3.4,0.999514206,3.114,0.991861143,1014.7,1.191,1,0,10,0,0,0
2023-12-15 21:10,0.977415894,-0.211324796,0.127324282,3.6,0,99.5,957.7,-251.385,126.789,0.002705257,0,0,5.202,3.4,0.999996341,3.046,0.991861143,1015,1.191,1,0,10,0,0,0
2023-12-15 21:20,0.474088209,0.880477354,0.078424297,3.3,0,99.5,958,-254.204,126.856,-0.016457712,0.5,0,5.363,3.4,0.999864563,3.053,0.996920072,1015.3,1.191,1,0,10,0,0,0
2023-12-15 21:30,0.625242656,0.780430407,-0.00644022,3.3,0,99.5,958.1,-259.069,126.933,0.067371,0,0,4.514,3.3,0.997727993,3.049,0.999979262,1015.4,1.191,1,0,10,0,0,0
2023-12-15 21:40,0.64278761,0.766044443,0.028340352,3.2,0,99.5,958.1,-257.074,127.033,0.139224951,0.5,0,4.638,3.3,0.99026078,3.058,0.999598332,1015.4,1.191,1,0,10,0,0,0
2023-12-15 21:50,0.789084085,0.6142852,0.126043144,3,0,99.5,958.3,-251.459,127.131,0.040742158,0,0,5.394,3.3,0.999169694,3.017,0.992024761,1015.6,1.191,1,0,10,0,0,0
2023-12-15 22:00,0.703394703,0.710799474,0.126043144,2.7,0,99.5,958.3,-251.459,127.208,0.046461386,0,0,6.891,3.3,0.998920087,3.071,0.992024761,1015.6,1.191,1,0,10,0,0,0
2023-12-15 22:10,0.46638664,0.884580975,0.126043144,3.5,0,99.4,958.2,-251.459,127.234,-0.01129204,0.5,0,6.55,3.3,0.999936243,3.031,0.992024761,1015.5,1.191,1,0,10,0,0,0
2023-12-15 22:20,0.74779809,0.663926213,0.126043144,2.3,0,99.5,958.3,-251.459,127.273,0.029736026,0,0,6.609,3.3,0.999557787,3.033,0.992024761,1015.6,1.191,1,0,10,0,0,0
2023-12-15 22:30,0.716910608,0.697165103,0.126043144,1,0,99.5,958.1,-251.459,127.293,0.127428148,0,0,6.499,3.3,0.991847804,3.057,0.992024761,1015.4,1.191,1,0,10,0,0,0
2023-12-15 22:40,0.663926213,0.74779809,0.126043144,3.4,0,99.5,958.2,-251.459,127.316,0.120067531,0,0,5.737,3.3,0.992765727,3.008,0.992024761,1015.5,1.191,1,0,10,0,0,0
2023-12-15 22:50,0.662620048,0.748955721,0.126043144,1.8,0,99.5,958.1,-251.459,127.354,0.062163428,0,0,6.41,3.2,0.998065984,2.933,0.992024761,1015.4,1.192,1,0,10,0,0,0
2023-12-15 23:00,0.695912797,0.718126298,0.126043144,2.6,0,99.5,957.8,-251.459,127.403,0.113966189,0,0,6.143,3.2,0.993484629,2.973,0.992024761,1015.1,1.191,1,0,10,0,0,0
2023-12-15 23:10,0.572145873,0.820151876,0.125627594,2,0,99.5,957.9,-251.459,127.437,0.053050547,0,0,6.49,3.1,0.998591828,3.006,0.992077471,1015.2,1.191,1,0,10,0,0,0
2023-12-15 23:20,0.727772758,0.685818353,0.126043144,1,0,99.5,957.8,-251.459,127.472,0.238923277,0,0,5.245,3.1,0.971038448,3.095,0.992024761,1015.1,1.191,1,0,10,0,0,0
2023-12-15 23:30,0.507538363,0.86162916,0.241278318,0.6,0,99.5,957.5,-244.732,127.512,0.299523738,0,0,4.752,3.1,0.954088848,3.075,0.970455962,1014.8,1.191,1,0,10,0,0,0
2023-12-15 23:40,0.690882411,0.722967146,0.25755443,1.7,0,99.6,957.6,-243.775,127.589,0.217325583,0,0,5.178,3.2,0.976099171,3.19,0.966263792,1014.9,1.19,1,0,10,0,0,0
2023-12-15 23:50,0.830984469,0.556295616,0.25755443,0.8,0,99.5,957.6,-243.775,127.648,0.279946304,0,0,5.164,3.2,0.96001566,3.385,0.966263792,1014.9,1.19,1,0,10,0,0,0
2023-12-16 0:00,0.610145164,0.792289643,0.25755443,1.1,0,99.5,957.5,-243.775,127.711,0.198923238,0,0,4.632,3.1,0.980015074,3.363,0.966263792,1014.8,1.19,1,0,10,0,0,0
2023-12-16 0:10,0.640109699,0.768283524,0.191168768,0.3,0,99.5,957.7,-247.679,127.752,0.084425679,0,0,3.658,3.2,0.996429779,3.388,0.981557182,1015,1.19,1,0,10,0,0,0
2023-12-16 0:20,0.997314477,0.073238197,0.076701626,1,0,99.5,957.6,-254.303,127.809,-0.339214099,0,0,2.354,3.2,0.940709198,3.458,0.997054091,1014.9,1.189,1,0,5.3,0,0,0.033
2023-12-16 0:30,-0.417867074,0.908508178,-0.009005777,1.5,0,99.5,957.8,-259.217,127.811,-0.989736363,0,0,2.569,3.2,0.142905326,3.137,0.999959447,1015.1,1.191,0,0,0,0,0,0
2023-12-16 0:40,0.31067643,0.950515732,-0.910344483,0.9,0,99.5,957.9,-321.522,127.804,-0.948428825,0.5,0,2.81,3.3,0.316990163,3.108,0.413851329,1015.2,1.191,0,0,0,0,0,0
2023-12-16 0:50,0.278991106,0.960293686,-0.965894198,0.1,0,99.5,958.1,-333.719,127.817,-0.905064711,0,0,2.961,3.3,0.425273874,3.188,0.258937053,1015.4,1.19,0,0,0,0,0,0
2023-12-16 1:00,-0.929132572,0.369746757,-0.92967365,0.4,0,99.5,958,-327.085,127.81,-0.996498699,0,0,3.167,3.4,0.083608275,2.856,0.368384181,1015.3,1.192,0,0,0,0,0,3.533
2023-12-16 1:10,-0.449318999,0.893371388,-0.983650144,0.1,0,99.5,958.1,-338.352,127.783,-0.998132667,0,0,3.944,3.1,-0.061083381,2.717,0.180089964,1015.5,1.193,1,0,0.833,0,0,9.133
2023-12-16 1:20,-0.447759088,0.894154237,-0.998874199,0,0,99.5,958,-351.42,127.853,-0.999915466,0,0,4.464,3,-0.013002337,2.704,-0.047437693,1015.4,1.193,1,0,10,0,0,0
2023-12-16 1:30,-0.852640164,0.522498565,-0.998874199,0.7,0,99.5,957.9,-351.42,127.868,-0.995050368,0,0,4.699,3.2,-0.099371851,3.175,-0.047437693,1015.2,1.191,1,0,10,0,0,0
2023-12-16 1:40,-0.850811109,0.525471651,-0.998874199,0.3,0,99.5,957.6,-351.42,127.889,-0.999716228,0,0,5.125,3.2,0.023821491,4.063,-0.047437693,1014.9,1.187,1,0,10,0,0,0
2023-12-16 1:50,0.101056297,0.994880709,-0.998874199,0,0,99.5,957.6,-351.42,127.894,-0.998473714,0,0,4.666,3.3,0.055229009,4.152,-0.047437693,1014.9,1.186,1,0,10,0,0,0
2023-12-16 2:00,-0.503019947,-0.864274802,-0.998874199,0.8,0,99.4,957.4,-351.42,127.932,-0.99852153,0,0,4.216,3.4,0.054357655,4.247,-0.047437693,1014.6,1.186,1,0,10,0,0,0
2023-12-16 2:10,-0.898027576,-0.43993917,-0.998874199,1.8,0,99.5,957.4,-351.42,127.986,-0.999953254,0,0,4.934,3.8,0.009668973,4.196,-0.047437693,1014.5,1.186,1,0,10,0,0,0
2023-12-16 2:20,-0.987136265,0.159881188,-0.998874199,1.8,0,99.5,957.4,-351.42,128.002,-0.999193695,0,0,5.78,3.9,0.040149232,4.122,-0.047437693,1014.7,1.186,1,0,10,0,0,0
2023-12-16 2:30,-0.809016994,0.587785252,-0.998874199,1.5,0,99.5,957.6,-351.42,127.974,-0.999998289,0,0,6.234,3.7,0.001850048,3.856,-0.047437693,1014.8,1.188,1,0,10,0,0,0
2023-12-16 2:40,-0.877982975,0.478691858,-0.998874199,1.8,0,99.5,957.4,-351.42,127.91,-0.999982393,0,0,6.751,3.8,0.005934085,3.993,-0.047437693,1014.5,1.187,1,0,10,0,0,0
2023-12-16 2:50,-0.841510782,0.54024032,-0.998874199,1.5,0,99.5,957.5,-351.42,127.843,-0.999186672,0,0,6.5,3.9,-0.040323623,3.93,-0.047437693,1014.8,1.187,1,0,10,0,0,0
2023-12-16 3:00,-0.998134798,0.06104854,-0.998874199,0.6,0,99.5,957.3,-351.42,127.815,-0.99436758,0,0,6.445,4,-0.105986396,3.932,-0.047437693,1014.6,1.187,1,0,10,0,0,0
2023-12-16 3:10,-0.999975631,0.00698126,-0.995966244,1.3,0,99.5,957.2,-353.849,127.785,-0.98028842,0,0,6.65,4,-0.197571795,4.05,-0.089728707,1014.4,1.187,1,0,10,0,0,0
2023-12-16 3:20,-0.949972052,0.312334919,-0.983562018,1.7,0,99.5,957,-359.103,127.755,-0.988654367,0,0,6.766,4.1,-0.150208334,4.253,-0.180570645,1014.2,1.186,1,0,10,0,0,0
2023-12-16 3:30,-0.997314477,0.073238197,-0.983562018,0.8,0,99.5,957,-359.103,127.731,-0.992127821,0,0,6.698,4,-0.125229339,4.311,-0.180570645,1014.2,1.186,1,0,10,0,0,0
2023-12-16 3:40,-0.518027009,0.85536426,-0.983562018,0.2,0,99.5,957,-359.103,127.7,-0.9980779,0,0,5.556,4.1,-0.061971812,4.367,-0.180570645,1014.2,1.185,1,0,10,0,0,0
2023-12-16 3:50,-0.01396218,-0.999902524,-0.983562018,0.7,0,99.5,955.9,-359.103,127.705,-0.996590028,0,0,6.236,4.1,-0.082512517,4.52,-0.180570645,1013,1.185,1,0,10,0,0,0
2023-12-16 4:00,-0.999742609,0.022687334,-0.983562018,1.1,0,99.5,956.4,-359.103,127.696,-0.995484432,0,0,7.32,4.2,-0.094924946,4.421,-0.180570645,1013.5,1.185,1,0,10,0,0,0
2023-12-16 4:10,-0.905568799,-0.424199423,-0.983562018,3.1,0,99.6,957,-359.103,127.599,-0.988196318,0,0,7.396,4.2,-0.153192807,3.996,-0.180570645,1014.2,1.187,1,0,10,0,0,0
2023-12-16 4:20,-0.959313975,-0.282341457,-0.983562018,2.2,0,99.6,957,-359.103,127.507,-0.994815242,0,0,7.954,4,-0.101698742,3.936,-0.180570645,1014.2,1.187,1,0,10,0,0,0
2023-12-16 4:30,-0.768283524,0.640109699,-0.992780388,2.6,0,99.5,956.9,-355.588,127.409,-0.999998847,0.5,0,8.692,3.6,-0.001518436,3.912,-0.119946241,1014.1,1.187,1,0,10,0,0,0
2023-12-16 4:40,-0.791223533,0.61152704,-0.998874199,3.3,0,99.5,956.4,-351.42,127.239,-0.999787933,0,0,9.112,3.7,0.020593429,3.73,-0.047437693,1013.5,1.188,1,0,10,0,0,0
2023-12-16 4:50,-0.792289643,0.610145164,-0.998874199,3.5,0,99.5,956.3,-351.42,126.832,-0.999979374,0,0,9.142,3.8,-0.006422767,3.595,-0.047437693,1013.4,1.189,1,0,10,0,0,0
2023-12-16 5:00,-0.880477354,0.474088209,-0.998874199,4,0,99.5,956.4,-351.42,126.619,-0.998679314,0,0,9.276,3.8,-0.051377317,3.739,-0.047437693,1013.5,1.188,1,0,10,0,0,0
2023-12-16 5:10,-0.927183855,0.374606593,-0.998874199,1.8,0,99.5,956.1,-351.42,126.421,-0.995655094,0,0,10.397,3.7,-0.093117844,3.823,-0.047437693,1013.2,1.188,1,0,10,0,0,0
2023-12-16 5:20,-0.998719357,-0.05059294,-0.998874199,2.8,0,99.5,956.5,-351.42,126.101,-0.998728172,0,0,10.975,3.6,-0.05041863,3.698,-0.047437693,1013.6,1.188,1,0,10,0,0,0
2023-12-16 5:30,-0.938493023,0.345298199,-0.998874199,2.6,0,99.5,956.7,-351.42,125.532,-0.998845035,0,0,11.781,3.7,-0.048047861,3.651,-0.047437693,1013.8,1.188,1,0,10,0,0,0
2023-12-16 5:40,-0.850811109,0.525471651,-0.998874199,3.7,0,99.5,956.6,-351.42,134.068,-0.999996753,0,0,11.165,3.7,-0.002548178,3.71,-0.047437693,1013.7,1.188,1,0,10,0,0,0
2023-12-16 5:50,-0.852640164,0.522498565,-0.998874199,3.2,0,99.5,956.1,-351.42,137.803,-0.992592873,0,0,11.491,3.7,-0.121488224,3.663,-0.047437693,1013.2,1.188,1,0,10,0,0,0
2023-12-16 6:00,-0.79335334,0.608761429,-0.998874199,2.1,0,99.5,956.6,-351.42,135.711,-0.998035486,0,0,9.419,3.7,-0.062651168,3.48,-0.047437693,1013.7,1.189,1,0,10,0,0,0
2023-12-16 6:10,-0.983571471,0.180519145,-0.998874199,2.7,0,99.5,955.8,-351.42,134.181,-0.998528163,0,0,8.467,3.6,0.054235662,3.573,-0.047437693,1012.9,1.189,1,0,10,0,0,0
2023-12-16 6:20,-0.961261696,0.275637356,-0.998874199,1.6,0,99.4,955.8,-351.42,132.952,-0.996746604,0,0,11.512,3.6,-0.080599051,3.582,-0.047437693,1012.9,1.189,1,0,10,0,0,0
2023-12-16 6:30,-0.995396198,-0.095845753,-0.998510123,3.3,0,99.5,956.2,-351.829,131.563,-0.97885668,0,0,11.558,3.7,-0.204547305,3.543,-0.054566784,1013.3,1.189,1,0,10,0,0,0
2023-12-16 6:40,-0.898027576,-0.43993917,-0.983327982,0.9,0,99.5,955.8,-359.177,130.411,-0.968103926,0,0,9.122,3.7,-0.250548974,3.546,-0.181840807,1012.9,1.189,1,0,10,0,0,0
2023-12-16 6:50,-0.844327926,0.535826795,-0.987761949,2.1,0,99.5,956.2,-357.671,129.478,-0.999998415,0,0,10.395,3.8,-0.001780235,3.548,-0.155969011,1013.3,1.189,1,0,10,0,0,0
2023-12-16 7:00,-0.774944489,0.632029303,-0.998812098,3.2,0,99.5,956.7,-351.493,128.511,-0.99985253,0,0,9.86,3.7,-0.017173196,3.335,-0.048727742,1013.8,1.19,1,0,10,0,0,0
2023-12-16 7:10,-0.17708474,0.984195608,-0.99949775,3,0,99.5,956.5,-350.514,127.814,-0.993442791,0,0,8.13,3.6,0.114330312,3.296,-0.031689873,1013.6,1.19,1,0,10,0,0,0
2023-12-16 7:20,0.28736052,-0.957822495,-0.996300435,4.2,0,99.5,955.2,-343.77,127.313,-0.993601458,0,0,10.344,3.1,0.112943093,3.003,0.085938597,1012.4,1.191,1,0,10,0,0,0
2023-12-16 7:30,-0.987413807,0.158158067,-0.996354236,4.3,0,99.5,956.6,-343.806,126.638,-0.999993968,0,0,12.779,2.7,0.003473198,2.662,0.085312586,1014,1.193,1,0,10,0,0,0
2023-12-16 7:40,-0.902585284,0.430511097,-0.996331867,3.1,0,99.6,956.9,-343.791,125.865,-0.989343604,0,0,11.297,2.6,0.145599561,2.345,0.085573428,1014.3,1.194,1,0,10,0,0,0
2023-12-16 7:50,-0.803856861,0.594822787,-0.996306433,3.5,0,99.5,957.1,-343.774,129.369,-0.992288732,0,0,9.727,2.6,0.123947858,2.379,0.085869041,1014.5,1.194,1,0,10,0,0,0
2023-12-16 8:00,-0.841510782,0.54024032,-0.996360189,2.9,0,99.5,956.5,-343.81,138.759,-0.999842783,0,0,9.058,2.4,-0.017731616,2.361,0.085243027,1013.9,1.194,1,0,10,0,0,0
2023-12-16 8:10,-0.981292664,0.192521967,-0.998839157,1.7,0,99.5,955.9,-345.941,136.963,-0.998402536,0,0,9.33,2.3,-0.056501109,2.516,0.048169893,1013.3,1.193,1,0,10,0,0,0
2023-12-16 8:20,-0.999986292,0.005235964,-0.998748331,2.9,0,99.5,955.9,-351.567,135.424,-0.990253489,0,0,10.526,2.4,-0.139276801,2.538,-0.050017711,1013.3,1.193,1,0,10,0,0,0
2023-12-16 8:30,-0.728968627,-0.684547106,-0.998748331,1.9,0,99.5,955.6,-351.567,134.034,-0.993446782,0,0,10.927,2.3,-0.114295634,2.381,-0.050017711,1013,1.194,1,0,10,0,0,0
2023-12-16 8:40,-0.975916762,0.218143241,-0.998748331,2.7,0,99.5,956,-351.567,132.629,-0.994636229,0,0,11.504,2.3,-0.103434866,2.19,-0.050017711,1013.4,1.195,1,0,10,0,0,0
2023-12-16 8:50,-0.947210278,0.320612991,-0.998712283,1.7,0,99.4,956.3,-351.608,131.469,-0.987767393,0,0,11.394,2.4,-0.155934531,2.231,-0.050732387,1013.7,1.195,1,0,10,0,0,0
2023-12-16 9:00,-0.973178873,0.230049737,-0.998682898,4.2,0,99,956.6,-351.641,130.523,-0.985829641,0,0,10.621,2.2,-0.16774957,2.275,-0.051307596,1014.1,1.194,1,0,10,0,0,0
2023-12-16 9:10,-0.779337965,0.626603811,-0.998682898,4,0,98.7,956.5,-351.641,129.754,-0.999553103,0,0,8.948,2.2,-0.029893036,2.321,-0.051307596,1014,1.194,1,0,10,0,0,0
2023-12-16 9:20,-0.965925826,0.258819045,-0.999876906,3.2,0,97.7,956.9,-349.597,129.191,-0.993239708,0,0,8.193,1.9,0.116081357,2.148,-0.015689866,1014.5,1.195,1,0,10,0,0,0
2023-12-16 9:30,-0.99756405,-0.069756474,-0.996469453,3.6,0,96.4,957.2,-343.884,128.71,-0.993364739,0,0,7.415,1.5,0.115006501,1.753,0.083956113,1014.9,1.197,1,0,10,0,0,0
2023-12-16 9:40,-0.999657325,0.026176948,-0.996469453,3.2,0,95.9,957,-343.884,128.223,-0.998950681,0,0,8.482,1.3,0.045798867,1.34,0.083956113,1014.8,1.198,1,0,10,0,0,0
2023-12-16 9:50,-0.984195608,0.17708474,-0.996469453,3.7,0,94.4,957,-343.884,127.688,-0.999993908,0,0,8.996,1.2,-0.003490651,1.151,0.083956113,1014.8,1.199,1,0,10,0,0,0
2023-12-16 10:00,-0.965016494,0.262189179,-0.996469453,2.4,0,94.1,956.9,-343.884,127.216,-0.999065651,0,0,9.206,1.1,0.04321834,0.948,0.083956113,1014.7,1.2,1,0,10,0,0,0
2023-12-16 10:10,-0.779337965,0.626603811,-0.999999995,4.7,0,93.7,957,-348.693,126.627,-0.990545412,0,0,10.267,1.1,-0.137185227,0.814,0.00010472,1014.8,1.201,1,0,10,0,0,0
2023-12-16 10:20,-0.971961001,0.235142113,-0.998682898,3.1,0,93.1,956.9,-351.641,126.034,-0.992303868,0,0,10.805,0.9,-0.123826627,0.636,-0.051307596,1014.8,1.202,1,0,10,0,0,0
2023-12-16 10:30,-0.926528631,0.376224263,-0.998682898,2,0,89.9,957.1,-351.641,126.788,-0.993985828,0,0,10.905,0.8,-0.109508786,0.485,-0.051307596,1015,1.202,1,0,10,0,0,0
2023-12-16 10:40,-0.979924705,0.199367934,-0.998682898,5.9,0,84.3,956.9,-351.641,139.245,-0.982835678,0,0,11.715,0.9,-0.184483143,0.401,-0.051307596,1014.8,1.203,1,0,10,0,0,0
2023-12-16 10:50,-0.997185134,-0.074978727,-0.987881433,3.2,0,80.2,957.4,-357.627,137.502,-0.969612101,0,0,12.911,0.9,-0.244647449,0.41,-0.155210418,1015.3,1.203,1,0,10,0,0,0
2023-12-16 11:00,-0.837718717,0.546101961,-0.982616037,5.8,0,76.8,957.4,-359.399,136.114,-0.983486294,0,0,12.84,0.8,-0.180982622,0.346,-0.185649466,1015.3,1.203,1,0,10,0,0,0
2023-12-16 11:10,-0.797583929,0.603207988,-0.982616037,6.7,0,75.2,957.5,-359.399,134.767,-0.974562089,0,0,13.723,0.9,-0.22411768,0.318,-0.185649466,1015.4,1.203,1,0,10,0,0,0
2023-12-16 11:20,-0.901077021,0.433659085,-0.982625756,4.3,0,74.8,957.4,-359.396,133.753,-0.979441674,0,0,12.902,0.9,-0.201727556,0.235,-0.185598016,1015.3,1.203,1,0,10,0,0,0
2023-12-16 11:30,-0.925209718,0.37945616,-0.982616037,6.6,0,70.5,957.1,-359.399,132.86,-0.977625644,0,0,13.713,0.6,-0.210352322,0.098,-0.185649466,1015,1.204,1,0,10,0,0,0
2023-12-16 11:40,-0.985407898,-0.170209499,-0.982616037,5.5,0,71.1,956.8,-359.399,131.922,-0.976439341,0,0,12.872,0.5,-0.215792062,-0.129,-0.185649466,1014.8,1.205,1,0,10,0,0,0
2023-12-16 11:50,-0.983885038,-0.178802215,-0.982616037,4.2,0,69.2,956.8,-359.399,131.171,-0.973443225,0,0,14.076,0.7,-0.228928563,-0.006,-0.185649466,1014.7,1.204,1,0,10,0,0,0
2023-12-16 12:00,-0.999450216,0.033155178,-0.982616037,6.3,0,69.7,956.8,-359.399,130.572,-0.974554265,0,0,12.937,0.7,-0.224151698,-0.014,-0.185649466,1014.7,1.204,1,0,10,0,0,0
2023-12-16 12:10,-0.948876012,0.315649037,-0.982616037,4.1,0,68.8,956.8,-359.399,129.928,-0.99195642,0,0,12.161,0.6,-0.126579862,-0.072,-0.185649466,1014.7,1.205,1,0,10,0,0,0
2023-12-16 12:20,-0.821149209,0.570713568,-0.982616037,3.3,0,65.2,957.1,-359.399,129.404,-0.972280212,0,0,12.959,1.2,-0.23381871,0.268,-0.185649466,1014.9,1.203,1,0,10,0,0,0
2023-12-16 12:30,-0.882947593,0.469471563,-0.982616037,3.6,0,61.5,957,-359.399,128.927,-0.962540464,0,0,12.963,1.1,-0.271138072,0.297,-0.185649466,1014.8,1.203,1,0,10,0,0,0
2023-12-16 12:40,-0.874619707,0.48480962,-0.982616037,5.1,0,60.1,956.9,-359.399,128.561,-0.994901852,0,0,10.039,0.6,-0.100847928,0.077,-0.185649466,1014.8,1.204,1,0,10,0,0,0
2023-12-16 12:50,-0.977045574,0.213030386,-0.982616037,5.6,0,62.5,957,-359.399,128.187,-0.977823463,0,0,11.195,0.5,-0.209430838,-0.047,-0.185649466,1015,1.205,1,0,10,0,0,0
2023-12-16 13:00,-0.960779154,0.277314653,-0.982616037,3.2,0,63.7,957,-359.399,127.888,-0.97729032,0,0,11.749,0.5,-0.211904769,-0.044,-0.185649466,1015,1.205,1,0,10,0,0,0
2023-12-16 13:10,0.645457688,-0.763796029,-0.982641949,2.8,0,63.3,957.2,-359.391,127.555,-0.950759443,0,0,14.171,0.4,-0.309929801,-0.003,-0.185512265,1015.2,1.204,1,0,10,0,0,0
2023-12-16 13:20,-0.784776371,0.619779032,-0.982616037,2.3,0,62.5,957.2,-359.399,127.16,-0.982874295,0,0,13.845,0.5,-0.184277294,-0.29,-0.185649466,1015.2,1.206,1,0,10,0,0,0
2023-12-16 13:30,-0.923210217,0.384295323,-0.982616037,5.2,0,59.8,957.3,-359.399,126.758,-0.979490936,0,0,13.267,0.6,-0.201488227,-0.155,-0.185649466,1015.3,1.205,1,0,10,0,0,0
2023-12-16 13:40,-0.999876632,-0.015707317,-0.982616037,4.6,0,59.1,957.2,-359.399,126.479,-0.975576733,0,0,13.878,0.7,-0.219658911,-0.229,-0.185649466,1015.1,1.205,1,0,10,0,0,0
2023-12-16 13:50,-0.984195608,0.17708474,-0.982638711,3.8,0,59.8,957.2,-359.392,126.247,-0.981349743,0,0,12.978,0.5,-0.192230803,-0.39,-0.185529415,1015.2,1.206,1,0,10,0,0,0
2023-12-16 14:00,-0.997052752,0.076719028,-0.982632234,3.6,0,59.9,957.3,-359.394,125.962,-0.995515856,0,0,12.781,0.2,-0.094594825,-0.595,-0.185563715,1015.4,1.207,1,0,10,0,0,0
2023-12-16 14:10,-0.985407898,-0.170209499,-0.982616037,4.2,0,57.6,957.4,-359.399,125.661,-0.96957366,0,0,15.851,0.2,-0.244799752,-0.757,-0.185649466,1015.5,1.208,1,0,10,0,0,0
2023-12-16 14:20,-0.661311865,0.75011107,-0.982616037,4.2,0,58.6,957.5,-359.399,125.412,-0.967077037,0,0,16.782,-0.4,-0.254483799,-0.939,-0.185649466,1015.7,1.209,1,0,10,0,0,0
2023-12-16 14:30,-0.984807753,0.173648178,-0.982616037,4.2,0,60.2,957.7,-359.399,127.484,-0.969466753,0,0,16.593,-0.4,-0.245222785,-1.265,-0.185649466,1015.9,1.21,1,0,10,0,0,0
2023-12-16 14:40,-0.601815023,0.79863551,-0.982616037,4.4,0,63.7,957.8,-359.399,138.721,-0.9866035,0,0,14.544,-0.2,-0.163136551,-0.903,-0.185649466,1016,1.208,1,0,10,0,0,0
2023-12-16 14:50,-0.805928282,0.592013179,-0.982616037,3.8,0,62.3,958.1,-359.399,136.789,-0.995396198,0,0,12.801,-0.5,-0.095845753,-0.928,-0.185649466,1016.4,1.208,1,0,10,0,0,0
2023-12-16 15:00,-0.997684279,0.068015291,-0.993960955,3.5,0,64.8,958.3,-355.001,135.325,-0.999903981,0,0,12.748,-0.4,0.013857471,-1.218,-0.109734311,1016.6,1.21,1,1.533,7.8,0,0,0.667
2023-12-16 15:10,-0.998239828,-0.059306374,-0.997027256,4.6,0,61.4,958.4,-353.119,134.041,-0.98732255,0,0,14.154,-0.6,-0.158726751,-1.554,-0.077049659,1016.7,1.211,1,0,10,0,0,0
2023-12-16 15:20,0.909236109,-0.416280792,-0.997027256,5.3,0,60.7,958.6,-353.119,132.854,-0.999527173,0,0,12.996,-1.2,-0.030747854,-1.579,-0.077049659,1017,1.211,1,0,10,0,0,0
2023-12-16 15:30,-0.900318771,0.435231099,-0.997027256,3.4,0,60.1,958.4,-353.119,131.805,-0.989095691,0,0,13.822,-1.3,-0.14727428,-1.813,-0.077049659,1016.8,1.212,1,0,10,0,0,0
2023-12-16 15:40,-0.961261696,0.275637356,-0.997027256,7.7,0,58.6,958.8,-353.119,130.785,-0.997640148,0,0,13.565,-1.6,-0.068659553,-1.942,-0.077049659,1017.3,1.213,1,0,10,0,0,0
2023-12-16 15:50,-0.994880709,-0.101056297,-0.997027256,4.8,0,58.5,958.9,-353.119,129.83,-0.988156179,0,0,15.102,-1.9,-0.153451511,-2.45,-0.077049659,1017.5,1.215,1,0,10,0,0,0
2023-12-16 16:00,-0.937281989,0.348572047,-0.989934931,6.5,0,52.7,959.1,-356.836,128.758,-0.97447988,0,0,18.793,-2.1,-0.22447486,-2.55,-0.141523254,1017.8,1.216,1,0,10,0,0,0
2023-12-16 16:10,-0.99955986,0.029666244,-0.977504328,4,0,57.6,959.1,-360.876,127.973,-0.970762584,0,0,17.849,-2.1,-0.240041674,-2.465,-0.210915359,1017.8,1.215,1,0,10,0,0,0
2023-12-16 16:20,-0.953190668,0.302369891,-0.977504328,5.5,0,58,959.4,-360.876,127.278,-0.997598021,0,0,14.588,-2.3,-0.069268964,-2.586,-0.210915359,1018.1,1.216,1,0,10,0,0,0
2023-12-16 16:30,0.993372766,0.11493715,-0.996925544,4.7,0,62.4,959.1,-353.195,126.739,-0.995745631,0,0,11.263,-2.7,0.092144662,-3.178,-0.078354698,1017.9,1.219,1,1.6,8.4,0,0,0
2023-12-16 16:40,-0.893371388,0.449318999,-0.997027256,6.6,0,61.2,959,-353.119,125.987,-0.995857464,0,0,11.427,-3.1,-0.090928061,-3.516,-0.077049659,1017.9,1.22,0,10,0,0,0,0
2023-12-16 16:50,-0.97154912,0.236838146,-0.997027256,4,0,56,959.1,-353.119,125.514,-0.983034733,0,0,16.432,-3.4,-0.183419505,-3.557,-0.077049659,1018.1,1.22,0,10,0,0,0,0
2023-12-16 17:00,-0.864274802,0.503019947,-0.997027256,5.1,0,52.7,959.2,-353.119,133.73,-0.957651803,0,0,17.056,-3.5,-0.287928853,-3.693,-0.077049659,1018.2,1.221,0,2.9,0,7.1,0,0
2023-12-16 17:10,-0.872069272,0.489382452,-0.997027256,8.6,0,53.6,959.5,-353.119,138.833,-0.982159477,0,0,16.133,-3.6,-0.188049893,-3.927,-0.077049659,1018.6,1.222,0,0,0,10,0,0
2023-12-16 17:20,-0.984195608,-0.17708474,-0.997027256,3.4,0,55,959.5,-353.119,137.348,-0.958923768,0,0,16.633,-3.8,-0.2836639,-4.091,-0.077049659,1018.6,1.223,0,0,0,10,0,0
2023-12-16 17:30,-0.983885038,0.178802215,-0.982372181,5.3,0,56.7,959.8,-359.47,136.189,-0.985914421,0,0,13.11,-3.9,-0.167250575,-4.217,-0.186935547,1019,1.223,1,0,5.233,3.633,0,1.1
2023-12-16 17:40,-0.780430407,0.625242656,-0.989788674,6.4,0,53.7,960.1,-356.898,135.268,-0.995300355,0,0,14.757,-3.9,-0.096835963,-4.189,-0.142542559,1019.3,1.223,1,0,10,0,0,0
2023-12-16 17:50,-0.89179753,0.452434709,-0.997854355,6.5,0,54.6,960.4,-352.454,134.258,-0.988714584,0,0,14.303,-4,-0.14981145,-4.211,-0.065472793,1019.6,1.223,1,0,10,0,0,0
2023-12-16 18:00,-0.983254908,-0.182235525,-0.997854355,4.8,0,54,960.6,-352.454,133.228,-0.97885668,0,0,15.579,-4.1,-0.204547305,-4.278,-0.065472793,1019.9,1.224,1,0,10,0,0,0
2023-12-16 18:10,-0.927836254,0.372987783,-0.99106719,6.5,0,54,961,-356.365,132.3,-0.98929272,0,0,14.923,-4.1,-0.145944899,-4.26,-0.133363506,1020.3,1.223,1,0,10,0,0,0
2023-12-16 18:20,-0.970716482,0.240228042,-0.976038444,8.8,0,53.9,961.1,-361.268,131.724,-0.997350149,0,0,15.714,-4.2,-0.072750809,-4.323,-0.217598153,1020.4,1.224,1,0,10,0,0,0
2023-12-16 18:30,-0.99992537,0.012217001,-0.985016159,6.4,0,54.3,961.2,-358.63,131.269,-0.999188079,0,0,14.904,-4.3,-0.040288745,-4.429,-0.172462071,1020.5,1.224,1,0,10,0,0,0
2023-12-16 18:40,-0.990509463,0.137444546,-0.994863056,7.5,0,55.9,961.6,-354.51,130.674,-0.992007152,0,0,18.853,-4.4,-0.126181655,-4.459,-0.101229935,1021,1.224,1,0,10,0,0,0
2023-12-16 18:50,-0.824126189,0.566406237,-0.994847143,6.7,0,54.8,961.7,-354.519,130.04,-0.99083056,0,0,16.382,-4.5,-0.135110334,-4.676,-0.101386207,1021.1,1.225,1,0,10,0,0,0
2023-12-16 19:00,-0.978867389,0.204496052,-0.994861289,8.4,0,55.9,962.1,-354.512,129.381,-0.992641561,0,0,17.139,-4.6,-0.121089762,-4.731,-0.101247299,1021.6,1.226,1,0,10,0,0,0
2023-12-16 19:10,-0.777145961,0.629320391,-0.994863056,6.9,0,59,962,-354.51,128.806,-0.990085043,0,0,18.673,-4.8,-0.140469239,-4.782,-0.101229935,1021.5,1.226,1,0,10,0,0,0
2023-12-16 19:20,-0.88376563,0.467929814,-0.994871886,5.9,0,61.7,962.3,-354.505,128.244,-0.999774055,0,0,14.408,-4.8,-0.021256509,-4.986,-0.101143117,1021.8,1.227,1,0,10,0,0,0
2023-12-16 19:30,-0.931691228,0.36325123,-0.999968607,4.7,0,65,962.4,-349.155,127.878,-0.99886008,0,0,13.502,-5.1,0.047734062,-5.255,-0.007923712,1022,1.228,1,0,10,0,0,0
2023-12-16 19:40,-0.994337944,-0.106264071,-0.99992978,4.5,0,68,962.6,-348.021,127.387,-0.999996341,0,0,14.257,-5.3,-0.002705257,-5.404,0.011850508,1022.3,1.229,1,0,10,0,0,0
2023-12-16 19:50,-0.942057453,0.33545157,-0.99992978,3.7,0,71.5,962.8,-348.021,126.791,-0.999827253,0,0,14.04,-5.4,0.018586686,-5.758,0.011850508,1022.5,1.23,1,0,10,0,0,0
2023-12-16 20:00,-0.974370065,0.224951054,-0.99992978,3.7,0,71.1,962.9,-348.021,126.238,-0.995897044,0,0,15.613,-5.5,-0.090493528,-5.565,0.011850508,1022.6,1.229,1,0,10,0,0,0
2023-12-16 20:10,-0.927836254,0.372987783,-0.99992978,4.5,0,65.7,962.8,-348.021,125.743,-0.994998201,0,0,16.076,-5.5,-0.099892844,-5.54,0.011850508,1022.5,1.229,1,0,10,0,0,0
2023-12-16 20:20,-0.853550797,0.521009632,-0.99992978,8.1,0,61.5,963.1,-348.021,125.318,-0.992130006,0,0,15.617,-5.4,-0.125212023,-5.609,0.011850508,1022.8,1.23,1,0,10,0,0,0
2023-12-16 20:30,-0.932953535,0.359996808,-0.99992978,5.5,0,59.9,963.1,-348.021,138.058,-0.99989457,0,0,17.584,-5.5,-0.014520629,-5.681,0.011850508,1022.9,1.23,1,0,10,0,0,0
2023-12-16 20:40,-0.999048222,0.043619387,-0.99992978,7.1,0,58.8,963.3,-348.021,138.276,-0.99769495,0,0,16.841,-5.6,-0.067858574,-5.807,0.011850508,1023.1,1.231,1,0,10,0,0,0
2023-12-16 20:50,-0.99970149,0.024432178,-0.99992978,5.2,0,58.4,963.1,-348.021,137.148,-0.994435816,0,0,17.295,-5.7,-0.105344239,-5.917,0.011850508,1022.9,1.231,1,0,10,0,0,0
2023-12-16 21:00,-0.936059536,0.351841648,-0.99992978,2.8,0,56.1,963.4,-348.021,136.229,-0.99777362,0,0,18.688,-5.7,-0.066691853,-5.927,0.011850508,1023.2,1.231,1,0,10,0,0,0
2023-12-16 21:10,-0.924546034,0.381070376,-0.99992978,5.8,0,56.6,963.5,-348.021,135.485,-0.998326712,0,0,17.725,-5.8,-0.05782539,-5.991,0.011850508,1023.4,1.231,1,0,10,0,0,0
2023-12-16 21:20,-0.909961271,0.414693243,-0.99992978,4.1,0,55.3,963.8,-348.021,134.892,-0.999394476,0,0,17.386,-5.8,-0.034794841,-6.023,0.011850508,1023.7,1.232,1,0,10,0,0,0
2023-12-16 21:30,-0.989015863,-0.147809411,-0.99992978,5.6,0,55.2,963.9,-348.021,134.402,-0.992480069,0,0,18.223,-5.9,-0.122406345,-6.082,0.011850508,1023.8,1.232,1,2.8,6.567,0,0,0.6
2023-12-16 21:40,-0.998341817,-0.057564027,-0.993617218,5.9,0,55,964.2,-355.176,134.01,-0.995545524,0,0,16.658,-6,-0.09428207,-6.108,-0.112804359,1024.1,1.232,1,0,10,0,0,0
2023-12-16 21:50,-0.995561965,0.094108313,-0.992219352,7.9,0,54.4,964.1,-355.852,133.744,-0.998792457,0,0,16.199,-6.1,-0.049128687,-6.145,-0.124502038,1024.1,1.232,1,0,10,0,0,0
2023-12-16 22:00,-0.997684279,-0.068015291,-0.992219352,7.2,0,51.7,964.3,-355.852,133.55,-0.99507462,0,0,15.315,-6.1,-0.099128711,-6.216,-0.124502038,1024.3,1.232,1,0,10,0,0,0
2023-12-16 22:10,-0.472550765,-0.881303452,-0.992219352,3.5,0,52.8,964.1,-355.852,133.33,-0.993540205,0,0,15.468,-6.2,-0.113480667,-6.428,-0.124502038,1024,1.233,1,0,10,0,0,0
2023-12-16 22:20,-0.909961271,0.414693243,-0.992219352,8.1,0,52.7,964.6,-355.852,132.928,-0.995504291,0,0,14.945,-6.2,-0.09471645,-6.523,-0.124502038,1024.5,1.234,1,0,10,0,0,0
2023-12-16 22:30,-0.797583929,0.603207988,-0.996240196,5.9,0,53.6,964.5,-353.668,132.779,-0.999931016,0,0,15.896,-6.3,-0.011745796,-6.434,-0.086634125,1024.5,1.233,1,0,10,0,0,0
2023-12-16 22:40,-0.828060335,0.560638995,-0.999955092,6.3,0,53.2,964.6,-348.157,132.586,-0.999996198,0,0,16.669,-6.4,0.002757617,-6.46,0.009476996,1024.6,1.234,1,0,10,0,0,0
2023-12-16 22:50,-0.978508985,0.206204185,-0.999955422,6.1,0,54.2,964.6,-348.159,132.374,-0.999986924,0,0,16.512,-6.5,0.005113792,-6.519,0.009442091,1024.6,1.234,1,0,10,0,0,0
2023-12-16 23:00,-0.997314477,0.073238197,-0.999956406,6.7,0,55.7,964.7,-348.165,132.193,-0.999513117,0,0,16.904,-6.5,0.031201422,-6.583,0.009337376,1024.7,1.234,1,0,10,0,0,0
2023-12-16 23:10,-0.987413807,-0.158158067,-0.999958339,4.1,0,56.6,964.9,-348.177,132.022,-0.999660516,0,0,15.76,-6.6,0.026054817,-6.649,0.009127945,1025,1.234,1,0,10,0,0,0
2023-12-16 23:20,-0.917060074,0.398749069,-0.999961771,6,0,57.8,965.1,-348.199,131.888,-0.997765465,0,0,15.23,-6.7,0.066813753,-6.72,0.008743988,1025.2,1.235,1,0,10,0,0,0
2023-12-16 23:30,-0.911403277,0.411514359,-0.999961771,7.5,0,55.2,965,-348.199,131.841,-0.996817952,0,0,16.054,-6.6,0.079711797,-6.753,0.008743988,1025.1,1.235,1,0,10,0,0,0
2023-12-16 23:40,-0.726574671,0.687087511,-0.999629364,6.7,0,55.2,965.1,-347.138,131.797,-0.980754624,0,0,14.589,-6.7,0.195244381,-6.818,0.027223772,1025.2,1.235,1,0,10,0,0,0
2023-12-16 23:50,-0.843391446,0.537299608,-0.990277782,8,0,54.9,965.1,-340.704,131.694,-0.991934312,0,0,15.18,-6.7,0.12675299,-7.057,0.139103967,1025.2,1.236,1,0,10,0,0,0
2023-12-17 0:00,-0.954240329,0.299040792,-0.990268069,4.7,0,56.7,965.2,-340.7,131.418,-0.973626707,0,0,14.776,-6.8,0.228146959,-7.086,0.139173101,1025.3,1.236,1,0,10,0,0,0
2023-12-17 0:10,-0.978508985,0.206204185,-0.99028021,4.4,0,58.2,965.1,-340.705,131.183,-0.999318766,0,0,15.68,-6.9,0.036905331,-7.066,0.139086683,1025.2,1.236,1,0,10,0,0,0
2023-12-17 0:20,-0.764921401,0.64412363,-0.991433467,4.3,0,60.3,965,-341.196,130.976,-0.999832723,0,0,16.652,-7,-0.018290031,-7.114,0.130612712,1025.2,1.237,1,0,10,0,0,0
2023-12-17 0:30,-0.867765453,0.496973961,-0.999944252,3.9,0,63.9,964.9,-349.305,130.88,-0.990156014,0,0,12.938,-7.1,0.139968094,-7.224,-0.010559046,1025.1,1.237,1,0,10,0,0,0
2023-12-17 0:40,-0.934204474,0.356737999,-0.992471521,5.6,0,66.8,965,-341.665,131.035,-0.976896613,0,0,11.503,-7.2,0.213712441,-7.422,0.122475633,1025.2,1.238,1,0,10,0,0,0
2023-12-17 0:50,-0.882126866,0.471011881,-0.992475795,5.3,0,67.1,965.1,-341.667,131.151,-0.978731547,0,0,12.303,-7.4,0.205145216,-7.555,0.122440989,1025.4,1.239,1,0,10,0,0,0
2023-12-17 1:00,-0.898794046,0.438371147,-0.985594458,6.1,0,69.4,965.1,-338.961,131.246,-0.957183188,0,0,12.173,-7.6,0.289482891,-7.68,0.169125884,1025.4,1.239,1,0,10,0,0,0
2023-12-17 1:10,-0.949972052,0.312334919,-0.964860738,5.4,0,70,965.2,-333.466,131.299,-0.966894685,0,0,13.619,-7.7,0.25517576,-7.848,0.262761785,1025.6,1.24,1,0,10,0,0,0
2023-12-17 1:20,-0.998629535,-0.052335956,-0.964860738,5.6,0,67.8,965.2,-333.466,131.225,-0.964833217,0,0,14.254,-7.9,0.262862823,-8.031,0.262761785,1025.6,1.241,1,0,10,0,0,0
2023-12-17 1:30,-0.914959668,0.403545296,-0.964562024,4.7,0,68.7,965.1,-333.401,131.132,-0.951979888,0,0,14.6,-7.9,0.306160567,-8.165,0.263856215,1025.5,1.241,1,0,10,0,0,0
2023-12-17 1:40,-0.999961923,0.008726535,-0.964525173,6.3,0,67.4,965.3,-333.393,131.016,-0.967788313,0,0,14.868,-8,0.251765331,-8.327,0.263990891,1025.7,1.242,1,0,10,0,0,0
2023-12-17 1:50,-0.999815712,0.019197442,-0.964525173,5.3,0,65.6,965.1,-333.393,130.921,-0.947131909,0,0,14.549,-8.2,0.320844428,-8.426,0.263990891,1025.6,1.243,1,0,10,0,0,0
2023-12-17 2:00,-0.947210278,0.320612991,-0.964525173,5.2,0,66.2,965.2,-333.393,130.872,-0.967179116,0,0,12.892,-8.3,0.254095569,-8.633,0.263990891,1025.7,1.244,1,0,10,0,0,0
2023-12-17 2:10,-0.932323801,0.36162457,-0.964525173,5.3,0,63.5,965.2,-333.393,130.768,-0.959525599,0,0,15.26,-8.5,0.28162142,-8.715,0.263990891,1025.8,1.244,1,0,10,0,0,0
2023-12-17 2:20,-0.970295726,0.241921896,-0.964520565,4.8,0,64,965.2,-333.392,130.655,-0.977268124,0,0,16.752,-8.6,0.21200711,-8.805,0.264007725,1025.8,1.244,1,0,10,0,0,0
2023-12-17 2:30,-0.993571856,0.113203214,-0.964183413,7.8,0,64.1,965.1,-333.319,130.462,-0.968020788,0,0,14.082,-8.7,0.250869996,-8.954,0.265236397,1025.7,1.245,1,0,10,0,0,0
2023-12-17 2:40,-0.994702817,-0.102792537,-0.964183413,5.8,0,62.8,965.2,-333.319,130.306,-0.961621681,0,0,12.669,-8.8,0.274378831,-9.07,0.265236397,1025.8,1.246,1,0,10,0,0,0
2023-12-17 2:50,-0.812083527,0.583541211,-0.964183413,7.7,0,62.9,965.5,-333.319,130.076,-0.991725025,0,0,14.166,-8.9,0.128380195,-9.142,0.265236397,1026.2,1.246,1,0,9.967,0,0,0
2023-12-17 3:00,-0.804893797,0.593418887,-0.987021604,5.1,0,62.9,965.7,-339.456,129.78,-0.999300612,0,0,14.656,-9,0.037393686,-9.121,0.160587527,1026.4,1.246,1,0,10,0,0,0
2023-12-17 3:10,-0.920504853,0.390731128,-0.99383002,8,0,62,966,-342.332,129.615,-0.986077418,0,0,14.109,-9,0.166286878,-9.15,0.11091389,1026.7,1.246,1,0,10,0,0,0
2023-12-17 3:20,-0.9952274,0.0975829,-0.99383002,6.2,0,60.3,965.8,-342.332,129.545,-0.984490935,0,0,13.274,-9,0.175435457,-9.23,0.11091389,1026.5,1.246,1,0,10,0,0,0
2023-12-17 3:30,-0.99074784,0.135715572,-0.993822274,6.6,0,60.7,965.7,-342.328,129.537,-0.978042242,0,0,13.711,-9.1,0.208406749,-9.275,0.110983272,1026.4,1.247,1,0,10,0,0,0
2023-12-17 3:40,-0.98450318,0.175366726,-0.993828084,5.8,0,59.7,965.7,-342.331,129.509,-0.975450057,0,0,13.057,-9.2,0.220220767,-9.355,0.110931236,1026.5,1.247,1,0,10,0,0,0
2023-12-17 3:50,-0.739631095,0.673012514,-0.979536627,4.6,0,61.6,965.8,-337.09,129.519,-0.958442159,0,0,13.119,-9.3,0.285286921,-9.473,0.201265982,1026.6,1.248,1,0,10,0,0,0
2023-12-17 4:00,-0.898794046,0.438371147,-0.969449631,5.7,0,59.2,965.9,-334.501,129.425,-0.970109658,0,0,13.26,-9.4,0.242666958,-9.594,0.245290466,1026.7,1.248,1,0,10,0,0,0
2023-12-17 4:10,-0.96944535,0.245307386,-0.969449631,5.8,0,60.3,966,-334.501,129.315,-0.96272952,0,0,12.297,-9.5,0.270466026,-9.712,0.245290466,1026.9,1.249,1,0,10,0,0,0
2023-12-17 4:20,-0.890212805,0.455544907,-0.969449631,5.2,0,62.1,966.2,-334.501,129.265,-0.980408927,0,0,12.21,-9.7,0.196972934,-9.822,0.245290466,1027.1,1.249,1,0,10,0,0,0
2023-12-17 4:30,-0.995396198,-0.095845753,-0.969449631,3.6,0,62.3,966.3,-334.501,129.206,-0.9767584,0,0,11.798,-9.8,0.214343248,-9.919,0.245290466,1027.3,1.25,1,0,10,0,0,0
2023-12-17 4:40,-0.992757342,0.120136839,-0.969449631,5.8,0,62.7,966.4,-334.501,129.126,-0.978436947,0,0,12.688,-9.8,0.206545737,-9.959,0.245290466,1027.4,1.25,1,0,10,0,0,0
2023-12-17 4:50,-0.999194395,-0.040131793,-0.969449631,3.4,0,63.7,966.5,-334.501,129.019,-0.976608522,0,0,12.071,-9.9,0.215025102,-10.078,0.245290466,1027.5,1.251,1,0,10,0,0,0
2023-12-17 5:00,-0.781520472,0.623879597,-0.969449631,5.9,0,62.8,966.7,-334.501,128.972,-0.963345392,0,0,12.261,-9.9,0.268264154,-10.117,0.245290466,1027.7,1.251,1,0,10,0,0,0
2023-12-17 5:10,-0.946085359,0.323917418,-0.969449631,5.5,0,63.6,966.8,-334.501,128.973,-0.968383188,0,0,12.798,-10.1,0.249467435,-10.209,0.245290466,1027.9,1.251,1,0,10,0,0,0
2023-12-17 5:20,-0.938493023,0.345298199,-0.969449631,5.2,0,63.3,966.8,-334.501,128.981,-0.955900722,0,0,11.176,-10.1,0.293689989,-10.342,0.245290466,1027.9,1.252,1,0,10,0,0,0
2023-12-17 5:30,-0.882947593,0.469471563,-0.969449631,4.6,0,61.4,966.9,-334.501,129.052,-0.9523958,0,0,10.222,-10.2,0.304864299,-10.401,0.245290466,1028,1.252,1,0,10,0,0,0
2023-12-17 5:40,-0.996637387,0.081938509,-0.969449631,5.5,0,61.8,967.1,-334.501,129.077,-0.979254652,0,0,10.105,-10.4,0.202633477,-10.514,0.245290466,1028.3,1.253,1,0,10,0,0,0
2023-12-17 5:50,-0.96814764,0.250380004,-0.969449631,6,0,61.6,967.1,-334.501,129.153,-0.970708095,0,0,10.146,-10.4,0.240261927,-10.633,0.245290466,1028.3,1.253,1,0,10,0,0,0
2023-12-17 6:00,-0.845261833,0.534352349,-0.976019451,6,0,62.4,967.3,-336.129,129.161,-0.994499981,0,0,10.187,-10.6,0.104736753,-10.686,0.217683327,1028.5,1.253,1,0,10,0,0,0
2023-12-17 6:10,-0.705871571,0.708339838,-0.994389756,4.5,0,62.3,967.4,-342.628,129.266,-0.982169322,0,0,8.676,-10.7,0.187998467,-10.682,0.105778133,1028.7,1.253,1,0,10,0,0,0
2023-12-17 6:20,-0.97113428,0.238533458,-0.99139467,4.6,0,61.2,967.6,-341.176,129.539,-0.974472044,0,0,9.3,-10.7,0.224508876,-10.797,0.13090687,1028.9,1.254,1,0,10,0,0,0
2023-12-17 6:30,0.998341817,0.057564027,-0.970699708,4.5,0,61.5,967.7,-334.796,129.747,-0.947785109,0,0,9.58,-10.7,0.318909684,-10.871,0.240295811,1029,1.254,1,0,10,0,0,0
2023-12-17 6:40,-0.786935022,0.617035875,-0.970917394,4.3,0,59.8,968,-334.848,129.907,-0.959304118,0,0,8.775,-10.8,0.282374943,-10.909,0.239414733,1029.3,1.254,1,0,10,0,0,0
2023-12-17 6:50,-0.999993908,0.003490651,-0.970821208,4.9,0,57.6,968.2,-334.825,130.139,-0.947137509,0,0,8.307,-10.8,0.320827898,-10.98,0.239804465,1029.5,1.255,1,0,10,0,0,0
2023-12-17 7:00,-0.985996037,0.166768747,-0.970825394,2.9,0,58.6,968.3,-334.826,130.314,-0.978270806,0,0,10.564,-10.9,0.20733121,-10.976,0.239787521,1029.7,1.255,1,0,10,0,0,0
2023-12-17 7:10,-0.868631514,0.495458668,-0.970858865,5.1,0,57,968.3,-334.834,130.408,-0.968439765,0,0,9.67,-10.9,0.24924771,-11.061,0.239651965,1029.7,1.255,1,0,10,0,0,0
2023-12-17 7:20,-0.891006524,0.4539905,-0.970858865,2.6,0,57.7,968.5,-334.834,130.51,-0.955685179,0,0,10.923,-11,0.294390622,-11.131,0.239651965,1029.9,1.256,1,0,10,0,0,0
2023-12-17 7:30,-0.89179753,0.452434709,-0.970775151,4,0,57.8,968.7,-334.814,130.546,-0.962993409,0,0,10.546,-11.1,0.26952494,-11.062,0.239990845,1030.2,1.255,1,0,10,0,0,0
2023-12-17 7:40,-0.97154912,0.236838146,-0.970775151,4.3,0,58.6,968.9,-334.814,130.553,-0.966079243,0,0,11.365,-11.1,0.258245808,-11.038,0.239990845,1030.4,1.255,1,0,10,0,0,0
2023-12-17 7:50,-0.983254908,0.182235525,-0.970775151,5.2,0,58.2,968.9,-334.814,130.523,-0.969833736,0,0,11.944,-11.1,0.243767356,-10.982,0.239990845,1030.4,1.255,1,0,10,0,0,0
2023-12-17 8:00,-0.983254908,0.182235525,-0.970921572,2.8,0,59.3,969,-334.849,130.517,-0.967924389,0,0,11.828,-11.1,0.25124167,-10.973,0.239397787,1030.5,1.255,1,0,10,0,0,0
2023-12-17 8:10,-0.945518576,0.325568154,-0.970980039,3.1,0,59.4,969.3,-334.863,130.209,-0.975157087,0,0,12.321,-11.1,0.221514458,-11.225,0.239160539,1030.8,1.256,1,0,10,0,0,0
2023-12-17 8:20,-0.764921401,0.64412363,-0.970913215,5.2,0,58.5,969.4,-334.847,129.961,-0.976125715,0,0,10.996,-11.1,0.217206328,-10.855,0.239431678,1030.9,1.254,1,0,10,0,0,0
2023-12-17 8:30,-0.907777479,0.419452082,-0.97096334,5.3,0,58.1,969.5,-334.859,129.949,-0.982274167,0,0,12.056,-10.9,0.187449891,-10.743,0.239228326,1031,1.254,1,0,10,0,0,0
2023-12-17 8:40,-0.718126298,0.695912797,-0.970741633,3.4,0,59,969.5,-334.806,129.935,-0.975580567,0,0,11.039,-10.8,0.219641884,-10.638,0.240126388,1030.9,1.253,1,0,10,0,0,0
2023-12-17 8:50,-0.848048096,0.529919264,-0.970896497,3.5,0,57.6,969.5,-334.843,129.9,-0.978738707,0,0,12.271,-10.6,0.205111052,-10.547,0.23949946,1030.9,1.253,1,0,10,0,0,0
2023-12-17 9:00,-0.999961923,-0.008726535,-0.970950813,5.4,0,57.9,969.6,-334.856,129.797,-0.971919946,0,0,12.086,-10.5,0.235311749,-10.491,0.239279165,1031,1.252,1,0,10,0,0,0
2023-12-17 9:10,-0.978867389,0.204496052,-0.970879775,4.6,0,57.3,969.7,-334.839,129.69,-0.984613172,0,0,12.481,-10.4,0.17474811,-10.401,0.239567241,1031,1.252,1,0,10,0,0,0
2023-12-17 9:20,-0.965016494,0.262189179,-0.971009251,6.1,0,56.2,969.9,-334.87,129.586,-0.980849921,0,0,12.046,-10.3,0.194765071,-10.311,0.23904191,1031.2,1.252,1,0,10,0,0,0
2023-12-17 9:30,-0.856267085,0.516533329,-0.970883956,6.7,0,55.1,970,-334.84,129.498,-0.969731542,0,0,12.732,-10.3,0.244173578,-10.173,0.239550296,1031.3,1.251,1,0,10,0,0,0
2023-12-17 9:40,-0.846193166,0.532876276,-0.970770963,4.5,0,54.9,970,-334.812,129.377,-0.983806927,0,0,14.694,-10,0.179231499,-10.115,0.240007788,1031.2,1.251,1,0,10,0,0,0
2023-12-17 9:50,-0.786935022,0.617035875,-0.970850499,5.8,0,53.8,970.1,-334.833,129.2,-0.972824394,0,0,13.986,-9.8,0.231544161,-10.041,0.239685855,1031.3,1.25,1,0,10,0,0,0
2023-12-17 10:00,-0.907777479,0.419452082,-0.970712289,6.7,0,53.9,970.2,-334.8,129.054,-0.973403255,0,0,13.612,-9.5,0.229098458,-9.861,0.240244985,1031.3,1.249,1,0,10,0,0,0
2023-12-17 10:10,-0.97236992,0.233445364,-0.970699708,4.7,0,52.5,969.9,-334.796,128.951,-0.962899269,0,0,13.736,-9.3,0.269861072,-9.708,0.240295811,1031,1.249,1,0,10,0,0,0
2023-12-17 10:20,-0.975916762,0.218143241,-0.970699708,5.7,0,52.4,970.1,-334.796,128.873,-0.97300192,0,0,14.114,-9.3,0.230797017,-9.592,0.240295811,1031.2,1.248,1,0,10,0,0,0
2023-12-17 10:30,-0.848048096,0.529919264,-0.970699708,5.8,0,52.1,970,-334.796,128.754,-0.961290555,0,0,13.819,-9,0.275536691,-9.459,0.240295811,1031,1.248,1,0,10,0,0,0
2023-12-17 10:40,-0.954240329,0.299040792,-0.97061997,7.3,0,51.1,969.9,-334.777,128.691,-0.983159354,0,0,14.174,-8.6,0.182750332,-9.443,0.240617694,1030.8,1.248,1,0,10,0,0,0
2023-12-17 10:50,-0.882947593,0.469471563,-0.970527508,6.5,0,50.8,969.8,-334.755,128.398,-0.986314393,0,0,16.804,-8.6,0.164875464,-9.45,0.240990367,1030.7,1.248,1,0,10,0,0,0
2023-12-17 11:00,-0.839619865,0.54317445,-0.970569554,4.3,0,50,969.8,-334.765,128.198,-0.983293053,0,0,13.516,-8.1,0.182029589,-9.092,0.240820975,1030.5,1.246,1,0,10,0,0,0
2023-12-17 11:10,-0.89725837,0.441505853,-0.970649359,5.7,0,49.4,969.6,-334.785,128.139,-0.973251097,0,0,13.624,-7.8,0.229743993,-8.943,0.240499108,1030.3,1.245,1,0,10,0,0,0
2023-12-17 11:20,-0.987136265,-0.159881188,-0.970678735,3.7,0,48.8,969.5,-334.791,128.098,-0.973327229,0,0,12.071,-7.8,0.229421238,-8.751,0.240380519,1030.1,1.244,1,0,10,0,0,0
2023-12-17 11:30,-0.999998477,0.001745328,-0.97068293,4.4,0,47.3,969.5,-334.792,128.129,-0.982871078,0,0,11.884,-7.4,0.184294449,-8.539,0.240363578,1030,1.243,1,0,10,0,0,0
2023-12-17 11:40,-0.685818353,0.727772758,-0.970699708,4.8,0,48.3,969.6,-334.796,128.134,-0.982074041,0,0,11.36,-7.3,0.188495563,-8.401,0.240295811,1030.1,1.243,1,0,10,0,0,0
2023-12-17 11:50,-0.901832526,0.432085749,-0.970699708,5.5,0,48.3,969.6,-334.796,128.187,-0.98630288,0,0,11.368,-7.1,0.164944321,-8.236,0.240295811,1030.1,1.242,1,0,10,0,0,0
2023-12-17 12:00,-0.938493023,0.345298199,-0.970661951,7.4,0,47.7,969.8,-334.787,128.271,-0.982983474,0,0,11.541,-7.4,0.183694012,-8.06,0.240448285,1030.4,1.241,1,0,10,0,0,0
2023-12-17 12:10,-0.853550797,0.521009632,-0.970699708,6.3,0,48.5,969.5,-334.796,128.409,-0.978100402,0,0,11.525,-7,0.20813362,-7.781,0.240295811,1029.9,1.24,1,0,10,0,0,0
2023-12-17 12:20,-0.952661481,0.304033061,-0.970628368,3.4,0,47.6,969.5,-334.779,128.538,-0.961760433,0,0,10.819,-6.9,0.273892076,-7.699,0.240583813,1029.9,1.239,1,0,10,0,0,0
2023-12-17 12:30,-0.983571471,0.180519145,-0.970674539,3.9,0,46,969.6,-334.79,128.732,-0.989713903,0,0,9.798,-6.7,0.143060791,-7.417,0.240397461,1030,1.238,1,0,10,0,0,0
2023-12-17 12:40,-0.939692621,0.342020143,-0.97061577,5.3,0,44.4,969.6,-334.776,128.925,-0.962241751,0,0,10.319,-6.8,0.272196277,-7.233,0.240634634,1030,1.237,1,0,10,0,0,0
2023-12-17 12:50,-0.667832555,0.744311546,-0.970649359,4.7,0,44.5,969.6,-334.784,129.066,-0.992694302,0,0,11.927,-6.8,0.120656629,-7.207,0.240499108,1030,1.237,1,0,10,0,0,0
2023-12-17 13:00,-0.889416373,0.457097927,-0.986968297,3.7,0,44.3,969.5,-339.439,128.985,-0.999974522,0,0,12.22,-6.3,-0.007138336,-7.291,0.160914827,1029.8,1.237,1,0,10,0,0,0
2023-12-17 13:10,-0.744311546,0.667832555,-0.994389756,5.7,0,42.9,969.6,-342.628,129.114,-0.982690482,0,0,9.922,-6.6,0.185255003,-6.997,0.105778133,1029.9,1.236,1,0,10,0,0,0
2023-12-17 13:20,-0.834847863,0.55048074,-0.994387909,5.3,0,43.8,969.6,-342.628,129.369,-0.990905865,0,0,10.315,-6.1,0.134556929,-6.989,0.105795489,1029.9,1.236,1,0,10,0,0,0
2023-12-17 13:30,-0.99756405,-0.069756474,-0.994389756,3.8,0,43.4,969.6,-342.628,129.548,-0.999757436,0,0,11.161,-6.1,-0.022024274,-6.973,0.105778133,1029.9,1.236,1,0,10,0,0,0
2023-12-17 13:40,-0.998629535,0.052335956,-0.994387909,4,0,42.4,969.6,-342.628,129.699,-0.987344703,0,0,9.263,-6,0.158588893,-6.834,0.105795489,1029.9,1.235,1,0,10,0,0,0
2023-12-17 13:50,-0.759271307,0.650774217,-0.994389756,3.2,0,40.2,969.6,-342.628,129.906,-0.990348062,0,0,9.629,-6.2,0.138602724,-6.772,0.105778133,1029.8,1.235,1,0,10,0,0,0
2023-12-17 14:00,-0.806960312,0.590605668,-0.994389756,3.3,0,42.8,969.6,-342.628,130.153,-0.996820734,0,0,8.881,-5.9,0.079677001,-6.629,0.105778133,1029.9,1.234,1,0,10,0,0,0
2023-12-17 14:10,-0.888617233,0.458649554,-0.995729533,6.4,0,40.8,969.6,-343.405,130.175,-0.997401953,0,0,12.94,-6.2,-0.072037101,-6.811,0.092318451,1029.8,1.235,1,0,10,0,0,0
2023-12-17 14:20,-0.937281989,0.348572047,-0.998992619,4.8,0,40,969.5,-351.272,130.129,-0.999987542,0,0,10.903,-6.1,0.004991621,-6.872,-0.044874794,1029.8,1.235,1,0,10,0,0,0
2023-12-17 14:30,-0.909236109,0.416280792,-0.998992619,5.1,0,39.3,969.5,-351.272,130.253,-0.998875854,0,0,10.045,-5.9,0.047402825,-6.745,-0.044874794,1029.8,1.235,1,0,10,0,0,0
2023-12-17 14:40,-0.969015731,0.246999013,-0.998992619,6.2,0,38.8,969.5,-351.272,130.369,-0.995213765,0,0,12.176,-6,-0.097721859,-6.752,-0.044874794,1029.8,1.235,1,0,10,0,0,0
2023-12-17 14:50,-0.946085359,0.323917418,-0.998992619,4.4,0,37,969.4,-351.272,130.318,-0.998589976,0,0,11.527,-6,-0.053085404,-6.785,-0.044874794,1029.7,1.235,1,0,10,0,0,0
2023-12-17 15:00,-0.85536426,0.518027009,-0.998992619,4.2,0,37.7,969.5,-351.272,130.342,-0.999685504,0,0,10.198,-5.9,0.025077752,-6.747,-0.044874794,1029.8,1.235,1,0,10,0,0,0
2023-12-17 15:10,-0.904827052,0.425779292,-0.999873876,5.2,0,38.6,969.6,-347.783,130.491,-0.990141351,0,0,8.738,-5.9,0.140071782,-6.639,0.015881828,1029.9,1.234,1,0,10,0,0,0
2023-12-17 15:20,-0.894934362,0.446197813,-0.995788942,1.9,0,38,969.6,-343.44,130.424,-0.992499284,0,0,9.183,-6,0.122250445,-6.603,0.091675418,1029.9,1.234,1,0,10,0,0,0
2023-12-17 15:30,-0.900318771,0.435231099,-0.989713903,4.4,0,37.7,969.7,-340.474,130.502,-0.984892496,0,0,9.563,-6,0.173166889,-6.495,0.143060791,1030,1.234,1,0,10,0,0,0
2023-12-17 15:40,-0.984807753,0.173648178,-0.988000335,3.9,0,36.1,969.6,-339.82,130.528,-0.999812008,0,0,10.376,-6,-0.019389393,-6.443,0.154451734,1029.9,1.233,1,0,9.967,0,0,0
2023-12-17 15:50,-0.96770917,0.252069358,-0.999693765,4.6,0,34.2,969.7,-347.282,130.588,-0.99970149,0,0,10.596,-6.3,0.024432178,-6.631,0.024746242,1030,1.234,1,0,10,0,0,0
2023-12-17 16:00,-0.972775878,0.231747903,-0.999693765,3.6,0,36.5,969.8,-347.282,130.733,-0.999930399,0,0,10.478,-6.4,0.011798152,-6.609,0.024746242,1030.1,1.234,1,0,10,0,0,0
2023-12-17 16:10,-0.987688341,-0.156434465,-0.999693765,2.4,0,36.8,969.9,-347.282,130.975,-0.989136779,0,0,9.102,-6.6,0.146998067,-6.579,0.024746242,1030.3,1.234,1,0,10,0,0,0
2023-12-17 16:20,-0.801775644,0.597625147,-0.999693765,3,0,36.6,970,-347.282,131.187,-0.997139146,0,0,9.227,-6.6,0.075587859,-6.623,0.024746242,1030.4,1.234,1,0,10,0,0,0
2023-12-17 16:30,-0.734914595,0.67815967,-0.999693765,5,0,39,970.1,-347.282,131.418,-0.994478023,0,0,8.422,-6.8,0.104945038,-6.717,0.024746242,1030.5,1.235,1,0,10,0,0,0
2023-12-17 16:40,-0.758134336,0.652098404,-0.999693765,4.1,0,37.1,969.9,-347.282,131.685,-0.990964482,0,0,7.697,-6.9,0.134124551,-6.853,0.024746242,1030.3,1.235,1,0,10,0,0,0
2023-12-17 16:50,-0.980955155,0.194234351,-0.999693765,3.6,0,38,969.9,-347.282,131.95,-0.999268267,0,0,8.471,-7.1,0.038248285,-6.553,0.024746242,1030.4,1.234,1,0,10,0,0,0
2023-12-17 17:00,-0.997915618,0.064532308,-0.999693765,3.7,0,39.4,970.5,-347.282,132.184,-0.999231091,0,0,7.839,-7.3,0.039207496,-6.896,0.024746242,1031.1,1.236,1,0,10,0,0,0
2023-12-17 17:10,-0.821149209,0.570713568,-0.999693765,5.3,0,37.9,970.5,-347.282,132.354,-0.996315419,0,0,7.515,-7.3,0.085764708,-7.349,0.024746242,1031.1,1.238,1,0,10,0,0,0
2023-12-17 17:20,-0.866896749,0.49848774,-0.999693765,3.2,0,38.5,970.5,-347.282,132.549,-0.996718409,0,0,6.519,-7.5,0.080946976,-7.502,0.024746242,1031.1,1.238,1,0,10,0,0,0
2023-12-17 17:30,-0.915662593,0.401947777,-0.999693765,4.3,0,38.8,970.7,-347.282,132.764,-0.997102087,0,0,6.804,-7.7,0.076075144,-7.592,0.024746242,1031.4,1.239,1,0,10,0,0,0
2023-12-17 17:40,-0.796529918,0.604599115,-0.999693765,3.3,0,40,970.9,-347.282,132.939,-0.995703714,0,0,6.217,-7.8,0.092596508,-7.657,0.024746242,1031.6,1.239,1,0,10,0,0,0
2023-12-17 17:50,-0.67687597,0.736097087,-0.993410826,1.3,0,39.9,971.1,-342.114,133.105,-0.999488303,0,0,7.12,-8,0.031986428,-7.857,0.114607729,1031.9,1.24,1,0,10,0,0,0
2023-12-17 18:00,-0.947210278,0.320612991,-0.999587877,2.1,0,44.7,971.5,-347.049,133.106,-0.999652741,0,0,9.51,-8.3,-0.026351421,-7.768,0.028706722,1032.4,1.24,1,0,10,0,0,0
2023-12-17 18:10,-0.942641491,0.333806859,-0.999105202,2.5,0,43.6,971.7,-351.124,133.125,-0.999987715,0,0,8.239,-8.3,-0.004956715,-7.784,-0.042294162,1032.6,1.24,1,0,10,0,0,0
2023-12-17 18:20,-0.917060074,0.398749069,-0.999105202,3.3,0,43.6,971.8,-351.124,133.161,-0.999913411,0,0,9.463,-8.3,0.013159403,-7.837,-0.042294162,1032.7,1.24,1,0,10,0,0,0
2023-12-17 18:30,-0.872922077,0.487859659,-0.999089633,3.2,0,45.5,972.1,-351.145,133.12,-0.999996885,0,0,10.021,-8.5,0.002495818,-8.053,-0.04266035,1033.1,1.241,1,0,10,0,0,0
2023-12-17 18:40,-0.909236109,0.416280792,-0.99906112,3.2,0,44.9,972.1,-351.183,133.007,-0.998455344,0,0,8.809,-8.5,0.055560112,-8.381,-0.043322962,1033.1,1.243,1,0,10,0,0,0
2023-12-17 18:50,-0.857167301,0.515038075,-0.999105202,2.4,0,46.2,971.9,-351.124,132.684,-0.999636928,0,0,9.895,-8.6,-0.026944622,-8.464,-0.042294162,1032.9,1.243,1,0,10,0,0,0
2023-12-17 19:00,-0.999961923,-0.008726535,-0.999067913,2.7,0,46.1,972.1,-351.174,132.554,-0.99819399,0,0,9.925,-8.7,0.060072949,-8.441,-0.043166029,1033.1,1.243,1,0,10,0,0,0
2023-12-17 19:10,-0.984195608,0.17708474,-0.999049744,4.2,0,47.1,972.3,-351.198,132.461,-0.998139058,0,0,11.181,-8.7,0.060978856,-8.454,-0.043584514,1033.4,1.243,1,0,10,0,0,0
2023-12-17 19:20,-0.982935349,-0.183951351,-0.999049744,3.2,0,51.5,972.6,-351.198,132.242,-0.999620762,0,0,12.885,-9,0.027537814,-8.594,-0.043584514,1033.8,1.244,1,0,10,0,0,0
2023-12-17 19:30,-0.998889875,0.047106451,-0.99908516,5.1,0,50.9,972.4,-351.151,131.605,-0.998557361,0,0,15.645,-8.9,-0.053695398,-8.879,-0.042764974,1033.5,1.245,1,0,10,0,0,0
2023-12-17 19:40,-0.981292664,0.192521967,-0.999105202,5.6,0,49.7,972.3,-351.124,131.051,-0.990495065,0,0,18.081,-8.9,-0.137548271,-8.602,-0.042294162,1033.4,1.244,1,0,10,0,0,0
2023-12-17 19:50,-0.989525789,0.144356201,-0.999105202,6.4,0,49.1,972.3,-351.124,130.533,-0.990595627,0,0,19.066,-9,-0.136822163,-8.588,-0.042294162,1033.4,1.243,1,0,10,0,0,0
2023-12-17 20:00,-0.998239828,0.059306374,-0.999093352,5,0,48.3,972.4,-351.14,130.073,-0.995159032,0,0,17.22,-8.9,-0.098277676,-8.74,-0.042573163,1033.5,1.244,1,0,10,0,0,0
2023-12-17 20:10,-0.96814764,-0.250380004,-0.999090377,5,0,49.6,972.3,-351.144,129.709,-0.996072035,0,0,16.71,-9.1,-0.088546608,-8.809,-0.042642913,1033.5,1.245,1,0,10,0,0,0
2023-12-17 20:20,-0.965925826,0.258819045,-0.999190889,5,0,49.2,972.1,-351.196,129.446,-0.999958974,0,0,15.716,-9.1,-0.009058135,-8.835,-0.040218989,1033.2,1.245,1,0,10,0,0,0
2023-12-17 20:30,-0.96814764,0.250380004,-0.999049744,7.3,0,46.5,972,-351.198,129.278,-0.99852153,0,0,15.521,-9.2,-0.054357655,-9,-0.043584514,1033.2,1.245,1,0,10,0,0,0
2023-12-17 20:40,-0.825113498,0.564967003,-0.999049744,7.6,0,46.2,972.1,-351.198,129.069,-0.998645927,0,0,16.525,-9.2,-0.052022225,-9.058,-0.043584514,1033.3,1.246,1,0,10,0,0,0
2023-12-17 20:50,-0.813100761,0.58212297,-0.999049744,6.5,0,47.3,972.2,-351.198,128.809,-0.998407463,0,0,17.387,-9.3,-0.056413982,-9.182,-0.043584514,1033.4,1.246,1,0,10,0,0,0
2023-12-17 21:00,-0.927183855,0.374606593,-0.999049744,5.8,0,49.3,972.1,-351.198,128.418,-0.999423275,0,0,17.171,-9.5,-0.033957578,-9.42,-0.043584514,1033.4,1.247,1,0,10,0,0,0
2023-12-17 21:10,-0.807989884,0.589196357,-0.999049744,7,0,48.5,972.2,-351.198,128.245,-0.997327245,0,0,16.541,-9.5,0.073064132,-9.259,-0.043584514,1033.5,1.247,1,0,10,0,0,0
2023-12-17 21:20,-0.999328394,0.036643709,-0.999998123,6.7,0,49.6,972.3,-348.809,128.287,-0.994029707,0,0,15.944,-9.6,0.109109765,-9.358,-0.001937314,1033.6,1.247,1,0,10,0,0,0
2023-12-17 21:30,-0.983254908,-0.182235525,-0.99578254,6.5,0,50.3,972.3,-343.436,128.2,-0.999949468,0,0,17.615,-9.7,-0.010052927,-9.51,0.091744937,1033.6,1.248,1,0,10,0,0,0
2023-12-17 21:40,-0.882126866,0.471011881,-0.997993715,6.4,0,50,972.3,-345.073,127.915,-0.998030015,0,0,18.426,-9.7,-0.062738263,-9.584,0.063313076,1033.6,1.248,1,0,10,0,0,0
2023-12-17 21:50,-0.811063819,0.584957675,-0.998933828,6.7,0,50.7,972.1,-351.346,127.637,-0.999367461,0,0,17.232,-9.8,-0.03556231,-9.53,-0.046164998,1033.4,1.248,1,0,10,0,0,0
2023-12-17 22:00,-0.839619865,0.54317445,-0.998933828,6.2,0,52.1,972.2,-351.346,127.529,-0.998186643,0,0,16.982,-9.9,0.060194901,-9.462,-0.046164998,1033.6,1.248,1,0,10,0,0,0
2023-12-17 22:10,-0.917754626,0.397147891,-0.999524486,7,0,51.3,972,-346.935,127.609,-0.993203191,0,0,16.568,-9.9,0.116393387,-9.721,0.030835079,1033.3,1.249,1,0,10,0,0,0
2023-12-17 22:20,-0.996194698,0.087155743,-0.995906515,6.7,0,51.4,972.1,-343.514,127.458,-0.995975635,0,0,17.882,-10,0.089624409,-10.132,0.090389237,1033.5,1.251,1,0,10,0,0,0
2023-12-17 22:30,-0.997440783,0.071497444,-0.995906515,5.9,0,49.5,972.1,-343.514,127.174,-0.999486627,0,0,19.739,-10,-0.032038761,-9.969,0.090389237,1033.5,1.25,1,0,10,0,0,0
2023-12-17 22:40,-0.970295726,0.241921896,-0.996854021,7.2,0,47.9,972.1,-344.155,126.89,-0.997711502,0,0,20.594,-10,-0.067614789,-9.963,0.079259447,1033.5,1.25,1,0,4.733,0,0,0
2023-12-17 22:50,-0.962217994,0.272280247,-0.998933828,5.1,0,48.7,972.1,-351.346,127.966,-0.99924268,0,0,18.667,-10.1,-0.038911017,-9.923,-0.046164998,1033.5,1.25,1,0,0.033,0,0,1
2023-12-17 23:00,-0.906307787,0.422618262,-0.998933828,7.2,0,49.2,972.2,-351.346,137.092,-0.996543789,0,0,17.857,-10.1,0.083069105,-9.9,-0.046164998,1033.6,1.25,1,0,9.5,0,0,0.5
2023-12-17 23:10,-0.885393626,0.464842046,-0.99969549,7.2,0,48.5,972.1,-347.287,135.513,-0.993017077,0,0,17.513,-10.1,0.117970694,-10.028,0.024676451,1033.5,1.25,1,0,10,0,0,0
2023-12-17 23:20,-0.976672278,0.214735327,-0.995793741,7.1,0,48.8,971.9,-343.443,133.997,-0.995851113,0,0,17.752,-10.2,0.090997585,-10.14,0.091623279,1033.3,1.251,1,0,10,0,0,0
2023-12-17 23:30,-0.999902524,-0.01396218,-0.995828849,6.2,0,49.1,971.9,-343.465,132.507,-0.997251478,0,0,17.908,-10.2,0.074091085,-10.175,0.091240914,1033.3,1.251,1,0,10,0,0,0
2023-12-17 23:40,-0.99074784,0.135715572,-0.995862223,4,0,49.7,972,-343.486,131.137,-0.998360851,0,0,18.366,-10.3,0.057232961,-10.181,0.090875918,1033.5,1.251,1,0,10,0,0,0
2023-12-17 23:50,-0.932323801,-0.36162457,-0.995903359,7.9,0,52,972,-343.512,129.863,-0.999583859,0,0,19.108,-10.4,0.02884629,-10.151,0.090424001,1033.5,1.251,1,0,10,0,0,0
2023-12-18 0:00,-0.999194395,-0.040131793,-0.995833625,6.8,0,51.9,972.3,-343.468,128.719,-0.996135142,0,0,18.835,-10.4,0.087833811,-10.021,0.091188773,1033.8,1.25,1,0,10,0,0,0
2023-12-18 0:10,-0.984807753,0.173648178,-0.995841578,5.4,0,48.5,972.1,-343.473,127.644,-0.993249835,0,0,16.795,-10.3,0.11599468,-10.089,0.09110187,1033.6,1.251,1,0,10,0,0,0
2023-12-18 0:20,-0.792289643,0.610145164,-0.99585905,9.6,0,47.3,972.2,-343.484,126.685,-0.989535865,0,0,16.532,-10.3,0.144287119,-10.131,0.09091068,1033.7,1.251,1,0,10,0,0,0
2023-12-18 0:30,-0.819152044,0.573576436,-0.995847936,8.2,0,45.8,972.5,-343.478,125.781,-0.991150789,0,0,16.406,-10.2,0.132740774,-10.001,0.091032347,1034,1.25,1,0,9.967,0,0,0
2023-12-18 0:40,-0.989776231,0.142628934,-0.995884399,5.5,0,43.2,972.5,-343.5,134.39,-0.994752932,0,0,17.215,-10.2,0.102306421,-9.905,0.09063258,1034,1.25,1,0,10,0,0,0
2023-12-18 0:50,-0.99950656,0.031410759,-0.995838398,5.4,0,42.2,972.4,-343.471,138.58,-0.994101853,0,0,18.696,-10.1,0.108450476,-9.854,0.091136631,1033.8,1.249,1,0,10,0,0,0
2023-12-18 1:00,-0.988493887,0.15126082,-0.995793741,7.2,0,42.1,972.5,-343.443,137.274,-0.996085931,0,0,20.013,-10.1,0.088390144,-9.837,0.091623279,1033.9,1.249,1,0,10,0,0,0
2023-12-18 1:10,-0.85536426,0.518027009,-0.995479461,5.2,0,41.3,972.5,-343.441,136.226,-0.995171031,0,0,20.1,-10.1,0.098156093,-9.856,0.094977069,1033.9,1.249,1,0,10,0,0,0
2023-12-18 1:20,-0.925870585,0.377840787,-0.995788942,4.9,0,41.7,972.6,-343.44,135.438,-0.995653469,0,0,19.419,-10.1,0.093135222,-9.89,0.091675418,1034,1.25,1,0,10,0,0,0
2023-12-18 1:30,-0.921185406,0.38912395,-0.995788942,5.6,0,41.6,972.6,-343.44,134.821,-0.991139202,0,0,18.828,-10.2,0.132827267,-10.106,0.091675418,1034.1,1.251,1,0,10,0,0,0
2023-12-18 1:40,-0.923210217,0.384295323,-0.995846347,5.3,0,43.8,972.8,-343.476,134.222,-0.995711791,0,0,18.226,-10.2,0.092509616,-10.216,0.091049727,1034.3,1.251,1,0,10,0,0,0
2023-12-18 1:50,-0.993960955,0.109734311,-0.995801733,6.8,0,44.5,973.1,-343.448,133.868,-0.990502265,0,0,17.021,-10.2,0.137496409,-10.135,0.091536379,1034.6,1.251,1,0,10,0,0,0
2023-12-18 2:00,-0.996778878,0.080198924,-0.995800135,7.2,0,46.7,973.1,-343.447,133.672,-0.986320147,0,0,17.252,-10.2,0.164841035,-10.094,0.091553759,1034.6,1.251,1,0,10,0,0,0
2023-12-18 2:10,-0.825113498,0.564967003,-0.995825663,6.1,0,46.9,973.2,-343.463,133.525,-0.986688783,0,0,18.517,-10.2,0.162619944,-10.002,0.091275675,1034.7,1.25,1,0,10,0,0,0
2023-12-18 2:20,-0.907044014,0.421035813,-0.995798537,7.7,0,47.9,973,-343.446,133.411,-0.991574223,0,0,17.327,-10.3,0.129539801,-9.997,0.091571139,1034.5,1.25,1,0,10,0,0,0
2023-12-18 2:30,-0.79863551,0.601815023,-0.995796939,6.4,0,47.8,973,-343.445,133.213,-0.985187244,0,0,16.287,-10.2,0.171482054,-10.368,0.091588519,1034.5,1.252,1,0,10,0,0,0
2023-12-18 2:40,-0.938493023,0.345298199,-0.995788942,5.8,0,48,972.9,-343.44,132.971,-0.985199213,0,0,16.449,-10.2,0.171413275,-10.138,0.091675418,1034.4,1.251,1,0,10,0,0,0
2023-12-18 2:50,-0.836764313,0.547563223,-0.995788942,6.1,0,49.7,973,-343.44,132.899,-0.989828441,0,0,15.517,-10.2,0.142266152,-10.189,0.091675418,1034.5,1.251,1,0,10,0,0,0
2023-12-18 3:00,-0.997915618,0.064532308,-0.995788942,5.7,0,50.2,973.1,-343.44,132.807,-0.989236609,0,0,15.227,-10.3,0.146324749,-10.25,0.091675418,1034.6,1.251,1,0,10,0,0,0
2023-12-18 3:10,-0.997052752,0.076719028,-0.995788942,4.5,0,51.4,973.2,-343.44,132.737,-0.997601646,0,0,15.372,-10.3,0.069216729,-10.259,0.091675418,1034.7,1.251,1,0,10,0,0,0
2023-12-18 3:20,-0.999610115,0.027921639,-0.995788942,7,0,52,973.2,-343.44,132.728,-0.991626144,0,0,15.338,-10.3,0.129141747,-10.237,0.091675418,1034.7,1.251,1,0,10,0,0,0
2023-12-18 3:30,-0.974370065,0.224951054,-0.995788942,4.3,0,53.4,973.1,-343.44,132.738,-0.993245785,0,0,15.66,-10.4,0.116029351,-10.166,0.091675418,1034.6,1.251,1,0,10,0,0,0
2023-12-18 3:40,-0.914959668,0.403545296,-0.995788942,6.5,0,50.7,973,-343.44,132.681,-0.988863133,0,0,14.813,-10.2,0.148827766,-10.243,0.091675418,1034.5,1.251,1,0,10,0,0,0
2023-12-18 3:50,-0.945518576,0.325568154,-0.995788942,5.3,0,50.9,972.9,-343.44,132.62,-0.98069665,0,0,14.663,-10.3,0.195535368,-10.44,0.091675418,1034.4,1.252,1,0,10,0,0,0
2023-12-18 4:00,-0.997440783,0.071497444,-0.995788942,5.6,0,51.9,972.9,-343.44,132.4,-0.993573831,0,0,14.753,-10.3,0.113185873,-10.404,0.091675418,1034.4,1.252,1,0,10,0,0,0
2023-12-18 4:10,-0.99074784,0.135715572,-0.995788942,6.9,0,52.1,973.1,-343.44,132.406,-0.992744756,0,0,16.626,-10.3,0.120240799,-10.073,0.091675418,1034.6,1.25,1,0,10,0,0,0
2023-12-18 4:20,-0.999847695,0.017452406,-0.995788942,5.3,0,53.2,973.1,-343.44,132.38,-0.989676416,0,0,18.956,-10.3,0.143319893,-9.758,0.091675418,1034.6,1.249,1,0,10,0,0,0
2023-12-18 4:30,-0.986285602,0.165047606,-0.995788942,3.9,0,52.5,973.1,-343.44,132.359,-0.981379927,0,0,19.638,-10.3,0.19207665,-9.488,0.091675418,1034.6,1.248,1,0,10,0,0,0
2023-12-18 4:40,-0.921185406,0.38912395,-0.995788942,7.6,0,53.1,973,-343.44,132.346,-0.983258088,0,0,17.851,-10.3,0.182218364,-9.865,0.091675418,1034.5,1.25,1,0,10,0,0,0
2023-12-18 4:50,-0.835807361,0.549022818,-0.995788942,5.8,0,53.2,973,-343.44,132.227,-0.989167545,0,0,15.009,-10.3,0.1467909,-10.121,0.091675418,1034.5,1.251,1,0,10,0,0,0
2023-12-18 5:00,-0.929776486,0.368124553,-0.995788942,5.7,0,52.3,973,-343.44,132.317,-0.993123735,0,0,15.009,-10.2,0.117069412,-10.061,0.091675418,1034.5,1.25,1,0,10,0,0,0
2023-12-18 5:10,-0.988493887,-0.15126082,-0.995788942,3.4,0,54.1,973.4,-343.44,132.427,-0.990621876,0,0,15.674,-10.3,0.13663198,-9.913,0.091675418,1034.9,1.25,1,0,10,0,0,0
2023-12-18 5:20,-0.912120116,-0.409923034,-0.995788942,6.4,0,54.7,973.5,-343.44,132.479,-0.991116004,0,0,16.739,-10.2,0.133000252,-9.676,0.091675418,1035,1.249,1,0,10,0,0,0
2023-12-18 5:30,-0.952661481,0.304033061,-0.995788942,7.7,0,52,973.3,-343.44,132.484,-0.991173942,0,0,17.467,-9.9,0.132567783,-9.352,0.091675418,1034.7,1.247,1,0,10,0,0,0
2023-12-18 5:40,-0.825113498,0.564967003,-0.995788942,6.4,0,51.8,973.2,-343.44,132.334,-0.986649018,0,0,14.274,-9.8,0.162861033,-9.911,0.091675418,1034.6,1.25,1,0,10,0,0,0
2023-12-18 5:50,-0.898794046,0.438371147,-0.995788942,4.2,0,51.9,973.1,-343.44,132.369,-0.991289252,0,0,13.8,-9.9,0.13170277,-9.779,0.091675418,1034.5,1.249,1,0,10,0,0,0
2023-12-18 6:00,-0.827080574,0.562083378,-0.995788942,6.2,0,52,973,-343.44,132.568,-0.989072545,0,0,14.094,-9.8,0.147429645,-9.694,0.091675418,1034.4,1.249,1,0,10,0,0,0
2023-12-18 6:10,-0.973178873,0.230049737,-0.995788942,4.7,0,53,972.7,-343.44,132.743,-0.99194537,0,0,14.681,-9.8,0.126666426,-9.685,0.091675418,1034.1,1.249,1,0,10,0,0,0
2023-12-18 6:20,-0.998239828,0.059306374,-0.995788942,4.2,0,54.2,972.6,-343.44,132.582,-0.990664752,0,0,15.073,-9.8,0.13632076,-9.815,0.091675418,1034,1.249,1,0,10,0,0,0
2023-12-18 6:30,-0.974370065,0.224951054,-0.995788942,3.7,0,53.8,972.6,-343.44,132.569,-0.992432995,0,0,14.577,-9.9,0.122787421,-9.648,0.091675418,1034,1.248,1,0,10,0,0,0
2023-12-18 6:40,-0.929776486,0.368124553,-0.995788942,3.9,0,56.9,972.9,-343.44,132.685,-0.990865897,0,0,13.893,-9.9,0.13485093,-9.747,0.091675418,1034.3,1.249,1,0,10,0,0,0
2023-12-18 6:50,-0.847121921,0.53139858,-0.995788942,4,0,56.1,972.9,-343.44,132.809,-0.993039708,0,0,14.496,-10,0.117780046,-9.81,0.091675418,1034.3,1.249,1,0,10,0,0,0
2023-12-18 7:00,-0.903335293,0.428935133,-0.995788942,4.5,0,57.8,973.1,-343.44,132.632,-0.993402822,0,0,14.359,-10,0.114677082,-10.077,0.091675418,1034.5,1.251,1,0,10,0,0,0
2023-12-18 7:10,-0.999998477,0.001745328,-0.995788942,3.6,0,57.6,972.8,-343.44,132.553,-0.994740426,0,0,14.198,-10.1,0.102427952,-9.748,0.091675418,1034.3,1.249,1,0,10,0,0,0
2023-12-18 7:20,-0.995396198,-0.095845753,-0.995788942,2.9,0,57.7,972.9,-343.44,132.641,-0.995247816,0,0,14.125,-10.1,0.097374458,-9.772,0.091675418,1034.4,1.249,1,0,10,0,0,0
2023-12-18 7:30,-0.944948912,-0.327217899,-0.995788942,2.9,0,59.1,972.8,-343.44,132.727,-0.996831849,0,0,15.543,-10.2,0.079537818,-9.506,0.091675418,1034.3,1.248,1,0,10,0,0,0
2023-12-18 7:40,-0.952129393,-0.305695305,-0.995788942,3.4,0,58.5,972.9,-343.44,132.753,-0.995537293,0,0,14.981,-10.1,0.094368948,-9.416,0.091675418,1034.4,1.247,1,0,10,0,0,0
2023-12-18 7:50,-0.938493023,0.345298199,-0.995788942,3,0,56.3,973.1,-343.44,132.668,-0.991015909,0,0,13.577,-9.9,0.133744039,-9.721,0.091675418,1034.5,1.249,1,0,10,0,0,0
2023-12-18 8:00,-0.948323655,0.317304656,-0.995788942,4.8,0,57.7,973.5,-343.44,132.59,-0.992400815,0,0,15.557,-9.9,0.123047235,-8.973,0.091675418,1034.9,1.245,1,0,10,0,0,0
2023-12-18 8:10,-0.811063819,0.584957675,-0.995788942,3.8,0,56.1,973.1,-343.44,132.659,-0.991166999,0,0,16.657,-9.8,0.132619681,-8.611,0.091675418,1034.5,1.244,1,0,10,0,0,0
2023-12-18 8:20,-0.898794046,0.438371147,-0.995788942,3.1,0,53.6,973.4,-343.44,132.725,-0.992725856,0,0,14.739,-9.6,0.120396738,-8.736,0.091675418,1034.8,1.244,1,0,10,0,0,0
2023-12-18 8:30,-0.99897057,-0.045362988,-0.995788942,4.4,0,54.9,973.5,-343.44,132.705,-0.993348671,0,0,13.27,-9.6,0.115145199,-9.322,0.091675418,1034.9,1.247,1,0,10,0,0,0
2023-12-18 8:40,-0.954240329,-0.299040792,-0.995788942,3.9,0,56.4,973.4,-343.44,132.734,-0.992130006,0,0,13.034,-9.5,0.125212023,-8.994,0.091675418,1034.7,1.245,1,0,10,0,0,0
2023-12-18 8:50,-0.982612797,-0.185666615,-0.995788942,4.3,0,53.8,973.5,-343.44,132.941,-0.994037322,0,0,13.664,-9.3,0.109040369,-8.905,0.091675418,1034.8,1.245,1,0,10,0,0,0
2023-12-18 9:00,-0.982935349,0.183951351,-0.995788942,2.4,0,55.3,973.6,-343.44,133.07,-0.993152311,0,0,14.899,-9.3,0.116826743,-8.536,0.091675418,1034.9,1.243,1,0,10,0,0,0
2023-12-18 9:10,-0.995561965,0.094108313,-0.995788942,2.3,0,54.5,974,-343.44,132.894,-0.990821125,0,0,13.978,-9.1,0.135179506,-8.493,0.091675418,1035.3,1.243,1,0,10,0,0,0
2023-12-18 9:20,-0.919821497,0.392337117,-0.995788942,1.9,0,53,974.3,-343.44,133.059,-0.988852741,0,0,12.609,-8.8,0.148896801,-7.956,0.091675418,1035.5,1.241,1,0,10,0,0,0
2023-12-18 9:30,-0.919135339,0.39394191,-0.995788942,3.9,0,51.2,974.2,-343.44,133.435,-0.992390074,0,0,11.799,-8.3,0.123133838,-7.762,0.091675418,1035.3,1.24,1,0,10,0,0,0
2023-12-18 9:40,-0.985407898,0.170209499,-0.995788942,4,0,49.8,974.6,-343.44,133.635,-0.983565169,0,0,11.417,-7.9,0.180553478,-8.003,0.091675418,1035.6,1.241,1,0,10,0,0,0
2023-12-18 9:50,-0.995884399,0.09063258,-0.995788942,5,0,48,974.6,-343.44,133.716,-0.990478253,0,0,12.134,-7.6,0.137669282,-7.591,0.091675418,1035.5,1.239,1,0,10,0,0,0
2023-12-18 10:00,-0.866025404,0.5,-0.995788942,4.6,0,47.1,974.3,-343.44,134.076,-0.987333629,0,0,10.266,-7.4,0.158657822,-7.409,0.091675418,1035.1,1.238,1,0,10,0,0,0
2023-12-18 10:10,-0.812083527,0.583541211,-0.995788942,3.2,0,47.3,974.1,-343.44,134.426,-0.985258987,0,0,10.204,-7,0.171069365,-7.308,0.091675418,1034.8,1.237,1,0,10,0,0,0
2023-12-18 10:20,-0.906307787,0.422618262,-0.995788942,4,0,45.7,973.9,-343.44,134.636,-0.993223491,0,0,11.38,-6.7,0.116220039,-7.309,0.091675418,1034.5,1.237,1,0,10,0,0,0
2023-12-18 10:30,-0.90408255,0.427357863,-0.995788942,5.6,0,44.5,973.8,-343.44,134.655,-0.991965254,0,0,9.718,-6.5,0.12651061,-7.138,0.091675418,1034.4,1.237,1,0,10,0,0,0
2023-12-18 10:40,-0.999975631,-0.00698126,-0.995788942,3.3,0,44.9,973.6,-343.44,134.912,-0.991556126,0,0,9.221,-6.3,0.12967825,-6.801,0.091675418,1034.1,1.235,1,0,10,0,0,0
2023-12-18 10:50,-0.991444861,0.130526192,-0.995788942,2.5,0,43.9,974,-343.44,135.292,-0.992480069,0,0,11.641,-5.8,0.122406345,-6.561,0.091675418,1034.5,1.234,1,0,10,0,0,0
2023-12-18 11:00,-0.999975631,0.00698126,-0.995788942,3.7,0,42,974,-343.44,135.51,-0.993934113,0,0,10.81,-5.7,0.109977178,-6.48,0.091675418,1034.5,1.234,1,0,10,0,0,0
2023-12-18 11:10,-0.863395551,0.504527624,-0.995788942,3.6,0,41.8,973.9,-343.44,135.443,-0.994936994,0,0,11.64,-5.7,0.100500635,-6.517,0.091675418,1034.4,1.234,1,0,10,0,0,0
2023-12-18 11:20,-0.528438335,0.848971688,-0.995788942,3.2,0,40.7,973.8,-343.44,135.64,-0.994880709,0,0,11.124,-5.2,0.101056297,-6.057,0.091675418,1034.1,1.232,1,0,10,0,0,0
2023-12-18 11:30,-0.849892693,0.526955795,-0.995788942,4.2,0,40.9,973.7,-343.44,135.91,-0.987038415,0,0,10.488,-5.1,0.160484165,-5.718,0.091675418,1034,1.23,1,0,10,0,0,0
2023-12-18 11:40,-0.85536426,0.518027009,-0.995788942,2.6,0,40.7,973.1,-343.44,136.068,-0.996507449,0,0,10.521,-4.8,0.083503921,-5.78,0.091675418,1033.3,1.23,1,0,10,0,0,0
2023-12-18 11:50,-0.996194698,0.087155743,-0.995788942,4.2,0,39.2,973.2,-343.44,136.138,-0.99047585,0,0,10.878,-4.8,0.137686569,-5.499,0.091675418,1033.4,1.229,1,0,10,0,0,0
2023-12-18 12:00,-0.899557779,0.436801788,-0.995788942,2.5,0,39.9,973,-343.44,136.347,-0.999001216,0,0,11.995,-4.5,0.044683,-5.627,0.091675418,1033.1,1.23,1,0,10,0,0,0
2023-12-18 12:10,-0.999328394,0.036643709,-0.995788942,3.7,0,40.3,972.9,-343.44,136.506,-0.999656868,0,0,11.85,-4.6,0.026194396,-5.483,0.091675418,1033,1.229,1,0,10,0,0,0
2023-12-18 12:20,-0.89571176,0.444635179,-0.995788942,2.8,0,40.3,972.6,-343.44,136.541,-0.994752932,0,0,11.116,-4.7,0.102306421,-5.655,0.091675418,1032.7,1.23,1,0,10,0,0,0
2023-12-18 12:30,-0.992757342,-0.120136839,-0.995788942,1.8,0,40.9,972.7,-343.44,136.45,-0.999540494,0,0,10.284,-4.3,0.030311725,-5.204,0.091675418,1032.7,1.228,1,0,10,0,0,0
2023-12-18 12:40,-0.943800952,-0.330514393,-0.999351849,3.4,0,40.5,972.4,-346.638,136.622,-0.995832033,0,0,11.544,-4.2,-0.091206153,-5.041,0.035998363,1032.4,1.227,1,0,10,0,0,0
2023-12-18 12:50,-0.943222658,0.332161132,-0.998874199,2.6,0,40.6,972.2,-351.42,136.785,-0.99907393,0,0,10.479,-3.8,-0.043026533,-4.814,-0.047437693,1032.1,1.226,1,0,10,0,0,0
2023-12-18 13:00,-0.99992537,0.012217001,-0.998823975,3.4,0,40.5,972.1,-351.479,137.104,-0.997736217,0,0,10.384,-3.6,0.067249104,-4.472,-0.048483685,1031.9,1.224,1,0,10,0,0,0
2023-12-18 13:10,-0.923210217,0.384295323,-0.997083469,4.8,0,39.6,971.9,-344.324,137.14,-0.996180995,0,0,9.668,-3.7,0.087312224,-4.626,0.076318779,1031.7,1.225,1,0,10,0,0,0
2023-12-18 13:20,-0.846193166,0.532876276,-0.995955274,3.4,0,42,971.8,-343.736,137.168,-0.995045164,0,0,9.973,-3.1,0.099423951,-4.403,0.089850387,1031.5,1.224,1,0,10,0,0,0
2023-12-18 13:30,-0.820151876,0.572145873,-0.993719187,4.4,0,40.3,971.7,-342.266,137.445,-0.970194305,0,0,8.112,-4,0.242328311,-4.105,0.111902535,1031.6,1.223,1,0,10,0,0,0
2023-12-18 13:40,-0.819152044,0.573576436,-0.975450057,5.1,0,39.7,971.5,-335.978,137.919,-0.974137906,0,0,8.038,-3.6,0.225954287,-4.081,0.220220767,1031.3,1.223,1,0,10,0,0,0
2023-12-18 13:50,0.932323801,0.36162457,-0.975400066,1.7,0,38.8,971.1,-335.965,138.416,-0.945188522,0,0,6.802,-3.4,0.326525127,-4.097,0.220442083,1030.8,1.223,1,0,10,0,0,0
2023-12-18 14:00,-0.985407898,0.170209499,-0.975365427,2,0,39.8,971.5,-335.956,138.841,-0.989726384,0,0,8.893,-3.4,0.142974422,-4.084,0.220595296,1031.2,1.223,1,0,10,0,0,0
2023-12-18 14:10,-0.952129393,0.305695305,-0.975450057,3,0,39.1,971.4,-335.978,139.193,-0.950374653,0,0,8.93,-3,0.311107728,-4.078,0.220220767,1031,1.223,1,0,10,0,0,0
2023-12-18 14:20,0.633380873,0.77384021,-0.975369277,1.8,0,38.3,971.7,-335.957,139.261,-0.994014463,0,0,12.577,-3.1,0.109248557,-4.419,0.220578273,1031.4,1.224,1,0,10,0,0,0
2023-12-18 14:30,-0.848048096,0.529919264,-0.988005726,2.2,0,39.7,971.5,-339.817,139.163,-0.998959456,0,0,10.5,-3.1,0.045607081,-4.31,0.154417246,1031.2,1.224,1,0,10,0,0,0
2023-12-18 14:40,-0.967267753,0.253757945,-0.998843357,2.5,0,39,971.4,-345.954,139.151,-0.999879359,0,0,10.186,-2.9,-0.015532806,-4.177,0.048082727,1031,1.223,1,0,10,0,0,0
2023-12-18 14:50,-0.96770917,-0.252069358,-0.998100547,3.5,0,41.7,971.4,-352.232,139.169,-0.999669998,0,0,9.73,-2.9,0.02568842,-4.266,-0.061605994,1031,1.223,1,0,10,0,0,0
2023-12-18 15:00,-0.801775644,0.597625147,-0.998100547,2.9,0,40.2,971.5,-352.232,139.028,-0.999859928,0,0,9.147,-3.2,0.016736926,-4.187,-0.061605994,1031.2,1.223,1,0,10,0,0,0
2023-12-18 15:10,-0.984807753,0.173648178,-0.998100547,3.8,0,37.1,971.4,-352.232,139.218,-0.999631736,0,0,7.797,-3.3,0.027136538,-4.017,-0.061605994,1031.1,1.222,1,0,10,0,0,0
2023-12-18 15:20,-0.998440764,-0.055821505,-0.998100547,4.7,0,36.1,971.7,-352.232,139.516,-0.99913956,0,0,9.108,-3.4,0.041474577,-4.013,-0.061605994,1031.5,1.222,1,0,10,0,0,0
2023-12-18 15:30,-0.818149717,0.575005252,-0.998100547,5.7,0,36.8,972,-352.232,139.643,-0.996447439,0,0,11.195,-3.6,-0.084216986,-4.052,-0.061605994,1031.8,1.223,1,0,10,0,0,0
2023-12-18 15:40,-0.759271307,0.650774217,-0.998100547,3.8,0,38,972.1,-352.232,139.601,-0.999832404,0,0,10.817,-3.7,0.018307481,-4.402,-0.061605994,1032,1.224,1,0,10,0,0,0
2023-12-18 15:50,-0.79863551,0.601815023,-0.999626508,3.8,0,36.2,972,-350.264,139.365,-0.994583749,0,0,11.77,-3.9,0.103938284,-4.24,-0.027328453,1031.9,1.223,1,0,10,0,0,0
2023-12-18 16:00,-0.892585818,0.450877541,-0.997282426,3.1,0,36.9,972,-344.475,139.327,-0.987018801,0,0,11.634,-3.9,0.160604753,-4.324,0.073673351,1031.9,1.224,1,0,10,0,0,0
2023-12-18 16:10,-0.89725837,0.441505853,-0.997282426,2.8,0,38.4,971.6,-344.475,139.373,-0.985876447,0,0,8.243,-4.1,0.167474268,-4.456,0.073673351,1031.5,1.224,1,0,10,0,0,0
2023-12-18 16:20,-0.986855716,0.161603821,-0.997282426,2.3,0,41.3,971.4,-344.475,139.383,-0.999081424,0,0,8.677,-4.1,0.042852161,-4.647,0.073673351,1031.3,1.225,1,0,10,0,0,0
2023-12-18 16:30,0.387515586,0.921863152,-0.997282426,2.8,0,41.7,971.5,-344.475,139.424,-0.997925743,0,0,11.578,-4.3,0.064375555,-4.633,0.073673351,1031.5,1.225,1,0,10,0,0,0
2023-12-18 16:40,-0.849892693,0.526955795,-0.997282426,3,0,42.1,971.7,-344.475,139.372,-0.993182862,0,0,12.543,-4.3,0.116566732,-4.582,0.073673351,1031.7,1.225,1,0,10,0,0,0
2023-12-18 16:50,-0.825113498,0.564967003,-0.997282426,3,0,41.3,971.1,-344.475,138.622,-0.999013655,0,0,12.171,-4.4,0.044404024,-5.03,0.073673351,1031.1,1.227,1,0,10,0,0,0
2023-12-18 17:00,-0.932953535,0.359996808,-0.997282426,3.9,0,41.9,971,-344.475,138.88,-0.997923495,0,0,11.315,-4.7,0.064410389,-4.869,0.073673351,1031,1.226,1,0,10,0,0,0
2023-12-18 17:10,-0.943800952,0.330514393,-0.997282426,2.5,0,42.2,971.3,-344.475,138.88,-0.999734629,0,0,9.803,-4.7,0.023036308,-4.994,0.073673351,1031.4,1.227,1,0,10,0,0,0
2023-12-18 17:20,-0.979924705,0.199367934,-0.997282426,4.7,0,42.3,971.4,-344.475,138.96,-0.999754738,0,0,10.253,-4.7,0.022146417,-5.09,0.073673351,1031.5,1.227,1,0,10,0,0,0
2023-12-18 17:30,-0.994337944,0.106264071,-0.997282426,3.6,0,41.5,971.3,-344.475,138.776,-0.999746161,0,0,10.519,-4.8,0.022530294,-5.252,0.073673351,1031.4,1.228,1,0,10,0,0,0
2023-12-18 17:40,-0.953716951,0.3007058,-0.997282426,4.8,0,41.8,971.3,-344.475,138.696,-0.999426826,0,0,10.63,-4.8,0.033852918,-5.142,0.073673351,1031.4,1.227,1,0,10,0,0,0
2023-12-18 17:50,-0.842452397,0.538770785,-0.997282426,3.2,0,42.9,971.6,-344.475,138.739,-0.999998596,0,0,9.66,-4.8,-0.001675515,-5.157,0.073673351,1031.7,1.228,1,0,10,0,0,0
2023-12-18 18:00,-0.863395551,0.504527624,-0.997282426,4.1,0,45.2,971.6,-344.475,138.85,-0.999569643,0,0,10.264,-4.8,0.029334776,-5.153,0.073673351,1031.7,1.228,1,0,10,0,0,0
2023-12-18 18:10,-0.940288127,0.34037955,-0.997282426,4.1,0,43.5,971.7,-344.475,138.833,-0.998189793,0,0,10.84,-4.9,0.060142636,-5.312,0.073673351,1031.8,1.228,1,0,10,0,0,0
2023-12-18 18:20,-0.989776231,0.142628934,-0.997282426,3.1,0,43.7,971.7,-344.475,138.519,-0.992639448,0,0,11.389,-4.9,0.121107087,-5.213,0.073673351,1031.8,1.228,1,0,10,0,0,0
2023-12-18 18:30,-0.99955986,-0.029666244,-0.997282426,2.7,0,43,971.8,-344.475,138.506,-0.98743588,0,0,10.351,-4.9,0.158020197,-4.969,0.073673351,1031.9,1.227,1,0,10,0,0,0
2023-12-18 18:40,-0.97154912,-0.236838146,-0.997282426,2.1,0,44.6,971.6,-344.475,138.624,-0.99649432,0,0,10.016,-4.9,0.083660451,-5.109,0.073673351,1031.7,1.227,1,0,10,0,0,0
2023-12-18 18:50,-0.987688341,-0.156434465,-0.997282426,1.9,0,44.4,971.7,-344.475,138.402,-0.992753148,0,0,10.349,-4.9,0.120171493,-5.219,0.073673351,1031.8,1.228,1,0,10,0,0,0
2023-12-18 19:00,-0.788010754,0.615661475,-0.997282426,4.2,0,44.3,971.7,-344.475,138.473,-0.993540205,0,0,8.284,-4.9,0.113480667,-4.994,0.073673351,1031.8,1.227,1,0,10,0,0,0
2023-12-18 19:10,-0.952129393,0.305695305,-0.997282426,3.3,0,43.8,971.5,-344.475,138.786,-0.997515108,0,0,9.409,-5,0.070452888,-4.869,0.073673351,1031.6,1.226,1,0,10,0,0,0
2023-12-18 19:20,-0.891006524,0.4539905,-0.997282426,3.3,0,45.6,971.6,-344.475,138.984,-0.991982909,0,0,9.604,-5,0.126372105,-4.935,0.073673351,1031.8,1.227,1,0,10,0,0,0
2023-12-18 19:30,-0.971961001,0.235142113,-0.997282426,2.3,0,45.9,971.5,-344.475,138.926,-0.992679554,0,0,9.476,-5,0.120777908,-5.013,0.073673351,1031.6,1.227,1,0,10,0,0,0
2023-12-18 19:40,-0.960293686,-0.278991106,-0.997282426,2,0,45.6,971.4,-344.475,139.066,-0.994970267,0,0,9.263,-5,0.100170696,-4.776,0.073673351,1031.5,1.226,1,0,10,0,0,0
2023-12-18 19:50,-0.999194395,-0.040131793,-0.997282426,1.6,0,46.1,971.4,-344.475,139.274,-0.994661473,0,0,9.758,-4.9,0.103191828,-4.728,0.073673351,1031.5,1.226,1,0,10,0,0,0
2023-12-18 20:00,-0.890212805,0.455544907,-0.997282426,3.3,0,45.8,971.4,-344.475,139.372,-0.998690945,0,0,9.165,-4.9,0.051150722,-5.092,0.073673351,1031.5,1.227,1,0,10,0,0,0
2023-12-18 20:10,-0.949425478,0.313992456,-0.997282426,1.7,0,45,971.3,-344.475,139.298,-0.997954853,0,0,8.208,-4.9,0.063922704,-4.953,0.073673351,1031.4,1.227,1,0,10,0,0,0
2023-12-18 20:20,-0.999610115,0.027921639,-0.997282426,3.2,0,46.3,971.3,-344.475,139.52,-0.999288156,0,0,8.157,-4.9,0.037725064,-4.864,0.073673351,1031.4,1.226,1,0,10,0,0,0
2023-12-18 20:30,-0.954240329,0.299040792,-0.997282426,3.1,0,45.7,971.4,-344.475,139.783,-0.997394404,0,0,7.068,-4.9,0.072141549,-4.92,0.073673351,1031.5,1.226,1,0,10,0,0,0
2023-12-18 20:40,-0.99897057,0.045362988,-0.997282426,1.7,0,46.7,971.4,-344.475,140.072,-0.997923495,0,0,6.704,-5,0.064410389,-4.988,0.073673351,1031.5,1.227,1,0,10,0,0,0
2023-12-18 20:50,-0.939692621,0.342020143,-0.997282426,2.2,0,46.8,971.5,-344.475,140.35,-0.999912028,0,0,7.291,-5,0.013264113,-5.078,0.073673351,1031.6,1.227,1,0,10,0,0,0
2023-12-18 21:00,-0.94776841,0.318959309,-0.997282426,2.3,0,47.2,971.5,-344.475,140.549,-0.998674826,0,0,7.765,-5,0.051464468,-4.923,0.073673351,1031.6,1.226,1,0,10,0,0,0
2023-12-18 21:10,-0.995561965,0.094108313,-0.997282426,1.1,0,46.4,971.6,-344.475,140.75,-0.999725301,0,0,7.165,-4.9,0.023437626,-4.975,0.073673351,1031.7,1.227,1,0,10,0,0,0
2023-12-18 21:20,-0.999815712,-0.019197442,-0.997282426,1.6,0,47.8,971.7,-344.475,140.963,-0.999990096,0,0,6.57,-5,0.004450575,-5.037,0.073673351,1031.9,1.227,1,0,10,0,0,0
2023-12-18 21:30,-0.960293686,-0.278991106,-0.997282426,1.8,0,48.4,971.7,-344.475,141.176,-0.998395626,0,0,6.923,-5,-0.056623087,-5.08,0.073673351,1031.9,1.227,1,0,10,0,0,0
2023-12-18 21:40,-0.963162567,-0.268919821,-0.997282426,1,0,48.4,971.7,-344.475,141.371,-0.999712892,0,0,6.589,-5,0.023961077,-5.021,0.073673351,1031.9,1.227,1,0,10,0,0,0
2023-12-18 21:50,-0.817144898,-0.576432316,-0.997282426,1.5,0,49.9,971.7,-344.475,141.527,-0.998785588,0,0,8.08,-4.9,0.049268144,-4.946,0.073673351,1031.8,1.227,1,0,10,0,0,0
2023-12-18 22:00,-0.999610115,-0.027921639,-0.997282426,0.6,0,48.4,971.6,-344.475,141.646,-0.999977307,0,0,6.109,-5,0.00673692,-5.096,0.073673351,1031.8,1.227,1,0,10,0,0,0
2023-12-18 22:10,-0.925870585,-0.377840787,-0.997282426,1.8,0,49.9,971.7,-344.475,141.813,-0.999871928,0,0,6.318,-4.9,-0.016003986,-5.164,0.073673351,1031.8,1.228,1,0,10,0,0,0
2023-12-18 22:20,-0.998341817,-0.057564027,-0.997282426,0.8,0,47.7,971.6,-344.475,141.962,-0.99936684,0,0,6.467,-4.9,-0.035579752,-5.124,0.073673351,1031.7,1.227,1,0,10,0,0,0
2023-12-18 22:30,-0.872922077,0.487859659,-0.997282426,1.2,0,47.6,971.5,-344.475,142.107,-0.999993347,0,0,6.594,-4.9,-0.00364773,-5.195,0.073673351,1031.6,1.228,1,0,10,0,0,0
2023-12-18 22:40,-0.898794046,0.438371147,-0.997282426,2.7,0,48,971.5,-344.475,142.228,-0.99999108,0,0,7.09,-4.9,0.004223684,-5.024,0.073673351,1031.6,1.227,1,0,10,0,0,0
2023-12-18 22:50,-0.744311546,0.667832555,-0.997282426,2.4,0,49.1,971.4,-344.475,142.333,-0.999141007,0,0,6.51,-4.9,-0.0414397,-5.019,0.073673351,1031.5,1.227,1,0,10,0,0,0
2023-12-18 23:00,-0.967267753,0.253757945,-0.999998289,0.1,0,48.6,971.4,-348.805,142.436,-0.997497863,0,0,7.491,-5,-0.070696625,-4.955,-0.001850048,1031.5,1.227,1,0,10,0,0,0
2023-12-18 23:10,-0.925209718,-0.37945616,-0.998179281,0.7,0,50.6,971.3,-352.158,142.492,-0.997908855,0,0,8.467,-4.9,-0.064636809,-4.786,-0.060316852,1031.4,1.226,1,0,10,0,0,0
2023-12-18 23:20,-0.617035875,0.786935022,-0.998179281,0,0,50.1,971.2,-352.158,142.471,-0.999998567,0,0,9.428,-4.9,0.001692969,-4.426,-0.060316852,1031.3,1.224,1,0,10,0,0,0
2023-12-18 23:30,-0.913545458,0.406736643,-0.998179281,2.7,0,48.7,971.2,-352.158,142.345,-0.999853428,0,0,8.285,-4.9,-0.017120843,-4.756,-0.060316852,1031.3,1.226,1,0,10,0,0,0
2023-12-18 23:40,-0.870355696,0.49242356,-0.998179281,2,0,48.7,971.3,-352.158,142.101,-0.999907337,0,0,7.352,-4.9,-0.013613148,-4.907,-0.060316852,1031.4,1.226,1,0,10,0,0,0
2023-12-18 23:50,-0.996194698,0.087155743,-0.998179281,0.4,0,50.6,971.3,-352.158,142.066,-0.997850925,0,0,7.775,-4.9,-0.06552504,-4.775,-0.060316852,1031.4,1.226,1,0,10,0,0,0
2023-12-19 0:00,-0.989776231,-0.142628934,-0.998179281,2,0,51.3,971.2,-352.158,142.077,-0.998545153,0,0,7.301,-4.9,-0.053921963,-4.684,-0.060316852,1031.3,1.225,1,0,10,0,0,0
2023-12-19 0:10,-0.877982975,0.478691858,-0.998179281,1.1,0,52.4,971.1,-352.158,142.129,-0.999894823,0,0,6.59,-4.9,-0.014503178,-4.701,-0.060316852,1031.2,1.225,1,0,10,0,0,0
2023-12-19 0:20,-0.999975631,0.00698126,-0.998179281,1.7,0,52.9,971,-352.158,142.228,-0.985520569,0,0,6.395,-4.9,-0.169555915,-4.822,-0.060316852,1031.1,1.226,1,0,10,0,0,0
2023-12-19 0:30,-0.944948912,0.327217899,-0.989828441,1.7,0,52.4,970.9,-356.878,142.343,-0.978335893,0,0,6.284,-5,-0.207023867,-4.935,-0.142266152,1031,1.227,1,0,10,0,0,0
2023-12-19 0:40,-0.744311546,0.667832555,-0.985653434,2.2,0,53.4,970.9,-358.415,142.454,-0.999449058,0,0,6.31,-5,-0.033190066,-4.948,-0.168781836,1031,1.227,1,0,10,0,0,0
2023-12-19 0:50,-0.766044443,0.64278761,-0.99825635,2.2,0,53.8,971.1,-352.084,142.513,-0.999419714,0,0,7.585,-5,-0.034062237,-4.789,-0.05902761,1031.2,1.226,1,0,10,0,0,0
2023-12-19 1:00,-0.86949493,0.493941867,-0.99825635,2,0,54.4,971.1,-352.084,142.519,-0.999737836,0,0,7.788,-5,0.022896719,-4.733,-0.05902761,1031.2,1.226,1,0,10,0,0,0
2023-12-19 1:10,-0.968583161,0.248689887,-0.99825635,0.7,0,56.4,971,-352.084,142.484,-0.999911332,0,0,8.523,-5,0.013316469,-4.597,-0.05902761,1031.1,1.225,1,0,10,0,0,0
2023-12-19 1:20,-0.996194698,0.087155743,-0.99825635,2.4,0,56.7,971,-352.084,142.218,-0.999953759,0,0,9.085,-5,0.009616616,-5.112,-0.05902761,1031.1,1.227,1,0,10,0,0,0
2023-12-19 1:30,-0.980614659,0.195946144,-0.99825635,2.9,0,56.2,970.8,-352.084,141.899,-0.999945169,0,0,9.425,-5,-0.010471784,-4.742,-0.05902761,1030.9,1.226,1,0,10,0,0,0
2023-12-19 1:40,-0.900318771,0.435231099,-0.99825635,2.9,0,56.6,970.7,-352.084,141.758,-0.999848,0,0,10.282,-5,-0.017434956,-4.304,-0.05902761,1030.8,1.224,1,0,10,0,0,0
2023-12-19 1:50,-0.939094252,0.343659695,-0.99825635,2.6,0,56.2,970.6,-352.084,141.581,-0.999968191,0,0,9.889,-5,-0.00797607,-4.08,-0.05902761,1030.7,1.223,1,0,10,0,0,0
2023-12-19 2:00,-0.932323801,0.36162457,-0.99825635,2.6,0,56.4,970.5,-352.084,141.227,-0.998801871,0,0,9.167,-4.9,-0.048936932,-4.601,-0.05902761,1030.6,1.225,1,0,10,0,0,0
2023-12-19 2:10,-0.898794046,0.438371147,-0.99825635,2.1,0,55.2,970.5,-352.084,141.194,-0.997455735,0,0,8.826,-5,-0.071288539,-4.719,-0.05902761,1030.6,1.226,1,0,10,0,0,0
2023-12-19 2:20,-0.997440783,0.071497444,-0.99825635,3.1,0,56.2,970.6,-352.084,141.241,-0.996805419,0,0,9.959,-4.9,-0.079868376,-4.366,-0.05902761,1030.7,1.224,1,0,10,0,0,0
2023-12-19 2:30,-0.990268069,0.139173101,-0.99825635,3.8,0,55.8,970.5,-352.084,141.204,-0.995259705,0,0,9.447,-4.9,-0.097252864,-4.498,-0.05902761,1030.6,1.225,1,0,10,0,0,0
2023-12-19 2:40,-0.96174131,-0.273959219,-0.99825635,2.4,0,55.8,970.4,-352.084,140.894,-0.99714442,0,0,9.366,-5,-0.075518245,-4.987,-0.05902761,1030.5,1.227,1,0,10,0,0,0
2023-12-19 2:50,-0.983885038,0.178802215,-0.99825635,1,0,55.5,970.3,-352.084,140.761,-0.999076181,0,0,10.457,-5,-0.042974221,-4.216,-0.05902761,1030.4,1.223,1,0,10,0,0,0
2023-12-19 3:00,-0.224951054,0.974370065,-0.99825635,1.4,0,55.2,970.2,-352.084,140.659,-0.997876012,0,0,10.719,-5,-0.065141888,-4.122,-0.05902761,1030.3,1.223,1,0,10,0,0,0
2023-12-19 3:10,-0.971961001,0.235142113,-0.99825635,2.4,0,57,970.4,-352.084,140.462,-0.997543309,0,0,9.895,-5,-0.070052454,-5.042,-0.05902761,1030.5,1.227,1,0,10,0,0,0
2023-12-19 3:20,-0.995724698,0.092370587,-0.99825635,1.9,0,58,970.3,-352.084,140.121,-0.999987279,0,0,10.423,-4.9,-0.00504398,-4.953,-0.05902761,1030.3,1.227,1,0,10,0,0,0
2023-12-19 3:30,-0.986855716,0.161603821,-0.99825635,3.2,0,55.9,970.2,-352.084,140.007,-0.999874982,0,0,10.647,-5,-0.015812024,-4.942,-0.05902761,1030.3,1.227,1,0,10,0,0,0
2023-12-19 3:40,-0.978867389,0.204496052,-0.99825635,3.6,0,55.5,970.2,-352.084,139.894,-0.999999522,0,0,10.791,-5.1,0.000977384,-5.212,-0.05902761,1030.3,1.228,1,0,10,0,0,0
2023-12-19 3:50,-0.815127796,0.579281172,-0.99825635,2.8,0,55.9,970.1,-352.084,139.48,-0.999997658,0,0,10.434,-5.1,0.002164207,-5.309,-0.05902761,1030.2,1.228,1,0,10,0,0,0
2023-12-19 4:00,-0.695912797,0.718126298,-0.99825635,2.9,0,55,969.8,-352.084,139.405,-0.999997183,0,0,10.173,-5.2,0.002373646,-5.1,-0.05902761,1029.9,1.227,1,0,10,0,0,0
2023-12-19 4:10,-0.65868946,0.752414909,-0.999268267,1.5,0,52.9,969.8,-350.89,139.443,-0.995904937,0,0,11.642,-5.2,0.090406619,-4.796,-0.038248285,1029.9,1.226,1,0,10,0,0,0
2023-12-19 4:20,-0.874619707,0.48480962,-0.997186442,2.1,0,52.7,969.7,-344.401,139.096,-0.998827357,0,0,11.891,-5.2,0.048413954,-5.276,0.074961323,1029.8,1.228,1,0,10,0,0,0
2023-12-19 4:30,-0.999993908,0.003490651,-0.997186442,2.1,0,52.1,969.7,-344.401,138.743,-0.996902252,0,0,12.544,-5.2,0.078650489,-5.005,0.074961323,1029.8,1.227,1,0,10,0,0,0
2023-12-19 4:40,-0.970716482,0.240228042,-0.997186442,1.7,0,52,969.5,-344.401,138.529,-0.999055819,0,0,12.246,-5.3,0.04344502,-5.008,0.074961323,1029.6,1.227,1,0,10,0,0,0
2023-12-19 4:50,-0.939692621,0.342020143,-0.997186442,3.1,0,51.4,969.6,-344.401,138.12,-0.998596454,0,0,12.889,-5.3,0.052963403,-5.149,0.074961323,1029.7,1.228,1,0,10,0,0,0
2023-12-19 5:00,-0.889416373,0.457097927,-0.997186442,2.3,0,49.5,969.5,-344.401,137.777,-0.997788726,0,0,13.61,-5.4,0.066465463,-4.739,0.074961323,1029.6,1.226,1,0,10,0,0,0
2023-12-19 5:10,-0.914959668,0.403545296,-0.997186442,3.2,0,47,969.6,-344.401,137.639,-0.996280911,0,0,13.42,-5.3,0.086164648,-4.886,0.074961323,1029.7,1.226,1,0,10,0,0,0
2023-12-19 5:20,-0.652098404,0.758134336,-0.997186442,0.4,0,47.6,969.4,-344.401,137.313,-0.999858463,0,0,11.826,-5.4,0.01682418,-5.574,0.074961323,1029.5,1.229,1,0,10,0,0,0
2023-12-19 5:30,-0.766044443,0.64278761,-0.997186442,2.5,0,46.1,969.3,-344.401,137.208,-0.999813359,0,0,9.773,-5.5,-0.019319593,-5.524,0.074961323,1029.4,1.229,1,0,10,0,0,0
2023-12-19 5:40,-0.998239828,0.059306374,-0.997186442,0.4,0,46.5,968.9,-344.401,137.362,-0.994446842,0,0,9.444,-5.6,0.105240101,-5.078,0.074961323,1029,1.227,1,0,10,0,0,0
2023-12-19 5:50,-0.983571471,0.180519145,-0.997186442,2,0,44.6,968.7,-344.401,137.58,-0.997599229,0,0,9.108,-5.6,0.069251552,-4.927,0.074961323,1028.8,1.227,1,0,10,0,0,0
2023-12-19 6:00,-0.991894443,-0.127064609,-0.997186442,1.5,0,43.2,968.9,-344.401,137.623,-0.997242419,0,0,9.57,-5.7,0.074212922,-5.481,0.074961323,1029.1,1.229,1,0,10,0,0,0
2023-12-19 6:10,0.372987783,0.927836254,-0.997186442,1.5,0,38,969.1,-344.401,137.602,-0.990780972,0,0,9.64,-5.4,0.135473483,-4.976,0.074961323,1029.2,1.227,1,0,10,0,0,0
2023-12-19 6:20,-0.817144898,0.576432316,-0.997141783,2.7,0,33.1,969,-344.367,137.847,-0.98651509,0,0,7.907,-5.1,0.163670331,-4.899,0.075553052,1029,1.226,1,0,10,0,0,0
2023-12-19 6:30,-0.830984469,0.556295616,-0.997088795,3.6,0,30.7,969.3,-344.327,138.149,-0.99072651,0,0,9.384,-5,0.135871197,-4.885,0.07624917,1029.3,1.226,1,0,10,0,0,0
2023-12-19 6:40,-0.933580426,0.35836795,-0.997088795,2.4,0,34.9,969.5,-344.327,138.239,-0.997971553,0,0,9.489,-5.2,0.063661438,-5.122,0.07624917,1029.6,1.227,1,0,10,0,0,0
2023-12-19 6:50,-0.9952274,-0.0975829,-0.997088795,3.7,0,34.3,969.3,-344.327,138.223,-0.997617325,0,0,7.502,-5.2,0.068990379,-4.983,0.07624917,1029.4,1.227,1,0,10,0,0,0
2023-12-19 7:00,-0.901077021,-0.433659085,-0.991560652,0.7,0,31,969,-341.25,138.566,-0.918729193,0,0,6.795,-5,0.394888175,-3.312,0.129643638,1029,1.219,1,0,10,0,0,0
2023-12-19 7:10,-1,-1.84E-16,-0.948412226,0.5,0,28.8,968.9,-330.2,138.956,-0.892758877,0,0,6.599,-4.7,0.450534779,-2.732,0.317039822,1028.8,1.217,1,0,10,0,0,0
2023-12-19 7:20,-0.994337944,-0.106264071,-0.869787887,1.2,0,30.6,968.8,-319.134,139.359,-0.803659566,0,0,5.993,-4.9,0.595089323,-2.376,0.493425811,1028.8,1.215,1,0,10,0,0,0
2023-12-19 7:30,-0.521009632,-0.853550797,-0.806403321,1,0,28.8,968.5,-312.448,139.781,-0.821666834,0,0,6.198,-5,0.569968081,-2.119,0.591365947,1028.5,1.214,1,0,10,0,0,0
2023-12-19 7:40,-0.932953535,-0.359996808,-0.847390778,1.7,0,30.1,968.9,-316.628,140.065,-0.98822037,0,0,6.311,-5,0.15303758,-3.952,0.530969745,1028.9,1.222,1,0,10,0,0,0
2023-12-19 7:50,-0.795473481,-0.6059884,-0.971462249,1.7,0,29.4,969.3,-334.932,140.158,-0.995793741,0,0,5.761,-5,-0.091623279,-5.103,0.237194222,1029.3,1.227,1,0,10,0,0,0
2023-12-19 8:00,-0.814115518,-0.580702956,-0.999870528,0.1,0,33.4,969.1,-349.62,140.292,-0.999536252,0,0,5.861,-5.3,-0.030451287,-4.973,-0.016091241,1029.2,1.227,1,0,10,0,0,0
2023-12-19 8:10,-0.546101961,-0.837718717,-0.996510363,1.9,0,34.6,968.8,-353.488,140.478,-0.998302403,0,0,6.269,-5.4,0.058243563,-4.243,-0.083469137,1028.9,1.223,1,0,10,0,0,0
2023-12-19 8:20,-0.777145961,0.629320391,-0.998934634,2.1,0,29.6,968.8,-346.056,140.768,-0.916704777,0,0,5.137,-4.8,0.399565202,-2.039,0.046147564,1028.7,1.213,1,0,10,0,0,0
2023-12-19 8:30,-0.81004164,0.586372357,-0.928887142,0.4,0,34.8,968.9,-326.98,140.955,-0.96109796,0,0,6.223,-5.2,0.276207731,-2.895,0.3703629,1028.9,1.217,1,0,10,0,0,0
2023-12-19 8:40,-0.952661481,0.304033061,-0.920060991,2.8,0,31.8,968.6,-325.635,141.253,-0.883217843,0,0,6.128,-5.1,0.468962944,-1.486,0.391775156,1028.6,1.211,1,0,10,0,0,0
2023-12-19 8:50,-0.937281989,0.348572047,-0.935048612,2,0,28.4,968.7,-327.932,141.453,-0.984068637,0,0,5.83,-4.7,0.177788971,-2.701,0.354519524,1028.6,1.216,1,0,10,0,0,0
2023-12-19 9:00,-0.99121554,-0.13225639,-0.964525173,1.8,0,28.4,968.6,-333.393,141.687,-0.929332488,0,0,5.791,-4.6,0.369243994,-1.413,0.263990891,1028.5,1.211,1,0,10,0,0,0
2023-12-19 9:10,0.101056297,-0.994880709,-0.967250035,0.9,0,27.9,968.8,-333.997,141.791,-0.996795653,0,0,5.645,-4.3,0.079990158,-3.088,0.253825472,1028.6,1.218,1,0,10,0,0,0
2023-12-19 9:20,0,1,-0.990987876,0,0,29.5,968.8,-341.002,141.917,-0.999931833,0,0,6.177,-4.2,0.011675987,-3.908,0.133951593,1028.6,1.222,1,0,10,0,0,0
2023-12-19 9:30,-0.996345296,0.085416923,-0.990987876,0.6,0,27.7,968.7,-341.002,142.099,-0.971985619,0,0,5.736,-4.1,0.235040328,-3.158,0.133951593,1028.4,1.218,1,0,10,0,0,0
2023-12-19 9:40,-0.547563223,0.836764313,-0.967422584,0.7,0,28.3,968.4,-334.037,142.269,-0.964920332,0,0,6.156,-3.7,0.262542858,-2.19,0.253167027,1028,1.214,1,0,10,0,0,0
2023-12-19 9:50,-0.979924705,0.199367934,-0.974326859,2.5,0,26.6,968.6,-335.691,142.367,-0.998758785,0,0,6.418,-3.6,0.049808532,-3.153,0.225138116,1028.2,1.218,1,0,10,0,0,0
2023-12-19 10:00,-0.997801468,-0.0662739,-0.995593117,2.1,0,27.1,968.6,-343.321,142.438,-0.999721195,0,0,5.871,-3.6,-0.02361211,-3.66,0.093778167,1028.2,1.221,1,0,10,0,0,0
2023-12-19 10:10,-0.966376079,0.257132793,-0.999993411,1.9,0,28.7,968.8,-348.908,142.557,-0.992872208,0,0,4.919,-3.4,-0.119183805,-3.555,-0.003630277,1028.4,1.22,1,0,10,0,0,0
2023-12-19 10:20,-0.829037573,-0.559192903,-0.994686658,1.4,0,31.2,968.8,-354.607,142.688,-0.98176679,0,0,4.847,-2.7,-0.190089374,-3.301,-0.102948783,1028.2,1.219,1,0,10,0,0,0
2023-12-19 10:30,-0.997801468,0.0662739,-0.9903529,1.4,0,28,968.6,-356.665,142.806,-0.998130534,0,0,5.059,-2.7,-0.061118222,-3.006,-0.138568155,1028,1.218,1,0,10,0,0,0
2023-12-19 10:40,-0.085416923,0.996345296,-0.998522478,0.9,0,30,968.8,-351.81,142.934,-0.983486294,0,0,6.556,-2.5,0.180982622,-2.225,-0.054340227,1028.2,1.214,1,0,10,0,0,0
2023-12-19 10:50,-0.813100761,0.58212297,-0.996894011,2.3,0,28.5,968.7,-344.184,143.003,-0.999457713,0,0,5.705,-2.4,0.032928409,-2.394,0.078754884,1028,1.215,1,0,10,0,0,0
2023-12-19 11:00,-0.804893797,0.593418887,-0.991160054,1.3,0,31.2,969,-341.076,143.088,-0.998125197,0,0,5.393,-2.5,0.061205325,-2.762,0.132671578,1028.4,1.217,1,0,10,0,0,0
2023-12-19 11:10,-0.33545157,0.942057453,-0.991160054,1.2,0,31.3,968.7,-341.076,143.097,-0.991041568,0,0,6.82,-2.3,0.133553775,-2.513,0.132671578,1028,1.216,1,0,10,0,0,0
2023-12-19 11:20,0.526955795,0.849892693,-0.991160054,0.6,0,32.4,968.6,-341.076,143.154,-0.979219271,0,0,5.541,-2.3,0.202804386,-2.269,0.132671578,1027.9,1.214,1,0,10,0,0,0
2023-12-19 11:30,-0.927836254,0.372987783,-0.97957525,3,0,31.5,968.3,-337.105,143.209,-0.967032607,0,0,4.69,-1.5,0.254652582,-2.005,0.201077921,1027.4,1.213,1,0,10,0,0,0
2023-12-19 11:40,-0.64678978,0.76266833,-0.964183413,1.2,0,32,968,-333.319,143.321,-0.94989025,0,0,3.63,-1.1,0.31258361,-1.79,0.265236397,1027.1,1.212,1,0,10,0,0,0
2023-12-19 11:50,-0.758134336,0.652098404,-0.964183413,2.8,0,30.8,967.8,-333.319,143.448,-0.95333305,0,0,3.508,-0.9,0.301920677,-1.693,0.265236397,1026.8,1.212,1,0,10,0,0,0
2023-12-19 12:00,-0.982935349,0.183951351,-0.964183413,2.4,0,31.3,967.6,-333.319,143.563,-0.951202032,0,0,4.063,-1.2,0.308568785,-1.451,0.265236397,1026.6,1.211,1,0,10,0,0,0
2023-12-19 12:10,-0.780430407,0.625242656,-0.944622916,2.1,0,30.3,967.4,-329.542,143.67,-0.906492103,0,0,4.136,-0.1,0.42222277,-0.878,0.328157808,1026.2,1.208,1,0,10,0,0,0
2023-12-19 12:20,-0.931691228,0.36325123,-0.919045933,2.9,0,26.5,967.2,-325.487,143.727,-0.937099349,0,0,4.579,0,0.349062759,-0.666,0.394150445,1025.9,1.207,1,0,10,0,0,0
2023-12-19 12:30,-0.900318771,0.435231099,-0.919045933,1.5,0,27.5,967,-325.487,143.758,-0.960176738,0,0,4.472,0.1,0.279393328,-0.504,0.394150445,1025.7,1.207,1,0,10,0,0,0
2023-12-19 12:40,-0.930417568,0.366501227,-0.919045933,2.4,0,26.7,966.8,-325.487,143.758,-0.961822553,0,0,4.395,-0.1,0.273673852,-0.549,0.394150445,1025.5,1.207,1,0,10,0,0,0
2023-12-19 12:50,-0.948876012,0.315649037,-0.960628972,2.7,0,27.7,966.6,-332.574,143.735,-0.979084551,0,0,4.833,-0.3,0.203453784,-0.715,0.277834444,1025.4,1.208,1,0,10,0,0,0
2023-12-19 13:00,-0.976296007,0.216439614,-0.963840045,2.9,0,28.2,966.9,-333.245,143.727,-0.97542699,0,0,6.023,-0.2,0.220322914,-0.757,0.26648146,1025.6,1.208,1,0,10,0,0,0
2023-12-19 13:10,-0.970295726,0.241921896,-0.963840045,2,0,30.2,967,-333.245,143.676,-0.990466235,0,0,6.908,0.6,0.137755717,-0.832,0.26648146,1025.5,1.208,1,0,10,0,0,0
2023-12-19 13:20,-0.803856861,0.594822787,-0.97858809,4.8,0,28.9,966.9,-336.822,143.616,-0.985247042,0,0,6.662,0.5,0.171138148,-0.644,0.20582845,1025.5,1.207,1,0,10,0,0,0
2023-12-19 13:30,-0.902585284,0.430511097,-0.990987876,3.4,0,28.6,967,-341.002,143.577,-0.970190076,0,0,6.29,0.3,0.242345244,-0.311,0.133951593,1025.6,1.206,1,0,10,0,0,0
2023-12-19 13:40,-0.892585818,0.450877541,-0.990987876,1.9,0,29.4,966.8,-341.002,143.514,-0.97956472,0,0,7.233,0.2,0.201129211,-0.215,0.133951593,1025.4,1.205,1,0,10,0,0,0
2023-12-19 13:50,-0.913545458,0.406736643,-0.989343604,2.2,0,26.6,966.7,-340.324,143.474,-0.961203946,0,0,6.018,0.8,0.275838676,-0.059,0.145599561,1025.2,1.205,1,0,10,0,0,0
2023-12-19 14:00,-0.848971688,0.528438335,-0.964183413,2,0,25,966.7,-333.319,143.364,-0.989429831,0,0,7.96,1.1,0.145012448,-0.154,0.265236397,1025.1,1.205,1,0,10,0,0,0
2023-12-19 14:10,-0.925209718,0.37945616,-0.984901562,3.3,0,24.4,966.6,-338.729,143.239,-0.996429779,0,0,7.943,1,0.084425679,-0.243,0.17311532,1025,1.205,1,0,10,0,0,0
2023-12-19 14:20,-0.850811109,0.525471651,-0.990814045,2.6,0,24.4,966.8,-340.928,143.172,-0.992064309,0,0,7.228,0.5,0.125731484,0.112,0.135231386,1025.4,1.204,1,0,10,0,0,0
2023-12-19 14:30,-0.985109326,0.1719291,-0.990814045,3.7,0,25.3,966.8,-340.928,143.137,-0.983969187,0,0,7.309,0.4,0.17833855,0.299,0.135231386,1025.4,1.203,1,0,10,0,0,0
2023-12-19 14:40,-0.992331938,0.123601477,-0.990814045,3.3,0,26,966.8,-340.928,143.086,-0.984000298,0,0,8.245,0.4,0.178166813,0.31,0.135231386,1025.4,1.203,1,0,10,0,0,0
2023-12-19 14:50,-0.994521895,-0.104528463,-0.990814045,2.9,0,26.6,966.9,-340.928,143.021,-0.988517635,0,0,7.884,0.6,0.151105546,0.262,0.135231386,1025.4,1.203,1,0,10,0,0,0
2023-12-19 15:00,-0.906307787,0.422618262,-0.990814045,2.6,0,27.2,966.7,-340.928,143.005,-0.991560652,0,0,7.233,0.5,0.129643638,0.21,0.135231386,1025.3,1.203,1,0,10,0,0,0
2023-12-19 15:10,-0.945518576,0.325568154,-0.990814045,2.3,0,28.5,966.7,-340.928,142.989,-0.991909959,0,0,7.007,0.5,0.126943425,0.203,0.135231386,1025.3,1.203,1,0,10,0,0,0
2023-12-19 15:20,-0.966823389,0.255445758,-0.990814045,2.2,0,27.5,966.7,-340.928,142.954,-0.994855986,0,0,7.728,0.4,0.101299389,0.354,0.135231386,1025.3,1.203,1,0,10,0,0,0
2023-12-19 15:30,-0.927183855,0.374606593,-0.990814045,2.9,0,27.9,966.5,-340.928,142.976,-0.988876117,0,0,5.729,0.7,0.148741471,0.265,0.135231386,1025,1.203,1,0,10,0,0,0
2023-12-19 15:40,-0.99121554,-0.13225639,-0.990814045,2.7,0,25.9,966.5,-340.928,143.033,-0.984792596,0,0,5.666,0.5,0.173734118,0.06,0.135231386,1025,1.204,1,0,10,0,0,0
2023-12-19 15:50,-0.99955986,0.029666244,-0.990814045,1.8,0,27.2,966.5,-340.928,143.057,-0.980798898,0,0,7.054,0.5,0.19502185,0.166,0.135231386,1025,1.204,1,0,10,0,0,0
2023-12-19 16:00,-0.821149209,0.570713568,-0.990814045,3.2,0,25.7,966.6,-340.928,143.025,-0.984009626,0,0,6.514,0.3,0.17811529,0.193,0.135231386,1025.2,1.204,1,0,10,0,0,0
2023-12-19 16:10,-0.821149209,0.570713568,-0.990814045,2.2,0,26.6,966.6,-340.928,142.981,-0.991422065,0,0,7.892,0.1,0.13069923,0.161,0.135231386,1025.3,1.204,1,0,10,0,0,0
2023-12-19 16:20,-0.674302388,0.738455341,-0.990814045,2.9,0,27,966.6,-340.928,142.932,-0.987419327,0,0,7.049,0.1,0.1581236,0.184,0.135231386,1025.3,1.204,1,0,10,0,0,0
2023-12-19 16:30,-0.859852272,0.510542918,-0.990814045,2.7,0,26.4,966.6,-340.928,142.937,-0.985855979,0,0,6.57,-0.1,0.167594714,0.076,0.135231386,1025.3,1.204,1,0,10,0,0,0
2023-12-19 16:40,-0.943800952,0.330514393,-0.990814045,2.4,0,27.6,966.6,-340.928,142.92,-0.987085988,0,0,6.895,-0.2,0.160191298,0.024,0.135231386,1025.3,1.204,1,0,10,0,0,0
2023-12-19 16:50,-0.983885038,0.178802215,-0.990814045,2.4,0,27.8,966.6,-340.928,142.896,-0.994850681,0,0,6.927,-0.4,0.10135148,-0.116,0.135231386,1025.4,1.205,1,0,10,0,0,0
2023-12-19 17:00,-0.99505557,0.09931975,-0.990814045,2.2,0,31.3,966.7,-340.928,142.897,-0.993810647,0,0,6.687,-0.5,0.111087345,-0.235,0.135231386,1025.5,1.205,1,0,10,0,0,0
2023-12-19 17:10,-0.975149354,0.221548498,-0.990814045,2.3,0,32.2,966.8,-340.928,142.889,-0.996206858,0,0,6.324,-0.6,0.087016647,-0.235,0.135231386,1025.6,1.205,1,0,10,0,0,0
2023-12-19 17:20,-0.96814764,0.250380004,-0.990814045,2.4,0,35,966.9,-340.928,142.902,-0.99770796,0,0,6.287,-1.1,0.067667029,-0.323,0.135231386,1025.9,1.206,1,0,10,0,0,0
2023-12-19 17:30,-0.965925826,0.258819045,-0.990814045,0.8,0,33,967,-340.928,142.906,-0.997702051,0,0,6.546,-1,0.067754095,-0.397,0.135231386,1026,1.206,1,0,10,0,0,0
2023-12-19 17:40,-0.908508178,0.417867074,-0.990814045,2.3,0,34.5,967.2,-340.928,142.898,-0.995110885,0,0,6.515,-1.2,0.09876399,-0.418,0.135231386,1026.1,1.206,1,0,10,0,0,0
2023-12-19 17:50,-0.964557418,0.26387305,-0.990814045,2,0,33.6,967.3,-340.928,142.908,-0.993231602,0,0,6.174,-1,0.116150698,-0.379,0.135231386,1026.3,1.206,1,0,10,0,0,0
2023-12-19 18:00,-0.993767919,-0.111468932,-0.990814045,1.7,0,35.7,967.3,-340.928,142.934,-0.972018428,0,0,5.457,-1,0.234904611,-0.428,0.135231386,1026.3,1.206,1,0,10,0,0,0
2023-12-19 18:10,-0.882126866,0.471011881,-0.987244864,2,0,35.7,967.4,-339.537,142.982,-0.966559832,0,0,4.956,-0.9,0.256441203,-0.452,0.159209228,1026.4,1.206,1,0,10,0,0,0
2023-12-19 18:20,-0.815127796,0.579281172,-0.963840045,1.1,0,36.2,967.3,-333.245,143.044,-0.97729032,0,0,4.316,-0.9,0.211904769,-0.535,0.26648146,1026.3,1.207,1,0,10,0,0,0
2023-12-19 18:30,-0.944948912,0.327217899,-0.963840045,1.6,0,37,967.3,-333.245,143.109,-0.934235602,0,0,3.586,-1.1,0.356656473,-0.616,0.26648146,1026.3,1.207,1,0,10,0,0,0
2023-12-19 18:40,-0.22835087,0.973578903,-0.963840045,1.6,0,39,967.2,-333.245,143.164,-0.968596181,0,0,3.82,-1.4,0.248639172,-0.651,0.26648146,1026.2,1.207,1,0,10,0,0,0
2023-12-19 18:50,0.784776371,0.619779032,-0.963840045,1.4,0,39.8,967.1,-333.245,143.194,-0.97435043,0,0,4.727,-1.4,0.225036083,-0.738,0.26648146,1026.1,1.208,1,0,10,0,0,0
2023-12-19 19:00,0.946085359,0.323917418,-0.963840045,1.9,0,39.9,967.1,-333.245,143.201,-0.96870891,0,0,4.208,-1.7,0.248199611,-0.776,0.26648146,1026.2,1.208,1,0,10,0,0,0
2023-12-19 19:10,-0.956304756,-0.292371705,-0.963840045,2,0,39.4,967.1,-333.245,143.178,-0.974456368,0,0,5.274,-1.4,0.224576907,-0.905,0.26648146,1026.1,1.208,1,0,10,0,0,0
2023-12-19 19:20,-0.760405966,0.649448048,-0.963840045,1.4,0,41.1,967.1,-333.245,143.156,-0.981087139,0,0,4.439,-1.7,0.193566591,-1.016,0.26648146,1026.2,1.209,1,0,10,0,0,0
2023-12-19 19:30,-0.882126866,0.471011881,-0.963840045,1.7,0,41.7,967.1,-333.245,143.122,-0.98069665,0,0,4.961,-1.5,0.195535368,-1.118,0.26648146,1026.1,1.209,1,0,10,0,0,0
2023-12-19 19:40,-0.748955721,0.662620048,-0.963840045,1.1,0,42.3,967.1,-333.245,143.075,-0.986004768,0,0,5.556,-1.6,0.16671712,-1.149,0.26648146,1026.1,1.209,1,0,10,0,0,0
2023-12-19 19:50,-0.868631514,0.495458668,-0.980781875,1.6,0,43.1,967.1,-337.448,143.004,-0.997968219,0,0,6.504,-1.5,0.063713692,-1.133,0.19510744,1026.1,1.209,1,0,10,0,0,0
2023-12-19 20:00,-0.952129393,0.305695305,-0.990814045,2.2,0,44.1,967.2,-340.928,142.894,-0.998646835,0,0,6.611,-1.8,0.052004795,-1.091,0.135231386,1026.3,1.209,1,0,10,0,0,0
2023-12-19 20:10,-0.934825676,0.355106962,-0.990814045,1.8,0,42.6,967.2,-340.928,142.758,-0.998869226,0,0,6.773,-1.6,0.047542294,-0.984,0.135231386,1026.2,1.209,1,0,10,0,0,0
2023-12-19 20:20,-0.969872015,0.243615012,-0.990814045,1.8,0,45.1,967.1,-340.928,142.625,-0.999231775,0,0,6.335,-1.9,0.039190056,-1.142,0.135231386,1026.2,1.209,1,0,10,0,0,0
2023-12-19 20:30,-0.891006524,0.4539905,-0.990814045,1.9,0,46.1,967.1,-340.928,142.524,-0.999994327,0,0,6.305,-2.2,0.003368479,-1.196,0.135231386,1026.3,1.21,1,0,10,0,0,0
2023-12-19 20:40,-0.959805292,0.280666709,-0.999596351,1.1,0,45.1,967,-347.063,142.438,-0.997610095,0,0,6.449,-2.1,-0.069094849,-1.197,0.028410137,1026.1,1.21,1,0,10,0,0,0
2023-12-19 20:50,-0.922538089,0.385906042,-0.99999997,1.4,0,45.2,967.1,-348.686,142.308,-0.997637751,0,0,7.235,-2.1,-0.068694377,-1.105,0.000244346,1026.3,1.209,1,0,10,0,0,0
2023-12-19 21:00,-0.573576436,0.819152044,-0.99999997,1,0,45.2,966.9,-348.686,142.147,-0.998696296,0,0,7.901,-2.4,-0.051046139,-0.983,0.000244346,1026.1,1.209,1,0,10,0,0,0
2023-12-19 21:10,-0.959805292,0.280666709,-0.99999997,1.8,0,46.3,966.9,-347.524,141.966,-0.999753189,0,0,8.352,-2.4,-0.022216213,-0.855,0.000244346,1026.1,1.208,1,0,10,0,0,0
2023-12-19 21:20,-0.927836254,0.372987783,-0.99999997,1,0,44.7,966.8,-348.686,141.767,-0.998083304,0,0,8.956,-2.4,0.061884713,-0.81,0.000244346,1026,1.208,1,0,10,0,0,0
2023-12-19 21:30,-0.905568799,0.424199423,-0.999540494,1.3,0,44.6,967,-346.961,141.557,-0.984671066,0,0,8.724,-2.5,0.17442159,-0.954,0.030311725,1026.2,1.209,1,0,10,0,0,0
2023-12-19 21:40,-0.743144825,0.669130606,-0.990987876,2.5,0,44.8,966.8,-341.002,141.261,-0.987614513,0,0,8.313,-2.3,0.156899885,-1.556,0.133951593,1026,1.211,1,0,10,0,0,0
2023-12-19 21:50,-0.744311546,0.667832555,-0.990987876,1.7,0,46.9,966.8,-341.002,140.899,-0.991601332,0,0,8.661,-2.3,0.129332123,-1.485,0.133951593,1026,1.211,1,0,10,0,0,0
2023-12-19 22:00,-0.939692621,0.342020143,-0.990987876,0.9,0,48.2,966.7,-341.002,140.799,-0.995650217,0,0,6.91,-2.5,0.093169977,-1.516,0.133951593,1025.9,1.211,1,0,10,0,0,0
2023-12-19 22:10,-0.739631095,0.673012514,-0.990987876,1.6,0,48.8,966.7,-341.002,140.786,-0.996058114,0,0,5.806,-2.4,0.088703069,-1.651,0.133951593,1025.9,1.212,1,0,10,0,0,0
2023-12-19 22:20,-0.936059536,0.351841648,-0.990987876,1.3,0,50.9,966.5,-341.002,140.775,-0.998264583,0,0,6.631,-2.6,0.058888227,-1.75,0.133951593,1025.7,1.212,1,0,10,0,0,0
2023-12-19 22:30,-0.959313975,0.282341457,-0.990987876,2.4,0,53.8,966.5,-341.002,140.754,-0.999380428,0,0,6.602,-2.6,0.03519602,-1.832,0.133951593,1025.7,1.213,1,0,10,0,0,0
2023-12-19 22:40,-0.811063819,0.584957675,-0.990987876,2,0,56.5,966.5,-341.002,140.689,-0.999991589,0,0,7.697,-2.5,-0.004101512,-1.841,0.133951593,1025.7,1.213,1,0,10,0,0,0
2023-12-19 22:50,-0.872069272,0.489382452,-0.990987876,2.9,0,57.7,966.5,-341.002,140.605,-0.997612506,0,0,8.126,-2.4,0.069060026,-1.828,0.133951593,1025.7,1.212,1,0,10,0,0,0
2023-12-19 23:00,-0.81613759,0.577857624,-0.990987876,3,0,58.1,966.4,-341.002,140.481,-0.995436259,0,0,8.527,-2.5,0.095428794,-1.828,0.133951593,1025.6,1.212,1,0,10,0,0,0
2023-12-19 23:10,-0.853550797,0.521009632,-0.990987876,2.1,0,59.5,966.4,-341.002,140.359,-0.999038299,0,0,8.281,-2.6,0.043846063,-1.924,0.133951593,1025.6,1.213,1,0,10,0,0,0
2023-12-19 23:20,-0.989272333,0.146083029,-0.990987876,1.3,0,60.8,966.3,-341.002,140.272,-0.998073571,0,0,7.576,-2.7,0.062041491,-2.028,0.133951593,1025.6,1.213,1,0,10,0,0,0
2023-12-19 23:30,-0.984195608,0.17708474,-0.990987876,2.6,0,59.8,966.2,-341.002,140.186,-0.99986742,0,0,8.013,-2.6,0.016283202,-2.032,0.133951593,1025.4,1.213,1,0,10,0,0,0
2023-12-19 23:40,-0.943800952,0.330514393,-0.990987876,1.5,0,60.3,966.2,-341.002,140.11,-0.999954428,0,0,7.535,-2.7,0.009546806,-2.077,0.133951593,1025.4,1.214,1,0,10,0,0,0
2023-12-19 23:50,-0.802817475,0.596224875,-0.996911854,1.6,0,60.1,965.9,-344.196,140.051,-0.99981805,0,0,6.879,-2.7,-0.019075292,-2.12,0.078528693,1025.1,1.214,1,0,10,0,0,0
2023-12-20 0:00,-0.705871571,0.708339838,-0.999999452,2.2,0,60.7,965.7,-348.76,140.016,-0.999752025,0,0,6.745,-2.8,-0.02226856,-1.999,-0.001047197,1024.9,1.213,1,0,10,0,0,0
2023-12-20 0:10,-0.737277337,0.675590208,-0.999999452,2.7,0,61.8,965.7,-348.76,139.973,-0.996336346,0,0,6.369,-2.7,-0.08552126,-2.016,-0.001047197,1024.9,1.213,1,0,10,0,0,0
2023-12-20 0:20,-0.716910608,0.697165103,-0.999999452,1.8,0,62.7,965.6,-348.76,139.927,-0.999343655,0,0,6.501,-2.8,-0.036225108,-2.091,-0.001047197,1024.8,1.214,1,0,10,0,0,0
2023-12-20 0:30,-0.959313975,0.282341457,-0.999999452,2.1,0,63.8,965.6,-348.76,139.891,-0.998514881,0,0,6.565,-2.8,-0.054479647,-2.125,-0.001047197,1024.8,1.214,1,0,10,0,0,0
2023-12-20 0:40,-0.942641491,0.333806859,-0.999999452,1.7,0,64.6,965.5,-348.76,139.855,-0.99729142,0,0,6.36,-2.9,-0.073551509,-2.176,-0.001047197,1024.8,1.214,1,0,10,0,0,0
2023-12-20 0:50,-0.968583161,0.248689887,-0.999999452,1.4,0,65.1,965.3,-348.76,139.836,-0.992533384,0,0,6.049,-3.1,-0.121973282,-2.314,-0.001047197,1024.6,1.215,1,0,10,0,0,0
2023-12-20 1:00,-0.953190668,0.302369891,-0.994033515,0.8,0,65.5,965.3,-354.959,139.825,-0.990364989,0,0,5.818,-3.2,-0.13848173,-2.335,-0.109075067,1024.6,1.215,1,0,10,0,0,0
2023-12-20 1:10,-0.871213811,0.490903754,-0.990707529,0.2,0,65.8,965.3,-356.517,139.856,-0.99307871,0,0,5.381,-3.3,-0.117450735,-2.266,-0.136009527,1024.6,1.214,1,0,10,0,0,0
2023-12-20 1:20,-0.788010754,0.615661475,-0.990707529,1.9,0,64.8,965.3,-356.517,139.872,-0.996349767,0,0,5.988,-3.2,-0.085364755,-2.117,-0.136009527,1024.6,1.214,1,0,10,0,0,0
2023-12-20 1:30,-0.79335334,0.608761429,-0.990707529,1.4,0,65.1,965.2,-356.517,139.858,-0.983738035,0,0,6.262,-3.3,-0.17960924,-1.843,-0.136009527,1024.5,1.213,1,0,10,0,0,0
2023-12-20 1:40,-0.948323655,0.317304656,-0.990707529,0,0,64.2,965,-356.517,139.847,-0.976053633,0,0,6.151,-3.2,-0.217530012,-1.848,-0.136009527,1024.3,1.213,1,0,10,0,0,0
2023-12-20 1:50,-0.909236109,0.416280792,-0.990707529,0.2,0,64.2,965,-356.517,139.845,-0.978034967,0,0,5.638,-3.1,-0.208440889,-1.852,-0.136009527,1024.3,1.213,1,0,10,0,0,0
2023-12-20 2:00,-0.806960312,0.590605668,-0.990707529,0.6,0,63.6,964.9,-356.517,139.894,-0.997166783,0,0,4.166,-3,-0.075222383,-2.037,-0.136009527,1024.1,1.213,1,0,10,0,0,0
2023-12-20 2:10,-0.709570737,0.70463421,-0.997893031,0.4,0,63,964.8,-352.421,139.93,-0.992114701,0,0,3.968,-3,0.125333234,-2.119,-0.064880643,1024,1.214,1,0,10,0,0,0
2023-12-20 2:20,-0.799684658,0.600420225,-0.997495395,1.4,0,63.5,964.7,-344.644,139.969,-0.996205339,0,0,4.196,-3.1,0.087034034,-2.184,0.070731444,1024,1.214,1,0,10,0,0,0
2023-12-20 2:30,-0.587785252,0.809016994,-0.993354699,1,0,63.7,964.6,-342.093,139.992,-0.999719958,0,0,4.079,-3,-0.023664455,-2.296,0.115093188,1023.8,1.215,1,0,10,0,0,0
2023-12-20 2:40,-0.506033764,0.862513669,-0.99997881,1,0,63.4,964.6,-348.327,140.011,-0.988735492,0,0,3.756,-2.9,0.149673398,-2.393,0.006510032,1023.8,1.215,1,0,10,0,0,0
2023-12-20 2:50,-0.967267753,0.253757945,-0.990285065,1,0,64.1,964.7,-340.707,140.013,-0.951142773,0,0,4.515,-2.9,0.308751397,-2.385,0.139052116,1023.9,1.215,1,0,10,0,0,0
2023-12-20 3:00,-0.963630453,0.267238376,-0.955828931,1.5,0,64.3,964.7,-331.607,140.051,-0.97111346,0,0,3.628,-2.9,0.238618204,-2.513,0.293923551,1023.9,1.216,1,0,10,0,0,0
2023-12-20 3:10,-0.615661475,0.788010754,-0.955133738,1.6,0,64.9,964.7,-331.472,140.09,-0.969441068,0,0,3.481,-2.9,0.245324306,-2.626,0.296174852,1023.9,1.216,1,0,10,0,0,0
2023-12-20 3:20,-0.6142852,0.789084085,-0.955133738,1,0,64.5,964.6,-331.472,140.12,-0.949096145,0,0,3.597,-2.8,0.31498652,-2.64,0.296174852,1023.8,1.216,1,0,10,0,0,0
2023-12-20 3:30,-0.841510782,0.54024032,-0.955133738,1.2,0,64.8,964.4,-331.472,140.154,-0.944129293,0,0,3.861,-2.8,0.329575301,-2.487,0.296174852,1023.6,1.215,1,0,10,0,0,0
2023-12-20 3:40,-0.572145873,0.820151876,-0.955133738,0.7,0,64.3,964.4,-331.472,140.154,-0.95842722,0,0,4.082,-2.7,0.285337105,-2.437,0.296174852,1023.5,1.215,1,0,10,0,0,0
2023-12-20 3:50,-0.838670568,0.544639035,-0.955050993,0.1,0,65.2,964.4,-331.456,140.141,-0.899176255,0,0,3.583,-2.7,0.437586634,-2.496,0.296441564,1023.5,1.215,1,0,10,0,0,0
2023-12-20 4:00,-0.938493023,0.345298199,-0.907051363,1.1,0,66.8,964.4,-323.801,140.109,-0.924539383,0,0,3.553,-2.8,0.381086513,-2.625,0.421019982,1023.6,1.216,1,0,10,0,0,0
2023-12-20 4:10,-0.907044014,0.421035813,-0.926338088,0.7,0,68.2,964.3,-326.573,140.103,-0.976956255,0,0,3.242,-2.8,0.213439631,-2.707,0.376693173,1023.5,1.216,1,0,10,0,0,0
2023-12-20 4:20,-0.562083378,0.827080574,-0.955515464,0.2,0,69.6,964.2,-331.546,140.073,-0.917706098,0,0,3.542,-2.9,0.397260013,-2.827,0.294941008,1023.4,1.217,1,0,10,0,0,0
2023-12-20 4:30,-0.772733573,0.634730513,-0.920695691,0.7,0,70.4,964.2,-325.73,140.032,-0.95601854,0,0,3.697,-2.8,0.293306242,-2.914,0.390281238,1023.4,1.217,1,0,10,0,0,0
2023-12-20 4:40,-0.856267085,0.516533329,-0.948544945,1.8,0,72.9,964.3,-330.237,139.987,-0.914811699,0,0,3.692,-2.9,0.403880619,-3.068,0.316642524,1023.5,1.218,1,0,10,0,0,0
2023-12-20 4:50,-0.862513669,0.506033764,-0.906764573,2.3,0,79.3,964.4,-323.77,139.882,-0.851672058,0,0,5.403,-3.1,0.524075096,-3.38,0.421637295,1023.6,1.219,1,0,10,0,0,0
2023-12-20 5:00,0.945518576,-0.325568154,-0.879781358,2.6,0,84.5,964.4,-320.316,139.771,-0.886768941,0,0,5.962,-3.4,0.462212988,-3.659,0.475378546,1023.7,1.221,1,0,10,0,0,0
2023-12-20 5:10,-0.864274802,0.503019947,-0.887188067,2.6,0,87.9,964.4,-321.223,139.65,-0.949244474,0,0,5.755,-3.6,0.314539234,-3.778,0.461407991,1023.8,1.221,1,0,10,0,0,0
2023-12-20 5:20,-0.951056516,0.309016994,-0.934980532,2.3,0,90.7,964.3,-327.925,139.506,-0.96617383,0,0,4.615,-3.7,0.257891704,-3.957,0.354699034,1023.7,1.222,1,0,10,0,0,0
2023-12-20 5:30,-0.820151876,0.572145873,-0.934980532,1.9,0,92.9,964.3,-327.925,139.399,-0.944416542,0,0,4.206,-3.8,0.328751267,-4.164,0.354699034,1023.7,1.223,1,0,10,0,0,0
2023-12-20 5:40,-0.77384021,0.633380873,-0.934980532,1.9,0,94,964.3,-327.925,139.302,-0.925837608,0,0,3.625,-3.8,0.377921583,-4.222,0.354699034,1023.7,1.223,1,0,10,0,0,0
2023-12-20 5:50,0.592013179,0.805928282,-0.934980532,1.3,0,93.8,964.2,-327.925,139.175,-0.972864791,0,0,5.27,-3.9,0.231374367,-4.29,0.354699034,1023.6,1.224,1,0,10,0,0,0
2023-12-20 6:00,-0.825113498,0.564967003,-0.967775129,2,0,94.1,964.4,-334.107,138.991,-0.967312027,0,0,6.827,-4,0.253589121,-4.192,0.251816004,1023.9,1.223,1,0,10,0,0,0
2023-12-20 6:10,-0.89179753,0.452434709,-0.973427241,1.6,0,94.2,964.3,-335.462,138.801,-0.947573392,0,0,6.932,-4,0.319538209,-4.149,0.228996522,1023.8,1.223,1,0,10,0,0,0
2023-12-20 6:20,-0.956813584,0.290702194,-0.973435234,2.9,0,93.7,964.4,-335.464,138.651,-0.96273896,0,0,6.41,-4,0.27043242,-4.192,0.228962543,1023.9,1.223,1,0,10,0,0,0
2023-12-20 6:30,-0.892585818,0.450877541,-0.973435234,1.7,0,92.2,964.3,-335.464,138.477,-0.975133885,0,0,8.535,-3.9,0.221616575,-4.115,0.228962543,1023.7,1.223,1,0,10,0,0,0
2023-12-20 6:40,-0.67815967,0.734914595,-0.97343923,3.3,0,88.2,964.4,-335.464,138.251,-0.977555835,0,0,7.392,-3.9,0.210676503,-4.152,0.228945553,1023.8,1.223,1,0,10,0,0,0
2023-12-20 6:50,-0.928485827,0.371367836,-0.973423244,3,0,88.2,964.5,-335.461,138.067,-0.995053836,0,0,7.193,-4,0.099337117,-4.243,0.229013511,1024,1.223,1,0,10,0,0,0
2023-12-20 7:00,-0.864274802,0.503019947,-0.973423244,4.1,0,87.3,964.5,-335.461,137.893,-0.992169294,0,0,6.857,-4,0.12490033,-4.251,0.229013511,1024,1.223,1,0,10,0,0,0
2023-12-20 7:10,-0.999998477,0.001745328,-0.973435234,3.3,0,86.7,964.6,-335.464,137.749,-0.987908508,0,0,7.561,-4.1,0.155037998,-4.293,0.228962543,1024.1,1.224,1,0,10,0,0,0
2023-12-20 7:20,-0.842452397,0.538770785,-0.973423244,1.8,0,84.9,964.6,-335.461,137.591,-0.968925136,0,0,5.884,-4.1,0.247354159,-4.336,0.229013511,1024.1,1.224,1,0,10,0,0,0
2023-12-20 7:30,-0.97154912,0.236838146,-0.973423244,3.3,0,83.2,964.8,-335.461,137.452,-0.983944277,0,0,7.137,-4.2,0.178475937,-4.398,0.229013511,1024.3,1.224,1,0,10,0,0,0
2023-12-20 7:40,-0.709570737,0.70463421,-0.973511107,4.5,0,84.8,964.8,-335.483,137.234,-0.990966823,0,0,7.792,-4.3,0.134107256,-4.399,0.228639727,1024.4,1.224,1,0,10,0,0,0
2023-12-20 7:50,-0.892585818,0.450877541,-0.973423244,2.8,0,83.3,964.6,-335.461,137.007,-0.985570834,0,0,6.716,-4.4,0.169263497,-4.428,0.229013511,1024.2,1.224,1,0,10,0,0,0
2023-12-20 8:00,-0.97113428,0.238533458,-0.973423244,4.1,0,83,964.6,-335.461,136.836,-0.980679583,0,0,8.384,-4.5,0.195620949,-4.442,0.229013511,1024.2,1.224,1,0,10,0,0,0
2023-12-20 8:10,-0.788010754,0.615661475,-0.973423244,3.6,0,82.7,964.6,-335.461,136.632,-0.97777226,0,0,7.553,-4.6,0.209669759,-4.324,0.229013511,1024.2,1.224,1,0,10,0,0,0
2023-12-20 8:20,-0.975916762,0.218143241,-0.973423244,3.2,0,77.4,964.7,-335.461,136.497,-0.985594458,0,0,7.295,-4.4,0.169125884,-4.363,0.229013511,1024.3,1.224,1,0,10,0,0,0
2023-12-20 8:30,-0.629320391,0.777145961,-0.973431237,2.9,0,75.1,964.7,-335.463,136.342,-0.980146789,0,0,7.465,-4.4,0.198273224,-4.281,0.228979532,1024.3,1.224,1,0,10,0,0,0
2023-12-20 8:40,-0.962691746,0.270600446,-0.978874526,3.3,0,74.1,964.7,-336.898,136.185,-0.999440918,0,0,7.502,-4.4,0.033434276,-4.176,0.204461883,1024.3,1.223,1,0,10,0,0,0
2023-12-20 8:50,-0.781520472,0.623879597,-0.997686652,4.7,0,72.3,964.9,-344.805,136.011,-0.993272086,0,0,8.693,-4.4,-0.115803988,-4.082,0.067980465,1024.5,1.223,1,0,10,0,0,0
2023-12-20 9:00,-0.87630668,0.481753674,-0.997517567,3.8,0,71.8,965.1,-352.738,135.847,-0.997886232,0,0,7.227,-4.3,0.064985141,-3.893,-0.070418068,1024.7,1.222,1,0,10,0,0,0
2023-12-20 9:10,-0.727772758,0.685818353,-0.998248099,2.9,0,72,965.2,-345.308,135.79,-0.9850763,0,0,6.953,-3.9,0.172118225,-3.992,0.059166992,1024.7,1.222,1,0,10,0,0,0
2023-12-20 9:20,-0.547563223,0.836764313,-0.993957124,2.5,0,69.8,965.3,-342.396,135.778,-0.975867242,0,0,8.05,-3.9,0.218364664,-4.046,0.109769007,1024.8,1.222,1,0,10,0,0,0
2023-12-20 9:30,-0.97154912,0.236838146,-0.980298763,3.6,0,68.8,965.1,-337.308,135.702,-0.982326474,0,0,10.329,-4,0.187175581,-4.157,0.197520467,1024.6,1.223,1,0,10,0,0,0
2023-12-20 9:40,-0.989272333,0.146083029,-0.980298763,3.5,0,68.4,965.2,-337.308,135.532,-0.985169281,0,0,10.603,-3.9,0.171585222,-4.125,0.197520467,1024.7,1.223,1,0,10,0,0,0
2023-12-20 9:50,-0.996345296,0.085416923,-0.980298763,4,0,66.2,965.3,-337.308,135.318,-0.977279223,0,0,11.02,-3.9,0.21195594,-4.072,0.197520467,1024.8,1.223,1,0,10,0,0,0
2023-12-20 10:00,-0.853550797,0.521009632,-0.980298763,6.4,0,65.2,965.3,-337.308,135.13,-0.992081855,0,0,10.347,-3.8,0.125592964,-4.004,0.197520467,1024.8,1.222,1,0,10,0,0,0
2023-12-20 10:10,-0.89571176,0.444635179,-0.980298763,5.4,0,65.6,965.2,-337.308,134.809,-0.977223699,0,0,9.262,-3.4,0.212211784,-4.191,0.197520467,1024.6,1.223,1,0,10,0,0,0
2023-12-20 10:20,-0.330514393,0.943800952,-0.980298763,5.3,0,66,965.1,-337.308,134.39,-0.982887157,0,0,9.813,-3,0.184208676,-4.197,0.197520467,1024.4,1.223,1,0,10,0,0,0
2023-12-20 10:30,-0.985407898,0.170209499,-0.980298763,4.3,0,68,965.1,-337.308,134.188,-0.985724047,0,0,9.863,-3,0.168368952,-4.217,0.197520467,1024.4,1.223,1,0,10,0,0,0
2023-12-20 10:40,-0.910683661,-0.41310443,-0.980298763,3.9,0,64.7,964.9,-337.308,134.032,-0.993066405,0,0,9.241,-3.7,0.11755473,-4.256,0.197520467,1024.3,1.223,1,0,10,0,0,0
2023-12-20 10:50,-0.985996037,0.166768747,-0.980298763,7.3,0,63.5,964.9,-337.308,133.954,-0.983283521,0,0,9.937,-3.6,0.182081074,-4.257,0.197520467,1024.3,1.223,1,0,10,0,0,0
2023-12-20 11:00,-0.973578903,0.22835087,-0.980298763,4.1,0,66.1,964.7,-337.308,133.823,-0.978530573,0,0,9.489,-3.7,0.206101715,-4.301,0.197520467,1024.1,1.224,1,0,10,0,0,0
2023-12-20 11:10,-0.964095404,0.265556117,-0.980298763,2.9,0,63.9,964.6,-337.308,133.763,-0.986106425,0,0,10.517,-3.4,0.166114773,-4.324,0.197520467,1023.9,1.224,1,0,10,0,0,0
2023-12-20 11:20,-0.819152044,0.573576436,-0.980298763,5.9,0,64.7,964.4,-337.308,133.727,-0.978656291,0,0,8.367,-3.7,0.205503926,-4.22,0.197520467,1023.8,1.223,1,0,10,0,0,0
2023-12-20 11:30,-0.441505853,0.89725837,-0.980754624,4.3,0,64.8,964.1,-337.441,133.732,-0.999364976,0,0,8.714,-4.1,0.035632079,-4.157,0.195244381,1023.6,1.223,1,0,10,0,0,0
2023-12-20 11:40,-0.997314477,0.073238197,-0.998070321,6,0,61.4,963.9,-345.14,133.778,-0.99340082,0,0,8.743,-3.3,0.11469442,-3.941,0.06209375,1023.2,1.222,1,0,10,0,0,0
2023-12-20 11:50,-0.999390827,-0.034899497,-0.998070321,4.2,0,58.5,963.8,-345.14,133.852,-0.991069518,0,0,8.863,-3.3,0.133346208,-3.847,0.06209375,1023,1.222,1,0,10,0,0,0
2023-12-20 12:00,-0.850811109,0.525471651,-0.998070321,4.5,0,57.4,963.7,-345.14,133.89,-0.997754957,0,0,8.554,-3.7,0.066970481,-3.749,0.06209375,1023,1.221,1,0,10,0,0,0
2023-12-20 12:10,-0.910683661,0.41310443,-0.998070321,4.9,0,55.5,963.5,-345.14,133.956,-0.98831101,0,0,8.388,-3.3,0.152451131,-3.676,0.06209375,1022.7,1.221,1,0,10,0,0,0
2023-12-20 12:20,-0.863395551,0.504527624,-0.984750115,4.1,0,56.6,963.5,-338.683,134.078,-0.969965485,0,0,8.52,-3.5,0.24324259,-3.609,0.173974743,1022.8,1.221,1,0,10,0,0,0
2023-12-20 12:30,-0.761538308,0.648119901,-0.980600977,4.1,0,54.3,963.3,-337.396,133.866,-0.981228767,0,0,9.346,-3.2,0.192847365,-3.876,0.196014604,1022.5,1.222,1,0,10,0,0,0
2023-12-20 12:40,-0.927836254,0.372987783,-0.980682997,3.8,0,52.7,963.3,-337.42,133.759,-0.997242419,0,0,8.816,-2.9,0.074212922,-3.74,0.195603833,1022.4,1.221,1,0,10,0,0,0
2023-12-20 12:50,-0.986572162,0.163325962,-0.980740991,5.2,0,51.7,963.2,-337.437,133.651,-0.997196899,0,0,10.44,-2.9,0.074822088,-3.831,0.19531285,1022.3,1.222,1,0,10,0,0,0
2023-12-20 13:00,-0.917754626,0.397147891,-0.996648818,4.1,0,51,963.3,-344.005,133.279,-0.991039237,0,0,11.767,-2.6,-0.133571072,-3.62,0.081799351,1022.3,1.221,1,0,10,0,0,0
2023-12-20 13:10,-0.992114701,0.125333234,-0.996454785,3.3,0,51.8,963,-353.521,132.971,-0.99563557,0,0,11.84,-2.4,-0.093326372,-3.615,-0.084130029,1022,1.221,1,0,10,0,0,0
2023-12-20 13:20,-0.741975841,0.670426619,-0.993000596,2.7,0,50.3,962.9,-355.483,132.83,-0.987603557,0,0,10.684,-2.4,-0.156968833,-3.596,-0.118109344,1021.9,1.22,1,0,10,0,0,0
2023-12-20 13:30,-0.549022818,0.835807361,-0.993752345,2.7,0,52.4,962.9,-355.107,132.735,-0.999218724,0,0,8.984,-3.2,0.039521412,-3.491,-0.111607687,1022.1,1.22,1,0,10,0,0,0
2023-12-20 13:40,-0.924546034,0.381070376,-0.999759737,2.8,0,51.5,963,-347.443,132.828,-0.985946512,0,0,7.642,-3.1,0.16706129,-3.666,0.02191958,1022.2,1.221,1,0,10,0,0,0
2023-12-20 13:50,-0.999847695,-0.017452406,-0.987205932,5.5,0,52.2,963,-339.525,132.915,-0.985526487,0,0,10.894,-3.4,0.169521513,-3.963,0.159450453,1022.2,1.222,1,0,10,0,0,0
2023-12-20 14:00,-0.997440783,0.071497444,-0.987205932,4.3,0,52.8,962.9,-339.525,132.727,-0.985393041,0,0,8.171,-3.2,0.170295492,-4.139,0.159450453,1022.1,1.223,1,0,10,0,0,0
2023-12-20 14:10,-0.985996037,0.166768747,-0.987205932,5.3,0,52.4,962.7,-339.525,132.67,-0.987333629,0,0,11.538,-3.4,0.158657822,-4.078,0.159450453,1021.9,1.223,1,0,10,0,0,0
2023-12-20 14:20,-0.991444861,0.130526192,-0.987205932,5,0,52.7,962.9,-339.525,132.651,-0.977599938,0,0,11.105,-3.4,0.21047176,-4.014,0.159450453,1022.1,1.222,1,0,10,0,0,0
2023-12-20 14:30,-0.974761194,0.223250116,-0.987205932,5.3,0,52.7,962.8,-339.525,132.644,-0.988196318,0,0,11.519,-3.8,0.153192807,-4.093,0.159450453,1022.1,1.223,1,0,10,0,0,0
2023-12-20 14:40,-0.223250116,0.974761194,-0.987205932,3.3,0,52.3,962.7,-339.525,132.434,-0.984272782,0,0,10.076,-3.8,0.176655287,-4.208,0.159450453,1022,1.223,1,0,10,0,0,0
2023-12-20 14:50,-0.853550797,0.521009632,-0.987205932,5,0,52.2,962.7,-339.525,132.397,-0.985416809,0,0,10.238,-3.7,0.170157903,-4.033,0.159450453,1022,1.222,1,0,10,0,0,0
2023-12-20 15:00,-0.88376563,-0.467929814,-0.987205932,5.3,0,53.4,962.8,-339.525,132.541,-0.960561055,0,0,6.293,-3.7,0.278069162,-3.74,0.159450453,1022.1,1.221,1,0,10,0,0,0
2023-12-20 15:10,-0.981292664,0.192521967,-0.987205932,2.7,0,53.4,962.8,-339.525,132.775,-0.98291608,0,0,7.066,-3.4,0.184054282,-3.713,0.159450453,1022,1.221,1,0,10,0,0,0
2023-12-20 15:20,-0.990509463,0.137444546,-0.985800349,3.3,0,52.5,962.7,-339.032,133.027,-0.941411696,0,0,6.308,-3.2,0.337259571,-4.156,0.167921627,1021.9,1.223,1,0,10,0,0,0
2023-12-20 15:30,-0.907777479,0.419452082,-0.956345569,5.8,0,53.3,962.8,-331.708,133.238,-0.946204017,0,0,7.587,-4,0.323570638,-4.362,0.292238177,1022.2,1.224,1,0,10,0,0,0
2023-12-20 15:40,0.77384021,-0.633380873,-0.956269029,1.8,0,54.4,962.7,-331.693,133.39,-0.941246768,0,0,7.456,-4.3,0.337719591,-4.442,0.292488537,1022.1,1.224,1,0,10,0,0,0
2023-12-20 15:50,-0.965925826,0.258819045,-0.956269029,3.7,0,55.2,962.7,-331.693,133.496,-0.958576491,0,0,7.203,-4.5,0.284835234,-4.331,0.292488537,1022.2,1.224,1,0,10,0,0,0
2023-12-20 16:00,-0.923210217,0.384295323,-0.956269029,3.3,0,54.6,963,-331.693,133.67,-0.959313975,0,0,6.232,-4.6,0.282341457,-4.26,0.292488537,1022.5,1.223,1,0,10,0,0,0
2023-12-20 16:10,-0.62114778,0.783693457,-0.956269029,3.7,0,56.4,963,-331.693,133.815,-0.954443658,0,0,7.672,-4.8,0.298391192,-4.387,0.292488537,1022.6,1.224,1,0,10,0,0,0
2023-12-20 16:20,-0.999993908,-0.003490651,-0.956269029,4.6,0,56.4,963.1,-331.693,133.91,-0.982745405,0,0,8.775,-4.9,0.184963425,-4.567,0.292488537,1022.7,1.225,1,0,10,0,0,0
2023-12-20 16:30,-0.64412363,0.764921401,-0.956269029,5,0,56.7,963.1,-331.693,133.925,-0.984173966,0,0,8.513,-5,0.177204981,-4.802,0.292488537,1022.7,1.226,1,0,10,0,0,0
2023-12-20 16:40,0.034899497,0.999390827,-0.971175897,3.1,0,56.6,963.2,-334.911,133.928,-0.991351205,0,0,9.14,-5.2,0.131235622,-4.956,0.238363959,1022.9,1.227,1,0,10,0,0,0
2023-12-20 16:50,-0.774944489,0.632029303,-0.987411046,2.6,0,56.8,963.2,-339.599,133.923,-0.97948742,0,0,6.597,-5.2,0.201505322,-5.154,0.158175301,1022.9,1.228,1,0,10,0,0,0
2023-12-20 17:00,-0.817144898,0.576432316,-0.975292221,2.3,0,57.2,963.3,-335.936,133.94,-0.979332386,0,0,6.827,-5.5,0.202257455,-5.384,0.220918727,1023.1,1.229,1,0,10,0,0,0
2023-12-20 17:10,-0.99074784,-0.135715572,-0.957410252,3.2,0,58,963.2,-331.918,133.874,-0.958292652,0,0,7.639,-5.7,0.285788721,-5.557,0.288731032,1023,1.229,1,0,10,0,0,0
2023-12-20 17:20,-0.986285602,0.165047606,-0.957722129,3.7,0,59.3,963.3,-331.98,133.819,-0.980467326,0,0,9.591,-6,0.196682032,-5.816,0.287694845,1023.2,1.231,1,0,10,0,0,0
2023-12-20 17:30,-0.834847863,-0.55048074,-0.957767308,3,0,60.7,963.3,-331.989,133.691,-0.974823499,0,0,8.222,-6.2,0.222977903,-6.104,0.287544403,1023.2,1.232,1,0,10,0,0,0
2023-12-20 17:40,-0.913545458,0.406736643,-0.957767308,3.5,0,63,963.4,-331.989,133.634,-0.985621012,0,0,7.992,-6.4,0.168971065,-6.281,0.287544403,1023.3,1.233,1,0,10,0,0,0
2023-12-20 17:50,-0.936059536,0.351841648,-0.983245364,5.3,0,63.6,963.6,-338.195,133.523,-0.984949866,0,0,9.773,-6.7,0.172840277,-6.467,0.182287008,1023.6,1.234,1,0,10,0,0,0
2023-12-20 18:00,-0.734914595,0.67815967,-0.988409253,3.7,0,64.8,963.7,-339.968,133.386,-0.983919347,0,0,10.73,-6.8,0.178613319,-6.597,0.151812876,1023.7,1.234,1,0,10,0,0,0
2023-12-20 18:10,-0.102792537,-0.994702817,-0.988380088,3.3,0,65.4,963.7,-339.957,133.262,-0.980067118,0,0,9.653,-6.9,0.198666664,-6.724,0.152002634,1023.8,1.235,1,0,10,0,0,0
2023-12-20 18:20,-0.942057453,0.33545157,-0.988398652,5.1,0,65.6,963.8,-339.964,133.115,-0.981560519,0,0,10.051,-7,0.191151636,-6.915,0.151881879,1023.9,1.236,1,0,10,0,0,0
2023-12-20 18:30,-0.997915618,-0.064532308,-0.988279059,3.6,0,65.9,963.7,-339.919,132.774,-0.983656429,0,0,8.565,-7.1,0.180055628,-7.332,0.152658119,1023.8,1.238,1,0,10,0,0,0
2023-12-20 18:40,-0.909236109,0.416280792,-0.988212355,3.8,0,66.5,963.8,-339.894,132.611,-0.96961637,0,0,7.777,-7.3,0.244630526,-7.301,0.153089322,1024,1.237,1,0,10,0,0,0
2023-12-20 18:50,-0.853550797,0.521009632,-0.988388046,3.8,0,66.1,963.8,-339.96,132.593,-0.984192517,0,0,8.461,-7.4,0.177101918,-7.298,0.151950882,1024,1.237,1,0,10,0,0,0
2023-12-20 19:00,-0.731353702,0.68199836,-0.98827373,2.7,0,65.9,963.8,-339.917,132.574,-0.989429831,0,0,7.687,-7.5,0.145012448,-7.438,0.152692616,1024,1.238,1,0,10,0,0,0
2023-12-20 19:10,-0.992757342,-0.120136839,-0.988212355,1.5,0,66.6,963.9,-339.894,132.527,-0.985336515,0,0,8.002,-7.7,0.170622251,-7.557,0.153089322,1024.2,1.239,1,0,10,0,0,0
2023-12-20 19:20,-0.81613759,0.577857624,-0.988212355,4.5,0,68,964,-339.894,132.432,-0.994122656,0,0,9.686,-7.8,0.10825962,-7.63,0.153089322,1024.3,1.239,1,0,10,0,0,0
2023-12-20 19:30,-0.996492859,0.083677843,-0.988345575,3.1,0,69.3,963.9,-339.944,132.235,-0.992895071,0,0,10.158,-7.9,0.118993185,-7.754,0.152226886,1024.2,1.24,1,0,10,0,0,0
2023-12-20 19:40,-0.954240329,0.299040792,-0.988406603,2.7,0,70.1,963.9,-339.967,132.032,-0.983438879,0,0,10.019,-8,0.181240092,-7.861,0.151830127,1024.2,1.24,1,0,10,0,0,0
2023-12-20 19:50,-0.907044014,0.421035813,-0.988377435,4.9,0,70.5,963.9,-339.956,131.823,-0.981097273,0,0,10.391,-8.1,0.193515221,-7.927,0.152019884,1024.3,1.24,1,0,10,0,0,0
2023-12-20 20:00,-0.96174131,0.273959219,-0.988401302,4.1,0,70.2,963.8,-339.965,131.606,-0.991925461,0,0,10.578,-8.2,0.126822239,-8.074,0.151864629,1024.2,1.241,1,0,10,0,0,0
2023-12-20 20:10,-0.673012514,0.739631095,-0.988409253,3.4,0,69.9,963.7,-339.968,131.342,-0.991319108,0,0,11.443,-8.4,0.131477851,-8.209,0.151812876,1024.1,1.242,1,0,10,0,0,0
2023-12-20 20:20,-0.827080574,0.562083378,-0.988409253,3.5,0,68.4,963.6,-339.968,131.11,-0.987444153,0,0,10.282,-8.4,0.157968494,-8.243,0.151812876,1024,1.242,1,0,10,0,0,0
2023-12-20 20:30,-0.932953535,0.359996808,-0.988409253,4.3,0,68.2,963.7,-339.968,130.869,-0.99629143,0,0,11.063,-8.6,0.086042928,-8.289,0.151812876,1024.2,1.242,1,0,10,0,0,0
2023-12-20 20:40,-0.968583161,0.248689887,-0.988409253,6.7,0,67.9,963.8,-339.968,130.603,-0.996812385,0,0,11.763,-8.7,0.079781388,-8.365,0.151812876,1024.3,1.242,1,0,10,0,0,0
2023-12-20 20:50,-0.978508985,0.206204185,-0.988409253,3.7,0,66.4,963.9,-339.968,130.366,-0.995029534,0,0,12.126,-8.7,0.099580251,-8.433,0.151812876,1024.4,1.243,1,0,10,0,0,0
2023-12-20 21:00,-0.958819735,0.284015345,-0.988409253,3.3,0,66.5,964,-339.968,130.046,-0.999907811,0,0,14.039,-8.8,0.013578244,-8.484,0.151812876,1024.6,1.243,1,0,10,0,0,0
2023-12-20 21:10,-0.90408255,0.427357863,-0.999273597,2.7,0,65,964,-346.514,129.707,-0.999501614,0,0,13.674,-8.8,-0.031567761,-8.537,0.038108761,1024.6,1.243,1,0,10,0,0,0
2023-12-20 21:20,-0.843391446,0.537299608,-0.999895833,4.4,0,65.4,964.1,-347.873,129.446,-0.998577905,0,0,12.353,-9,0.053311976,-8.798,0.014433372,1024.7,1.244,1,0,10,0,0,0
2023-12-20 21:30,-0.796529918,0.604599115,-0.998000339,4.9,0,65.9,964.1,-345.074,129.001,-0.985055264,0,0,11.103,-9.1,0.172238573,-9.183,0.063208566,1024.7,1.246,1,0,10,0,0,0
2023-12-20 21:40,-0.950515732,0.31067643,-0.988798101,6.8,0,63.8,964.1,-340.116,128.773,-0.979645379,0,0,12.588,-9.1,0.200735973,-9.165,0.149259225,1024.7,1.246,1,0,10,0,0,0
2023-12-20 21:50,-0.999993908,0.003490651,-0.988798101,4.8,0,63.9,964.2,-340.116,128.628,-0.981553846,0,0,13.036,-9.3,0.191185899,-9.228,0.149259225,1024.9,1.246,1,0,10,0,0,0
2023-12-20 22:00,-0.99955986,0.029666244,-0.988798101,5.5,0,61.3,964.2,-340.116,128.477,-0.984655841,0,0,14.484,-9.3,0.174507518,-9.269,0.149259225,1024.9,1.247,1,0,10,0,0,0
2023-12-20 22:10,-0.957822495,0.28736052,-0.988798101,3.4,0,60,964.2,-340.116,128.054,-0.985264958,0,0,13.964,-9.4,0.171034973,-9.662,0.149259225,1024.9,1.249,1,0,10,0,0,0
2023-12-20 22:20,-0.81613759,0.577857624,-0.988798101,3.8,0,59.2,964.2,-340.116,127.686,-0.981090517,0,0,12.518,-9.5,0.193549468,-9.612,0.149259225,1025,1.248,1,0,10,0,0,0
2023-12-20 22:30,-0.806960312,0.590605668,-0.988798101,4.4,0,60,964.2,-340.116,127.481,-0.997660476,0,0,13.04,-9.6,0.068363544,-9.711,0.149259225,1025,1.249,1,0,10,0,0,0
2023-12-20 22:40,-0.741975841,0.670426619,-0.988798101,4.8,0,60.7,964.2,-340.116,127.279,-0.992127821,0,0,13.047,-9.8,0.125229339,-9.787,0.149259225,1025,1.249,1,0,10,0,0,0
2023-12-20 22:50,-0.939692621,0.342020143,-0.988798101,5.1,0,59.9,964.2,-340.116,127.085,-0.991097424,0,0,13.452,-9.8,0.133138636,-9.879,0.149259225,1025,1.25,1,0,10,0,0,0
2023-12-20 23:00,-0.961261696,0.275637356,-0.988798101,4.7,0,60.9,964.2,-340.116,126.921,-0.989616295,0,0,12.191,-9.9,0.143734435,-9.93,0.149259225,1025.1,1.25,1,0,10,0,0,0
2023-12-20 23:10,-0.890212805,0.455544907,-0.988798101,4.4,0,62.1,964.3,-340.116,126.79,-0.993630993,0,0,12.267,-10,0.112682965,-9.995,0.149259225,1025.2,1.25,1,0,10,0,0,0
2023-12-20 23:20,-0.804893797,0.593418887,-0.988798101,5.6,0,62.6,964.2,-340.116,126.679,-0.979882928,0,0,11.716,-10.1,0.199573165,-10.088,0.149259225,1025.1,1.251,1,0,10,0,0,0
2023-12-20 23:30,-0.946085359,0.323917418,-0.988798101,3.4,0,61.8,964.3,-340.116,126.65,-0.98208391,0,0,11.073,-10.2,0.188444142,-10.245,0.149259225,1025.2,1.251,1,0,10,0,0,0
2023-12-20 23:40,-0.733729865,0.679441304,-0.988798101,5.2,0,61.2,964.4,-340.116,126.408,-0.983165733,0,0,10.301,-10.2,0.182716013,-10.411,0.149259225,1025.3,1.252,1,0,10,0,0,0
2023-12-20 23:50,-0.943800952,0.330514393,-0.988798101,5.3,0,60.8,964.5,-340.116,126.417,-0.973009976,0,0,12.078,-10.3,0.230763053,-10.233,0.149259225,1025.5,1.251,1,0,10,0,0,0
2023-12-21 0:00,-1,-1.84E-16,-0.988798101,3.9,0,59.1,964.5,-340.116,126.487,-0.966263792,0,0,13.667,-10.3,0.25755443,-10.134,0.149259225,1025.5,1.251,1,0,10,0,0,0
2023-12-21 0:10,-0.989272333,0.146083029,-0.988798101,4.9,0,57.6,964.5,-340.116,126.512,-0.968760872,0,0,12.694,-10.4,0.24799672,-10.305,0.149259225,1025.5,1.252,1,0,10,0,0,0
2023-12-21 0:20,-0.270600446,0.962691746,-0.988798101,4,0,55.1,964.6,-340.116,126.413,-0.969213723,0,0,11.37,-10.5,0.246220958,-10.698,0.149259225,1025.6,1.253,1,0,10,0,0,0
2023-12-21 0:30,-0.956304756,0.292371705,-0.988798101,3.4,0,56.1,964.5,-340.116,126.157,-0.977980363,0,0,10.885,-10.6,0.208696931,-10.786,0.149259225,1025.6,1.254,1,0,10,0,0,0
2023-12-21 0:40,-0.86949493,0.493941867,-0.988798101,4.9,0,58.3,964.4,-340.116,126.128,-0.984475621,0,0,11.863,-10.7,0.175521369,-10.751,0.149259225,1025.5,1.254,1,0,10,0,0,0
2023-12-21 0:50,-0.829037573,0.559192903,-0.988798101,5.9,0,60.9,964.3,-340.116,126.086,-0.975683963,0,0,11.294,-10.8,0.219182128,-10.815,0.149259225,1025.4,1.254,1,0,10,0,0,0
2023-12-21 1:00,-0.759271307,0.650774217,-0.988798101,5.1,0,61.6,964.4,-340.116,126.078,-0.991874471,0,0,11.48,-10.9,0.127220413,-10.798,0.149259225,1025.5,1.254,1,0,10,0,0,0
2023-12-21 1:10,-0.977783237,0.209618563,-0.988798101,5.3,0,61.9,964.4,-340.116,126.032,-0.988422497,0,0,10.919,-11,0.15172662,-10.826,0.149259225,1025.6,1.254,1,0,10,0,0,0
2023-12-21 1:20,-0.912834177,0.40833046,-0.988798101,4.9,0,62.8,964.3,-340.116,126.024,-0.991528945,0,0,11.063,-11,0.129885918,-10.847,0.149259225,1025.5,1.254,1,0,10,0,0,0
2023-12-21 1:30,-0.803856861,0.594822787,-0.988798101,3.3,0,64,964.4,-340.116,126.038,-0.9915108,0,0,9.955,-11,0.13002436,-10.943,0.149259225,1025.6,1.255,1,0,10,0,0,0
2023-12-21 1:40,-0.843391446,0.537299608,-0.988798101,3.1,0,64.4,964.4,-340.116,126.08,-0.994295207,0,0,10.306,-11.1,0.106663216,-10.986,0.149259225,1025.6,1.255,1,0,10,0,0,0
2023-12-21 1:50,-0.803856861,0.594822787,-0.988798101,4.5,0,65.1,964.4,-340.116,126.126,-0.977980363,0,0,9.598,-11.2,0.208696931,-11.038,0.149259225,1025.5,1.255,1,0,10,0,0,0
2023-12-21 2:00,-0.612907054,0.790155012,-0.988798101,5.6,0,64.6,964.5,-340.116,126.249,-0.976495801,0,0,10.437,-11.2,0.215536424,-11.048,0.149259225,1025.6,1.255,1,0,10,0,0,0
2023-12-21 2:10,-0.943222658,0.332161132,-0.988798101,5.7,0,64,964.6,-340.116,126.304,-0.961970484,0,0,10.218,-11.2,0.273153416,-11.126,0.149259225,1025.7,1.256,1,0,10,0,0,0
2023-12-21 2:20,-0.560638995,-0.828060335,-0.988798101,3.9,0,64.7,964.5,-340.116,126.36,-0.973682425,0,0,9.734,-11.3,0.227909051,-11.22,0.149259225,1025.6,1.256,1,0,10,0,0,0
2023-12-21 2:30,-0.784776371,0.619779032,-0.988798101,3.3,0,63.7,964.6,-340.116,126.448,-0.970699708,0,0,9.905,-11.3,0.240295811,-11.199,0.149259225,1025.8,1.256,1,0,10,0,0,0
2023-12-21 2:40,-0.76266833,0.64678978,-0.988798101,3.9,0,64.1,964.7,-340.116,126.551,-0.98003937,0,0,9.876,-11.4,0.198803505,-11.293,0.149259225,1025.9,1.256,1,0,10,0,0,0
2023-12-21 2:50,-0.830012285,0.557745109,-0.988798101,3.4,0,62.6,964.6,-340.116,126.611,-0.971524313,0,0,10.734,-11.4,0.236939885,-11.285,0.149259225,1025.8,1.256,1,0,10,0,0,0
2023-12-21 3:00,-0.640109699,0.768283524,-0.988798101,4.5,0,63.5,964.6,-340.116,126.577,-0.970754205,0,0,10.231,-11.5,0.24007556,-11.462,0.149259225,1025.8,1.257,1,0,10,0,0,0
2023-12-21 3:10,-0.862513669,0.506033764,-0.984475621,3.6,0,63.7,964.5,-338.595,126.323,-0.951212802,0,0,10.837,-11.6,0.308535582,-11.54,0.175521369,1025.7,1.258,1,0,10,0,0,0
2023-12-21 3:20,-0.982935349,0.183951351,-0.955133738,3.9,0,63.3,964.5,-331.472,126.27,-0.954381142,0,0,9.593,-11.6,0.298591084,-11.459,0.296174852,1025.7,1.257,1,0,10,0,0,0
2023-12-21 3:30,-0.974370065,0.224951054,-0.955133738,4.2,0,62.4,964.5,-331.472,126.334,-0.967678367,0,0,11.323,-11.5,0.252187584,-11.353,0.296174852,1025.7,1.257,1,0,10,0,0,0
2023-12-21 3:40,-0.94776841,-0.318959309,-0.955128568,3.7,0,62.7,964.5,-331.471,126.288,-0.960735582,0,0,11.953,-11.6,0.277465569,-11.434,0.296191522,1025.7,1.257,1,0,10,0,0,0
2023-12-21 3:50,-0.910683661,0.41310443,-0.955128568,3.4,0,61.7,964.5,-331.471,126.238,-0.9524224,0,0,10.521,-11.6,0.304781186,-11.522,0.296191522,1025.7,1.257,1,0,10,0,0,0
2023-12-21 4:00,-0.728968627,0.684547106,-0.955133738,4,0,61.1,964.5,-331.472,126.219,-0.954630954,0,0,10.114,-11.6,0.297791439,-11.535,0.296174852,1025.7,1.257,1,0,10,0,0,0
2023-12-21 4:10,-0.75470958,0.656059029,-0.955133738,5.7,0,60,964.5,-331.472,126.286,-0.970460172,0,0,10.364,-11.7,0.24126138,-11.553,0.296174852,1025.8,1.258,1,0,10,0,0,0
2023-12-21 4:20,-0.908508178,0.417867074,-0.955133738,5.9,0,58.9,964.5,-331.472,126.308,-0.970185846,0,0,9.907,-11.6,0.242362177,-11.576,0.296174852,1025.7,1.258,1,0,10,0,0,0
2023-12-21 4:30,-0.959805292,0.280666709,-0.955133738,5.4,0,58.7,964.5,-331.472,126.34,-0.952921145,0,0,9.085,-11.7,0.303218223,-11.668,0.296174852,1025.8,1.258,1,0,10,0,0,0
2023-12-21 4:40,-0.969015731,0.246999013,-0.955133738,7.5,0,59.4,964.5,-331.472,126.388,-0.976747176,0,0,8.766,-11.8,0.214394391,-11.674,0.296174852,1025.8,1.258,1,0,10,0,0,0
2023-12-21 4:50,-0.794414621,0.60737584,-0.955133738,3.7,0,58.8,964.6,-331.472,126.477,-0.971520178,0,0,8.744,-11.9,0.236956841,-11.747,0.296174852,1025.9,1.259,1,0,10,0,0,0
2023-12-21 5:00,-0.806960312,0.590605668,-0.955133738,5.3,0,59.5,964.7,-331.472,126.495,-0.978753024,0,0,9.863,-12,0.205042723,-11.743,0.296174852,1026,1.258,1,0,10,0,0,0
2023-12-21 5:10,-0.62114778,0.783693457,-0.957188241,5.6,0,59.7,964.7,-331.881,126.421,-0.994033515,0,0,10.212,-12,0.109075067,-11.802,0.289466185,1026,1.259,1,0,10,0,0,0
2023-12-21 5:20,-0.858959897,0.512042865,-0.987457934,4.2,0,59.9,964.7,-339.616,126.26,-0.999237237,0,0,11.622,-12,0.039050537,-11.854,0.157882323,1026,1.259,1,0,10,0,0,0
2023-12-21 5:30,-0.964557418,0.26387305,-0.987589855,4.1,0,59.5,964.7,-339.664,126.048,-0.999088143,0,0,12.215,-12.1,0.042695225,-11.89,0.157055017,1026.1,1.259,1,0,10,0,0,0
2023-12-21 5:40,-0.986572162,0.163325962,-0.987611774,4.8,0,60.9,964.7,-339.673,125.739,-0.999883391,0,0,13.886,-12.2,0.015271037,-11.897,0.156917122,1026.1,1.259,1,0,10,0,0,0
2023-12-21 5:50,-0.997801468,0.0662739,-0.987611774,3.7,0,60.4,964.8,-339.673,125.335,-0.9996472,0,0,13.334,-12.1,0.026560787,-11.954,0.156917122,1026.2,1.26,1,0,10,0,0,0
2023-12-21 6:00,-0.862513669,0.506033764,-0.987611774,6.1,0,61.1,964.9,-339.673,135.004,-0.999413156,0,0,12.597,-12.1,0.034254111,-12.015,0.156917122,1026.3,1.26,1,0,10,0,0,0
2023-12-21 6:10,-0.779337965,0.626603811,-0.995832033,6.1,0,59.1,964.9,-343.467,138.842,-0.999345551,0,0,13.676,-12.1,-0.036172782,-12.017,0.091206153,1026.3,1.26,1,0,10,0,0,0
2023-12-21 6:20,-0.790155012,0.612907054,-0.999855215,3.7,0,58.7,965,-347.725,137.673,-0.998891519,0,0,13.472,-12.1,-0.047071583,-11.972,0.017016139,1026.4,1.26,1,0,10,0,0,0
2023-12-21 6:30,-0.846193166,0.532876276,-0.999855215,4.7,0,57.4,965.1,-347.725,136.738,-0.999992894,0,0,12.13,-12.1,0.003769902,-12.068,0.017016139,1026.5,1.26,1,0,10,0,0,0
2023-12-21 6:40,-0.985703469,0.16848938,-0.999860803,3.7,0,58.4,965.3,-347.744,136.162,-0.999966068,0,0,12.697,-12.2,-0.008237861,-12.092,0.016684573,1026.7,1.26,1,0,10,0,0,0
2023-12-21 6:50,-0.934825676,0.355106962,-0.999876358,2.8,0,59.3,965.3,-347.799,135.736,-0.999996753,0,0,12.476,-12.2,0.002548178,-12.045,0.015724768,1026.7,1.26,1,0,10,0,0,0
2023-12-21 7:00,-0.999986292,0.005235964,-0.999876358,5,0,58.6,965.5,-347.799,135.016,-0.999395083,0,0,12.653,-12.2,0.034777398,-12.054,0.015724768,1026.9,1.26,1,0,10,0,0,0
2023-12-21 7:10,-0.996194698,-0.087155743,-0.999876358,4.2,0,58.5,965.6,-347.799,135.334,-0.997907727,0,0,11.87,-12.2,0.064654226,-12.099,0.015724768,1027.1,1.26,1,0,10,0,0,0
2023-12-21 7:20,-0.769399555,0.638767818,-0.999876358,6.5,0,58.8,965.6,-347.799,135.279,-0.999799278,0,0,13.197,-12.3,-0.020035039,-12.149,0.015724768,1027.1,1.26,1,0,10,0,0,0
2023-12-21 7:30,-0.928485827,0.371367836,-0.999876358,5.1,0,57.8,965.5,-347.799,135.03,-0.993857092,0,0,13.348,-12.3,-0.110671048,-12.242,0.015724768,1027,1.261,1,0,10,0,0,0
2023-12-21 7:40,-0.942057453,0.33545157,-0.997264395,2.9,0,60,965.5,-352.937,134.627,-0.989880517,0,0,13.155,-12.4,-0.141903352,-12.11,-0.073917031,1027,1.26,1,0,10,0,0,0
2023-12-21 7:50,-0.999610115,0.027921639,-0.992379324,3.3,0,61,965.7,-355.778,134.386,-0.991127606,0,0,13.706,-12.4,-0.13291376,-12.004,-0.12322044,1027.2,1.26,1,0,10,0,0,0
2023-12-21 8:00,-0.999993908,0.003490651,-0.992379324,3.5,0,61.3,965.8,-355.778,134.218,-0.996394328,0,0,13.023,-12.4,-0.084843055,-12.033,-0.12322044,1027.3,1.26,1,0,10,0,0,0
2023-12-21 8:10,-0.738455341,0.674302388,-0.992379324,5.4,0,61.1,965.8,-355.778,134.119,-0.997507725,0,0,12.506,-12.4,-0.070557347,-12.027,-0.12322044,1027.3,1.26,1,0,10,0,0,0
2023-12-21 8:20,-0.872922077,0.487859659,-0.992379324,5,0,61.2,965.8,-355.778,134.1,-0.999671789,0,0,11.538,-12.3,-0.02561863,-11.983,-0.12322044,1027.3,1.26,1,0,10,0,0,0
2023-12-21 8:30,-0.848048096,0.529919264,-0.992379324,5.4,0,61.3,965.9,-355.778,133.931,-0.999668652,0,0,11.452,-12.4,-0.025740763,-12.138,-0.12322044,1027.4,1.26,1,0,10,0,0,0
2023-12-21 8:40,-0.988756381,0.149535343,-0.992379324,5.3,0,60.9,966,-355.778,133.882,-0.999942206,0,0,12.232,-12.3,-0.010751021,-11.721,-0.12322044,1027.5,1.258,1,0,10,0,0,0
2023-12-21 8:50,-0.992331938,0.123601477,-0.992379324,5.3,0,59.6,965.8,-355.778,134.027,-0.998685583,0,0,13.725,-12.2,-0.051255305,-11.598,-0.12322044,1027.3,1.258,1,0,10,0,0,0
2023-12-21 9:00,-0.988756381,0.149535343,-0.992379324,5.9,0,57.4,965.8,-355.778,134.03,-0.998643202,0,0,13.388,-12,-0.052074514,-11.728,-0.12322044,1027.2,1.258,1,0,10,0,0,0
2023-12-21 9:10,-0.999657325,0.026176948,-0.992379324,3.3,0,58.1,965.8,-355.778,133.709,-0.994786804,0,0,13.973,-11.8,-0.101976543,-11.637,-0.12322044,1027.2,1.258,1,0,10,0,0,0
2023-12-21 9:20,-0.89571176,0.444635179,-0.992379324,4.8,0,56.7,965.9,-355.778,133.635,-0.994614544,0,0,14.142,-11.6,-0.10364318,-11.364,-0.12322044,1027.2,1.257,1,0,10,0,0,0
2023-12-21 9:30,-0.981292664,0.192521967,-0.992379324,5.3,0,56.2,965.9,-355.778,133.567,-0.99295724,0,0,14.726,-11.3,-0.11847329,-11.056,-0.12322044,1027.1,1.255,1,4.6,5.333,0,0,0.067
2023-12-21 9:40,-0.799684658,0.600420225,-0.992379324,7.7,0,55.5,965.9,-355.778,133.72,-0.990523851,0,0,14.275,-11,-0.137340819,-10.852,-0.12322044,1027.2,1.254,0,10,0,0,0,0
2023-12-21 9:50,-0.943222658,0.332161132,-0.992379324,4.5,0,53.8,965.8,-355.778,134.085,-0.985166286,0,0,14.037,-11,-0.171602416,-10.673,-0.12322044,1027,1.253,0,10,0,0,0,0
2023-12-21 10:00,-0.9909832,0.133986185,-0.992379324,6.6,0,52.2,965.7,-355.778,134.307,-0.984952883,0,0,14.182,-10.8,-0.172823086,-10.623,-0.12322044,1026.9,1.253,0,10,0,0,0,0
2023-12-21 10:10,-0.993372766,0.11493715,-0.992379324,7.5,0,52.6,965.8,-355.778,109.912,-0.985425717,0,0,13.761,-10.8,-0.170106307,-10.461,-0.12322044,1027,1.252,0,4.467,0,5.533,0,0
2023-12-21 10:20,-0.996917334,0.078459096,-0.992379324,5.3,0,52.6,965.7,-355.778,80.307,-0.998262526,0,0,12.55,-10.5,-0.058923073,-10.507,-0.12322044,1026.8,1.253,0,0,0,10,0,0
2023-12-21 10:30,-0.89725837,0.441505853,-0.992379324,5.1,0,52.9,965.7,-355.778,75.821,-0.997978214,0,0,11.032,-10.1,0.06355693,-10.434,-0.12322044,1026.7,1.252,0,0,0,10,0,0
2023-12-21 10:40,-0.809016994,0.587785252,-0.992379324,7.3,0,53.1,965.9,-355.778,71.929,-0.971246578,0,0,9.852,-10.1,0.238075795,-10.372,-0.12322044,1026.9,1.252,0,0,0,10,0,0
2023-12-21 10:50,-0.809016994,0.587785252,-0.992379324,5,0,52.3,965.7,-355.778,68.549,-0.960235233,0,0,8.452,-9.9,0.279192223,-10.263,-0.12322044,1026.7,1.251,0,0.067,0,9.933,0,0
2023-12-21 11:00,-0.870355696,0.49242356,-0.992379324,5,0,50.8,965.7,-355.778,65.697,-0.966115291,0,0,10.465,-9.9,0.258110915,-10.114,-0.12322044,1026.7,1.251,0,0,0,10,0,0
2023-12-21 11:10,-0.999815712,-0.019197442,-0.982404792,4.2,0,51,965.9,-337.988,120.682,-0.97381353,0,0,11.319,-9.6,0.227348212,-10.121,0.186764088,1026.8,1.251,1,0.233,7.1,1.8,0,0.833
2023-12-21 11:20,-0.9952274,0.0975829,-0.963840045,3.7,0,50.9,965.7,-333.245,129.793,-0.973869052,0,0,10.95,-9,0.227110258,-9.814,0.26648146,1026.4,1.249,1,0,10,0,0,0
2023-12-21 11:30,-0.772733573,0.634730513,-0.962974591,3.9,0,49.4,965.7,-333.245,128.966,-0.967893687,0,0,9.314,-8.6,0.251359923,-9.52,0.269592169,1026.3,1.248,1,0,10,0,0,0
2023-12-21 11:40,-0.846193166,0.532876276,-0.962974591,3.9,0,47.4,965.7,-333.245,128.652,-0.971000906,0,0,10.885,-8.9,0.239075804,-9.41,0.269592169,1026.4,1.247,1,0,10,0,0,0
2023-12-21 11:50,-0.77384021,0.633380873,-0.963840045,3.9,0,46.9,965.8,-333.245,128.499,-0.970126596,0,0,10.995,-8.4,0.242599231,-9.289,0.26648146,1026.4,1.247,1,0,10,0,0,0
2023-12-21 12:00,-0.692143174,0.721760228,-0.963840045,5.6,0,47.7,965.8,-333.245,128.501,-0.963303241,0,0,9.552,-8.6,0.268415473,-9.148,0.26648146,1026.4,1.246,1,0,10,0,0,0
2023-12-21 12:10,-0.963162567,0.268919821,-0.963840045,6.5,0,48,965.6,-333.245,128.616,-0.948428825,0,0,11.074,-8.4,0.316990163,-8.995,0.26648146,1026.2,1.245,1,0,10,0,0,0
2023-12-21 12:20,-0.952129393,0.305695305,-0.963840045,2.6,0,46.5,965.6,-333.245,128.681,-0.967196852,0,0,10.934,-8.4,0.254028047,-8.994,0.26648146,1026.2,1.245,1,0,10,0,0,0
2023-12-21 12:30,-0.99992537,0.012217001,-0.963840045,6.5,0,45.4,965.7,-333.245,128.769,-0.949928432,0,0,10.604,-7.9,0.312467557,-8.746,0.26648146,1026.1,1.244,1,0,10,0,0,0
2023-12-21 12:40,-0.833885822,0.551936985,-0.959047448,5.3,0,43.5,965.7,-332.241,128.89,-0.947277406,0,0,11.219,-7.7,0.3204146,-8.585,0.283245463,1026.1,1.243,1,0,10,0,0,0
2023-12-21 12:50,-0.9952274,0.0975829,-0.918543004,6.3,0,41.9,965.8,-325.414,128.941,-0.931963582,0,0,11.674,-8.2,0.362551902,-8.589,0.395321072,1026.3,1.243,1,0,10,0,0,0
2023-12-21 13:00,-0.872922077,0.487859659,-0.918536104,5.6,0,41.3,965.8,-325.413,128.979,-0.952613712,0,0,11.922,-7.8,0.304182701,-8.436,0.395337104,1026.2,1.243,1,0,10,0,0,0
2023-12-21 13:10,-0.870355696,0.49242356,-0.936519293,5.8,0,41.5,965.7,-328.176,128.933,-0.977342068,0,0,13.453,-7.9,0.211665966,-8.454,0.350616048,1026.1,1.243,1,0,10,0,0,0
2023-12-21 13:20,-0.943222658,0.332161132,-0.963951583,4.2,0,40.3,965.6,-333.269,128.884,-0.970954989,0,0,13.213,-7.6,0.239262218,-8.193,0.266077704,1026,1.242,1,0,10,0,0,0
2023-12-21 13:30,-0.99317065,0.116670737,-0.963914423,5.7,0,39.5,965.7,-333.261,128.922,-0.9793112,0,0,13.463,-7.7,0.20236001,-8.273,0.266212295,1026.1,1.242,1,0,10,0,0,0
2023-12-21 13:40,-0.975534544,0.219846204,-0.964104673,3.9,0,39.6,965.7,-333.302,129.014,-0.970122362,0,0,11.638,-7.4,0.242616163,-8.038,0.265522464,1026,1.241,1,0,10,0,0,0
2023-12-21 13:50,-0.758134336,0.652098404,-0.964164894,5.9,0,38.5,965.7,-333.315,129.125,-0.988800706,0,0,11.749,-7.4,0.149241967,-7.909,0.265303709,1026,1.24,1,0,10,0,0,0
2023-12-21 14:00,-0.89571176,0.444635179,-0.964109307,6.1,0,39.4,965.6,-333.303,129.139,-0.984698452,0,0,11.92,-7.5,0.174266916,-7.793,0.265505637,1025.9,1.24,1,0,10,0,0,0
2023-12-21 14:10,-0.921863152,0.387515586,-0.983514711,5.7,0,38.7,965.6,-338.28,129.079,-0.998619469,0,0,11.999,-7.1,0.052527678,-7.76,0.180828134,1025.8,1.24,1,0,10,0,0,0
2023-12-21 14:20,-0.87630668,0.481753674,-0.996294433,5.7,0,37.4,965.6,-343.768,128.984,-0.997516337,0,0,14.438,-7.3,-0.070435478,-7.774,0.086008151,1025.9,1.24,1,0,10,0,0,0
2023-12-21 14:30,-0.936059536,-0.351841648,-0.999935452,5,0,37.8,965.6,-349.351,128.804,-0.994465194,0,0,15.679,-7.2,-0.105066536,-7.886,-0.011361849,1025.8,1.24,1,0,10,0,0,0
2023-12-21 14:40,-0.999876632,-0.015707317,-0.999935452,4.1,0,39,965.6,-349.351,128.802,-0.995552104,0,0,12.324,-7.1,0.094212568,-7.731,-0.011361849,1025.8,1.239,1,0,10,0,0,0
2023-12-21 14:50,-0.912834177,0.40833046,-0.999935452,8.4,0,37.8,965.7,-349.351,128.899,-0.999953254,0,0,13.473,-7.2,0.009668973,-7.677,-0.011361849,1026,1.239,1,0,10,0,0,0
2023-12-21 15:00,-0.779337965,0.626603811,-0.999936636,7.4,0,37.2,965.7,-349.345,128.903,-0.996998949,0,0,12.685,-7.2,0.077415084,-7.681,-0.011257136,1026,1.239,1,0,10,0,0,0
2023-12-21 15:10,-0.905568799,0.424199423,-0.999938586,4.2,0,38.2,965.7,-349.335,129.027,-0.999831123,0,0,13.115,-7.3,0.018377282,-7.729,-0.011082614,1026,1.239,1,0,10,0,0,0
2023-12-21 15:20,-0.848971688,0.528438335,-0.999935452,4.4,0,38.1,965.6,-349.351,128.877,-0.999613519,0,0,13.501,-7.1,0.027799513,-7.829,-0.011361849,1025.8,1.24,1,0,10,0,0,0
2023-12-21 15:30,-0.900318771,0.435231099,-0.99993644,6,0,38.2,965.7,-349.346,128.975,-0.998780423,0,0,12.941,-7.2,0.049372737,-7.744,-0.011274588,1026,1.24,1,0,10,0,0,0
2023-12-21 15:40,-0.971961001,0.235142113,-0.999936046,4.6,0,38.8,965.7,-349.348,129.113,-0.999363731,0,0,13.055,-7.3,0.035666963,-7.747,-0.011309492,1026,1.24,1,0,10,0,0,0
2023-12-21 15:50,-0.99074784,0.135715572,-0.99993565,4.4,0,38.1,965.8,-349.35,129.206,-0.99985817,0,0,13.432,-7.6,0.016841631,-7.749,-0.011344397,1026.2,1.24,1,0,10,0,0,0
2023-12-21 16:00,-0.858064906,0.513541252,-0.99993565,5.5,0,37.8,966,-349.35,129.411,-0.995594754,0,0,11.223,-7.6,0.093760791,-7.691,-0.011344397,1026.4,1.239,1,0,10,0,0,0
2023-12-21 16:10,-0.889416373,0.457097927,-0.995472827,5.1,0,38.6,966.2,-343.248,129.46,-0.996776078,0,0,12.36,-7.8,0.080233718,-7.994,0.095046566,1026.6,1.241,1,0,10,0,0,0
2023-12-21 16:20,-0.741975841,0.670426619,-0.999459436,5.2,0,39.1,966.2,-346.814,129.201,-0.996235659,0,0,14.359,-7.9,-0.086686287,-8.05,0.032876078,1026.7,1.241,1,0,10,0,0,0
2023-12-21 16:30,-0.925870585,0.377840787,-0.99991928,4.3,0,40.3,966.4,-349.428,129.121,-0.999882054,0,0,12.845,-8,-0.015358294,-8.074,-0.012705655,1026.9,1.241,1,0,10,0,0,0
2023-12-21 16:40,-0.999262916,0.038387809,-0.999919502,6.4,0,41.2,966.4,-349.427,129.193,-0.99999777,0,0,12.108,-8.1,0.002111847,-8.121,-0.012688203,1026.9,1.241,1,0,10,0,0,0
2023-12-21 16:50,-0.975534544,0.219846204,-0.999919058,5.6,0,41.1,966.6,-349.429,129.341,-0.998483338,0,0,10.978,-8.2,0.055054741,-7.886,-0.012723107,1027.2,1.24,1,0,10,0,0,0
2023-12-21 17:00,-0.975534544,0.219846204,-0.999919723,4.4,0,42.3,966.8,-349.426,129.585,-0.999387778,0,0,10.34,-8.3,0.03498671,-8.074,-0.012670751,1027.4,1.241,1,0,10,0,0,0
2023-12-21 17:10,-0.804893797,0.593418887,-0.999439751,5.2,0,42.8,966.9,-346.781,129.848,-0.974169446,0,0,9.406,-8.5,0.225818269,-8.463,0.033469163,1027.6,1.243,1,0,10,0,0,0
2023-12-21 17:20,-0.753563392,0.657375246,-0.992394371,3.1,0,42,966.8,-341.63,129.966,-0.979151965,0,0,10.096,-8.6,0.203129096,-8.833,0.123099197,1027.5,1.245,1,0,10,0,0,0
2023-12-21 17:30,-0.814115518,0.580702956,-0.992349186,5.4,0,37.8,966.9,-341.608,129.872,-0.981597199,0,0,9.662,-8.7,0.190963187,-8.842,0.12346292,1027.6,1.245,1,0,10,0,0,0
2023-12-21 17:40,-0.927836254,0.372987783,-0.992469383,5.6,0,38.9,967.1,-341.664,129.982,-0.983015519,0,0,10.007,-8.9,0.183522447,-8.859,0.122492954,1027.9,1.245,1,0,10,0,0,0
2023-12-21 17:50,-0.999961923,-0.008726535,-0.992432995,5.2,0,39.5,967.3,-341.647,130.123,-0.980198664,0,0,9.947,-9,0.198016615,-8.885,0.122787421,1028.1,1.245,1,0,10,0,0,0
2023-12-21 18:00,-0.877982975,-0.478691858,-0.97868856,3.8,0,40,967.5,-336.85,130.31,-0.967722367,0,0,10.227,-9.1,0.252018689,-8.975,0.205350197,1028.4,1.245,1,0,10,0,0,0
2023-12-21 18:10,-0.878817113,0.47715876,-0.965536255,5.8,0,40.9,967.6,-333.614,130.443,-0.975546054,0,0,12.124,-9.3,0.219795125,-9.109,0.260268591,1028.5,1.246,1,0,10,0,0,0
2023-12-21 18:20,-0.748955721,0.662620048,-0.965794702,5.9,0,41.7,967.7,-333.671,130.497,-0.970724867,0,0,12.364,-9.3,0.240194158,-9.208,0.259307911,1028.6,1.246,1,0,10,0,0,0
2023-12-21 18:30,-0.75470958,0.656059029,-0.965871598,4.6,0,42.8,967.8,-333.688,130.422,-0.969149229,0,0,11.773,-9.6,0.246474689,-9.491,0.259021342,1028.8,1.248,1,0,10,0,0,0
2023-12-21 18:40,-0.902585284,0.430511097,-0.965767543,5.1,0,43.9,967.9,-333.665,130.178,-0.971250733,0,0,11.52,-9.7,0.238058843,-9.575,0.259409047,1028.9,1.248,1,0,10,0,0,0
2023-12-21 18:50,-0.81613759,0.577857624,-0.965830899,3.6,0,45.2,967.9,-333.679,130.21,-0.966362615,0,0,12.001,-9.9,0.257183392,-9.557,0.259173058,1029,1.248,1,0,10,0,0,0
2023-12-21 19:00,-0.89179753,0.452434709,-0.965871598,3.3,0,46.6,968.1,-333.688,130.248,-0.962611415,0,0,11.982,-10.1,0.27088607,-9.674,0.259021342,1029.3,1.249,1,0,10,0,0,0
2023-12-21 19:10,-0.997801468,-0.0662739,-0.965835423,3.6,0,46.2,968.1,-333.68,130.321,-0.971825407,0,0,9.713,-10,0.235701883,-9.831,0.259156201,1029.2,1.249,1,0,10,0,0,0
2023-12-21 19:20,-0.776046407,0.630675807,-0.965871598,4,0,46.2,968.2,-333.688,130.488,-0.981630514,0,0,9.649,-10.1,0.190791863,-9.951,0.259021342,1029.4,1.25,1,0,10,0,0,0
2023-12-21 19:30,-0.999194395,0.040131793,-0.965871598,4.7,0,45.3,968.2,-333.688,130.609,-0.991605846,0,0,10.974,-10.1,0.12929751,-9.98,0.259021342,1029.4,1.25,1,0,10,0,0,0
2023-12-21 19:40,-0.892585818,0.450877541,-0.984493996,2.7,0,46.8,968.3,-338.596,130.562,-0.998894802,0,0,11.713,-10.3,0.047001847,-10.01,0.175418274,1029.5,1.25,1,0,10,0,0,0
2023-12-21 19:50,-0.64278761,0.766044443,-0.992541897,4,0,48,968.4,-341.698,130.535,-0.993530298,0,0,11.148,-10.3,0.113567369,-9.963,0.12190399,1029.6,1.25,1,0,10,0,0,0
2023-12-21 20:00,-0.998134798,0.06104854,-0.992633105,2.5,0,49.1,968.4,-341.741,130.561,-0.993348671,0,0,9.923,-10.4,0.115145199,-10.057,0.121159061,1029.7,1.25,1,0,10,0,0,0
2023-12-21 20:10,-0.952661481,0.304033061,-0.992633105,3.7,0,50,968.6,-341.741,130.657,-0.994056338,0,0,10.796,-10.4,0.108866875,-10.019,0.121159061,1029.9,1.25,1,0,10,0,0,0
2023-12-21 20:20,-0.986572162,0.163325962,-0.992633105,4.2,0,50.6,968.6,-341.741,130.664,-0.998805285,0,0,10.972,-10.4,0.048867202,-10.178,0.121159061,1029.9,1.251,1,0,10,0,0,0
2023-12-21 20:30,-0.807989884,0.589196357,-0.992633105,4.7,0,50.5,968.7,-341.741,130.623,-0.993536243,0,0,11.523,-10.4,0.113515348,-10.236,0.121159061,1030,1.251,1,0,10,0,0,0
2023-12-21 20:40,-0.89179753,0.452434709,-0.992633105,3.4,0,50.1,968.6,-341.741,130.624,-0.990700406,0,0,10.349,-10.4,0.1360614,-10.327,0.121159061,1029.9,1.252,1,0,10,0,0,0
2023-12-21 20:50,-0.932323801,0.36162457,-0.992633105,4,0,52,968.6,-341.741,130.589,-0.984710616,0,0,10.817,-10.5,0.174198171,-10.626,0.121159061,1029.9,1.253,1,0,10,0,0,0
2023-12-21 21:00,-0.799684658,0.600420225,-0.992622528,3.7,0,52,968.5,-341.736,130.234,-0.987529477,0,0,10.548,-10.6,0.157434213,-10.704,0.121245684,1029.8,1.254,1,0,10,0,0,0
2023-12-21 21:10,-0.943800952,0.330514393,-0.992633105,5.8,0,51.1,968.5,-341.741,130.121,-0.996740975,0,0,11.182,-10.6,0.080668636,-10.63,0.121159061,1029.8,1.253,1,0,10,0,0,0
2023-12-21 21:20,-0.96944535,0.245307386,-0.992633105,4.9,0,49.5,968.5,-341.741,130.028,-0.996517643,0,0,12.06,-10.6,0.083382174,-10.661,0.121159061,1029.8,1.253,1,0,10,0,0,0
2023-12-21 21:30,-0.993960955,0.109734311,-0.992628876,6.3,0,50,968.5,-341.739,129.926,-0.984865283,0,0,11.383,-10.7,0.173321594,-10.709,0.12119371,1029.8,1.254,1,0,10,0,0,0
2023-12-21 21:40,-0.893371388,0.449318999,-0.992633105,4.8,0,50.3,968.6,-341.741,129.854,-0.997256648,0,0,11.449,-10.8,0.074021463,-10.717,0.121159061,1030,1.254,1,0,10,0,0,0
2023-12-21 21:50,-0.797583929,0.603207988,-0.992633105,4.7,0,51,968.6,-341.741,129.811,-0.999526099,0,0,11.938,-10.9,0.030782744,-10.702,0.121159061,1030,1.253,1,0,10,0,0,0
2023-12-21 22:00,-0.68199836,0.731353702,-0.992633105,5.7,0,50.8,968.7,-341.741,129.739,-0.999788292,0,0,11.358,-11,0.02057598,-10.771,0.121159061,1030.1,1.254,1,0,10,0,0,0
2023-12-21 22:10,-0.85536426,0.518027009,-0.992633105,3.1,0,50.6,968.7,-341.741,129.681,-0.999780683,0,0,11.239,-11,0.02094242,-10.827,0.121159061,1030.1,1.254,1,0,10,0,0,0
2023-12-21 22:20,-0.937281989,0.348572047,-0.992633105,2.8,0,50.8,968.8,-341.741,129.642,-0.995259705,0,0,10.853,-11.1,0.097252864,-10.855,0.121159061,1030.3,1.254,1,0,10,0,0,0
2023-12-21 22:30,-0.983254908,0.182235525,-0.992633105,4.5,0,50.6,969,-341.741,129.705,-0.99931941,0,0,10.593,-11.1,0.03688789,-10.793,0.121159061,1030.5,1.254,1,0,10,0,0,0
2023-12-21 22:40,-0.675590208,0.737277337,-0.992633105,3.3,0,51.8,969.1,-341.741,129.783,-0.997521252,0,0,10.97,-11.3,0.070365838,-10.808,0.121159061,1030.5,1.254,1,0,10,0,0,0
2023-12-21 22:50,-0.826098294,0.563526049,-0.992633105,3.6,0,52.1,969.2,-341.741,129.793,-0.999358117,0,0,11.802,-11.2,0.035823943,-10.873,0.121159061,1030.6,1.254,1,0,10,0,0,0
2023-12-21 23:00,-0.884580975,0.46638664,-0.992633105,3.3,0,53.4,969.2,-341.741,129.71,-0.999006668,0,0,12.502,-11.3,0.044560949,-10.933,0.121159061,1030.6,1.255,1,0,10,0,0,0
2023-12-21 23:10,-0.743144825,0.669130606,-0.992633105,6,0,54.1,969.4,-341.741,129.53,-0.999993474,0,0,13.304,-11.2,0.003612824,-10.996,0.121159061,1030.8,1.255,1,0,10,0,0,0
2023-12-21 23:20,-0.973178873,0.230049737,-0.992633105,3.6,0,54.5,969.4,-341.741,129.257,-0.999998739,0,0,12.971,-11.3,-0.001588249,-11.064,0.121159061,1030.9,1.255,1,0,10,0,0,0
2023-12-21 23:30,-0.990023658,-0.140901232,-0.992633105,3,0,55,969.4,-341.741,129.007,-0.999117707,0,0,12.389,-11.4,0.041997719,-11.09,0.121159061,1030.9,1.255,1,0,10,0,0,0
2023-12-21 23:40,-0.949425478,0.313992456,-0.992633105,4,0,54.9,969.6,-341.741,128.908,-0.998565784,0,0,11.541,-11.4,0.053538545,-11.177,0.121159061,1031.1,1.256,1,0,10,0,0,0
2023-12-21 23:50,-0.866025404,0.5,-0.992633105,2.8,0,55.6,969.6,-341.741,128.964,-0.998475641,0,0,11.568,-11.5,0.055194155,-11.204,0.121159061,1031.1,1.256,1,0,10,0,0,0
2023-12-22 0:00,-0.815127796,0.579281172,-0.992633105,4.5,0,56.5,969.5,-341.741,128.947,-0.999940314,0,0,12.192,-11.5,0.010925544,-11.25,0.121159061,1031,1.256,1,0,10,0,0,0
2023-12-22 0:10,-0.802817475,0.596224875,-0.994607306,2.3,0,56,969.4,-342.749,128.716,-0.999192292,0,0,13.514,-11.5,-0.04018411,-11.192,0.103712617,1030.9,1.256,1,0,10,0,0,0
2023-12-22 0:20,-0.961261696,0.275637356,-0.9998637,4.4,0,58.6,969.4,-349.646,128.445,-0.998953078,0,0,13.303,-11.5,-0.045746562,-11.192,-0.016510065,1030.9,1.256,1,0,10,0,0,0
2023-12-22 0:30,-0.977415894,-0.211324796,-0.9998637,5,0,58.1,969.2,-349.646,128.262,-0.997496629,0,0,13.802,-11.4,-0.070714034,-11.123,-0.016510065,1030.7,1.256,1,0,10,0,0,0
2023-12-22 0:40,-0.953716951,-0.3007058,-0.999851027,2.6,0,59.3,969.1,-349.689,128.066,-0.999119172,0,0,13.061,-11.5,-0.041962843,-11.164,-0.017260449,1030.6,1.256,1,0,10,0,0,0
2023-12-22 0:50,-0.996637387,-0.081938509,-0.999841542,4.6,0,62,969,-349.72,127.977,-0.999893808,0,0,13.193,-11.6,-0.014572983,-11.166,-0.017801418,1030.5,1.256,1,0,10,0,0,0
2023-12-22 1:00,-0.862513669,0.506033764,-0.999841542,4.4,0,60,968.9,-349.72,127.987,-0.999953254,0,0,12.614,-11.4,-0.009668973,-11.217,-0.017801418,1030.4,1.256,1,0,10,0,0,0
2023-12-22 1:10,-0.996637387,0.081938509,-0.999841542,2.7,0,60.5,968.9,-349.72,127.97,-0.999954428,0,0,12.465,-11.4,-0.009546806,-11.317,-0.017801418,1030.4,1.256,1,0,10,0,0,0
2023-12-22 1:20,-0.901077021,0.433659085,-0.999841542,2.7,0,62.2,968.8,-349.72,127.962,-0.999410163,0,0,11.555,-11.6,-0.034341326,-11.435,-0.017801418,1030.3,1.257,1,0,10,0,0,0
2023-12-22 1:30,-0.977415894,0.211324796,-0.999841542,2.9,0,63.4,968.7,-349.72,127.968,-0.999617391,0,0,11.429,-11.7,-0.02765994,-11.486,-0.017801418,1030.2,1.257,1,0,10,0,0,0
2023-12-22 1:40,-0.999780683,-0.02094242,-0.999841542,2.5,0,63.3,968.6,-349.72,128,-0.999548395,0,0,11.668,-11.6,-0.030050045,-11.482,-0.017801418,1030.1,1.257,1,0,10,0,0,0
2023-12-22 1:50,-0.986285602,-0.165047606,-0.999841542,2.8,0,64.1,968.6,-349.72,128.056,-0.999785409,0,0,12.481,-11.7,-0.020715576,-11.5,-0.017801418,1030.1,1.257,1,0,10,0,0,0
2023-12-22 2:00,-0.938493023,-0.345298199,-0.999841542,4.9,0,64.5,968.5,-349.72,128.031,-0.999461156,0,0,12.414,-11.7,-0.032823746,-11.564,-0.017801418,1030,1.258,1,0,10,0,0,0
2023-12-22 2:10,-0.966376079,0.257132793,-0.999841542,4,0,65.5,968.8,-349.72,127.91,-0.999637868,0,0,12.628,-11.7,-0.026909728,-11.64,-0.017801418,1030.3,1.258,1,0,10,0,0,0
2023-12-22 2:20,-0.999194395,0.040131793,-0.999841542,4.4,0,65,968.9,-349.72,127.802,-0.999199989,0,0,13.11,-11.6,-0.039992278,-11.607,-0.017801418,1030.4,1.258,1,0,10,0,0,0
2023-12-22 2:30,-0.868631514,0.495458668,-0.999841542,4.3,0,63.2,968.8,-349.72,127.644,-0.999416737,0,0,13.578,-11.6,-0.034149453,-11.615,-0.017801418,1030.3,1.258,1,0,10,0,0,0
2023-12-22 2:40,-0.981958713,0.189095443,-0.999841542,2.3,0,64.2,968.7,-349.72,127.51,-0.999645343,0,0,14.048,-11.6,-0.026630576,-11.531,-0.017801418,1030.2,1.257,1,0,10,0,0,0
2023-12-22 2:50,-0.957822495,-0.28736052,-0.999841542,3.2,0,65.1,968.7,-349.72,127.369,-0.999870528,0,0,12.939,-11.7,-0.016091241,-11.638,-0.017801418,1030.2,1.258,1,0,10,0,0,0
2023-12-22 3:00,-0.959805292,0.280666709,-0.999841542,7.5,0,64.1,968.5,-349.72,127.303,-0.999934057,0,0,13.634,-11.6,0.011484014,-11.652,-0.017801418,1030,1.258,1,0,10,0,0,0
2023-12-22 3:10,-0.939692621,0.342020143,-0.999841542,6.3,0,65,968.5,-349.72,127.024,-0.999990708,0,0,13.233,-11.7,-0.00431095,-11.856,-0.017801418,1030,1.259,1,0,10,0,0,0
2023-12-22 3:20,-0.903335293,0.428935133,-0.999841542,4.3,0,65.8,968.5,-349.72,126.918,-0.999881249,0,0,13.403,-11.9,0.015410647,-11.727,-0.017801418,1030.1,1.258,1,0,10,0,0,0
2023-12-22 3:30,-0.887010833,0.461748613,-0.999841542,5.1,0,66.9,968.6,-349.72,126.928,-0.997611301,0,0,12.799,-12,0.069077437,-11.732,-0.017801418,1030.2,1.258,1,0,10,0,0,0
2023-12-22 3:40,-0.939094252,0.343659695,-0.999841542,3.9,0,67,968.4,-349.72,126.992,-0.999856696,0,0,13.956,-12,0.016928885,-11.739,-0.017801418,1030,1.258,1,0,10,0,0,0
2023-12-22 3:50,-0.700909264,0.713250449,-0.999841542,6.5,0,67.9,968.3,-349.72,127.003,-0.997640148,0,0,15.111,-12.1,-0.068659553,-11.778,-0.017801418,1029.9,1.259,1,0,10,0,0,0
2023-12-22 4:00,-0.971961001,0.235142113,-0.999841542,7.4,0,68,968.4,-349.72,126.934,-0.999924085,0,0,13.869,-12.1,0.012321713,-11.961,-0.017801418,1030,1.26,1,0,10,0,0,0
2023-12-22 4:10,-0.997314477,0.073238197,-0.999841542,4.7,0,68.6,968.3,-349.72,126.622,-0.998189793,0,0,15.198,-12.2,-0.060142636,-11.948,-0.017801418,1029.9,1.259,1,0,10,0,0,0
2023-12-22 4:20,-0.962691746,0.270600446,-0.999841542,6.9,0,69.2,968.3,-349.72,126.512,-0.999176081,0,0,15.074,-12.3,-0.040585208,-11.857,-0.017801418,1030,1.259,1,0,10,0,0,0
2023-12-22 4:30,-0.805928282,0.592013179,-0.999842163,7.6,0,70.1,968.3,-349.718,126.536,-0.999405358,0,0,14.398,-12.4,0.03448087,-11.85,-0.017766517,1030,1.259,1,0,10,0,0,0
2023-12-22 4:40,-0.788010754,0.615661475,-0.999841542,4.3,0,69.7,968.3,-349.72,126.563,-0.999485508,0,0,14.625,-12.4,-0.03207365,-11.975,-0.017801418,1030,1.26,1,0,10,0,0,0
2023-12-22 4:50,-0.919135339,0.39394191,-0.999841542,5.8,0,68.9,968.3,-349.72,126.574,-0.999995174,0,0,13.647,-12.4,0.003106681,-12.055,-0.017801418,1030,1.26,1,0,10,0,0,0
2023-12-22 5:00,-0.898027576,0.43993917,-0.999841542,5.2,0,67.7,968.3,-349.72,126.488,-0.999801371,0,0,14.368,-12.4,-0.01993034,-12.315,-0.017801418,1030,1.261,1,0,10,0,0,0
2023-12-22 5:10,-0.990509463,0.137444546,-0.999841853,4.4,0,68.4,968.6,-349.719,126.25,-0.999969568,0,0,13.223,-12.6,0.007801543,-12.194,-0.017783968,1030.4,1.261,1,0,10,0,0,0
2023-12-22 5:20,-0.985703469,0.16848938,-0.999841542,5.3,0,65.9,968.7,-349.72,126.256,-0.999926008,0,0,11.681,-12.5,0.012164645,-12.156,-0.017801418,1030.4,1.26,1,0,10,0,0,0
2023-12-22 5:30,-0.79863551,0.601815023,-0.999841542,6.3,0,65.6,968.7,-349.72,126.457,-0.999056577,0,0,10.664,-12.7,0.043427583,-12.203,-0.017801418,1030.5,1.261,1,0,10,0,0,0
2023-12-22 5:40,-0.85536426,0.518027009,-0.999841542,4.8,0,63.3,968.6,-349.72,126.715,-0.999964615,0,0,13.456,-12.7,0.008412388,-12.275,-0.017801418,1030.4,1.261,1,0,10,0,0,0
2023-12-22 5:50,-0.844327926,0.535826795,-0.999841542,4.7,0,61.6,968.7,-349.72,126.773,-0.999793645,0,0,13.521,-12.7,0.020314235,-12.33,-0.017801418,1030.5,1.261,1,0,10,0,0,0
2023-12-22 6:00,-0.777145961,0.629320391,-0.999843401,7.6,0,60.9,968.8,-349.714,126.728,-0.999729782,0,0,14.522,-12.8,0.023245692,-12.629,-0.017696715,1030.6,1.263,1,0,10,0,0,0
2023-12-22 6:10,-0.921185406,0.38912395,-0.999841542,5.1,0,61.5,968.7,-349.72,126.492,-0.996841559,0,0,14.203,-12.9,0.079416031,-12.629,-0.017801418,1030.5,1.263,1,0,10,0,0,0
2023-12-22 6:20,-0.956304756,0.292371705,-0.999844634,5.8,0,62,968.7,-349.71,126.496,-0.999986201,0,0,15.715,-13,-0.005253417,-12.562,-0.017626913,1030.6,1.262,1,0,10,0,0,0
2023-12-22 6:30,-0.986285602,0.165047606,-0.999960849,5.5,0,63.2,968.8,-349.405,126.532,-0.989756307,0,0,13.739,-13.1,0.142767131,-12.743,-0.008848704,1030.7,1.263,1,0,10,0,0,0
2023-12-22 6:40,-0.834847863,0.55048074,-0.992156209,7,0,65.2,969,-341.519,126.652,-0.983025127,0,0,15.115,-13.2,0.183470976,-12.841,0.125004229,1030.9,1.264,1,0,10,0,0,0
2023-12-22 6:50,-0.884580975,0.46638664,-0.992156209,5.2,0,65.5,969,-341.519,126.592,-0.994607306,0,0,16.461,-13.2,0.103712617,-13.007,0.125004229,1030.9,1.265,1,0,10,0,0,0
2023-12-22 7:00,-0.829037573,0.559192903,-0.992156209,4.3,0,64.9,968.9,-341.519,126.391,-0.999513662,0,0,17.748,-13.2,0.031183977,-13.075,0.125004229,1030.8,1.265,1,0,10,0,0,0
2023-12-22 7:10,-0.822144041,0.569279523,-0.992156209,7.3,0,64.9,968.9,-341.519,126.156,-0.999814369,0,0,19.39,-13.2,0.019267243,-12.98,0.125004229,1030.8,1.264,1,0,10,0,0,0
2023-12-22 7:20,-0.953190668,0.302369891,-0.996819343,5.5,0,64.2,968.9,-344.131,125.905,-0.999857581,0,0,19.759,-13.2,-0.016876533,-12.917,0.079694399,1030.8,1.264,1,0,10,0,0,0
2023-12-22 7:30,-0.96944535,0.245307386,-0.999949292,6.8,0,62.6,969,-349.277,125.771,-0.999928534,0,0,18.719,-13.1,-0.011955221,-12.736,-0.01007038,1030.9,1.263,1,0,10,0,0,0
2023-12-22 7:40,-0.907777479,0.419452082,-0.999949292,6.4,0,60.6,969,-349.277,125.719,-0.998954674,0,0,17.587,-13,0.045711692,-12.642,-0.01007038,1030.9,1.263,1,0,10,0,0,0
2023-12-22 7:50,-0.871213811,0.490903754,-0.999952747,6.1,0,60.1,969.2,-349.257,125.797,-0.991838906,0,0,16.012,-13,0.127497392,-12.67,-0.009721331,1031.1,1.263,1,0,10,0,0,0
2023-12-22 8:00,-0.794414621,0.60737584,-0.998980837,7.1,0,59.5,969.3,-346.113,125.976,-0.988470115,0,0,14.76,-13,0.151416091,-12.714,0.045136328,1031.2,1.263,1,0,10,0,0,0
2023-12-22 8:10,-0.89179753,0.452434709,-0.992942758,5.6,0,57.9,969.5,-341.889,126.006,-0.994684861,0,0,16.255,-12.9,0.102966144,-12.584,0.118594602,1031.4,1.263,1,0,10,0,0,0
2023-12-22 8:20,-0.828060335,0.560638995,-0.992942758,5.7,0,57.8,969.7,-341.889,126.07,-0.976480752,0,0,14.545,-13,0.215604595,-12.448,0.118594602,1031.6,1.262,1,0,10,0,0,0
2023-12-22 8:30,-0.996917334,0.078459096,-0.992822197,6.2,0,56.6,969.9,-341.831,126.11,-0.981680429,0,0,16.283,-12.9,0.190534866,-12.527,0.119599688,1031.8,1.262,1,0,10,0,0,0
2023-12-22 8:40,-0.97957525,0.201077921,-0.99278876,5.2,0,56.1,970.3,-341.815,125.954,-0.974051074,0,0,16.512,-12.9,0.226328312,-12.418,0.119876931,1032.2,1.262,1,0,10,0,0,0
2023-12-22 8:50,-0.830012285,0.557745109,-0.99278876,7.5,0,54.7,970.6,-341.815,126.132,-0.975446213,0,0,17.512,-12.8,0.220237791,-12.169,0.119876931,1032.5,1.261,1,0,8.333,0,0,0
2023-12-22 9:00,-0.921185406,0.38912395,-0.99278876,7.3,0,54.7,970.6,-341.815,126.218,-0.989761289,0,0,19.612,-12.7,0.142732582,-12.024,0.119876931,1032.5,1.26,1,0,10,0,0,0
2023-12-22 9:10,-0.890212805,0.455544907,-0.99278876,6,0,53.1,970.6,-341.815,126.254,-0.979781789,0,0,18.578,-12.6,0.200069103,-12.04,0.119876931,1032.5,1.26,1,0,10,0,0,0
2023-12-22 9:20,-0.859852272,0.510542918,-0.992786667,4.8,0,51.8,970.6,-341.814,126.361,-0.98377563,0,0,18.697,-12.3,0.179403203,-11.926,0.119894259,1032.4,1.259,1,0,10,0,0,0
2023-12-22 9:30,-0.976296007,0.216439614,-0.99278876,5.8,0,48.6,970.7,-341.815,126.341,-0.985726985,0,0,19.728,-12.2,0.168351748,-12.095,0.119876931,1032.5,1.26,1,0,10,0,0,0
2023-12-22 9:40,-0.962691746,0.270600446,-0.992786667,9.1,0,48,970.9,-341.814,126.159,-0.992797126,0,0,18.54,-11.9,0.119807621,-11.743,0.119894259,1032.6,1.258,1,0,3.8,0,0,0.3
2023-12-22 9:50,-0.94776841,0.318959309,-0.99278876,5.9,0,45.9,971.1,-341.815,126.343,-0.983719221,0,0,17.407,-11.6,0.179712256,-11.555,0.119876931,1032.7,1.258,1,0,9.633,0,0,0.3
2023-12-22 10:00,-0.725374371,0.688354576,-0.992641561,7.6,0,46.3,971,-341.745,126.345,-0.979395878,0,0,17.393,-11.4,0.201949779,-11.392,0.121089762,1032.6,1.257,1,0,10,0,0,0
2023-12-22 10:10,-0.89648643,0.443071191,-0.992633105,8.4,0,45,971,-341.741,126.296,-0.982031248,0,0,17.531,-11,0.188718384,-11.22,0.121159061,1032.6,1.256,1,0,10,0,0,0
2023-12-22 10:20,-0.795473481,0.6059884,-0.991960837,6.3,0,44.3,971.1,-341.43,126.264,-0.980529068,0,0,18.786,-10.7,0.196373999,-10.959,0.126545236,1032.6,1.255,1,0,10,0,0,0
2023-12-22 10:30,-0.884580975,0.46638664,-0.991169314,8.6,0,44.6,971.1,-341.08,126.17,-0.981393334,0,0,18.876,-10.5,0.192008137,-10.846,0.132602382,1032.5,1.254,1,2.8,2.1,0,0,3.633
2023-12-22 10:40,-0.99505557,0.09931975,-0.991160054,7.8,0,44.5,971.1,-341.076,126.383,-0.986469346,0,0,17.148,-10.2,0.163945812,-10.797,0.132671578,1032.5,1.254,1,0,9.267,0,0,0.7
2023-12-22 10:50,-0.994702817,0.102792537,-0.991160054,9,0,43.7,971.1,-341.076,126.326,-0.993259953,0,0,16.946,-10.1,0.115908002,-10.604,0.132671578,1032.4,1.253,1,0,10,0,0,0
2023-12-22 11:00,-0.999902524,0.01396218,-0.991160054,4.3,0,43.8,971,-341.076,126.249,-0.990238899,0,0,15.775,-9.7,0.139380499,-10.371,0.132671578,1032.2,1.252,1,0,10,0,0,0
2023-12-22 11:10,-0.904827052,0.425779292,-0.991160054,6,0,42.3,971.2,-341.076,126.312,-0.987430364,0,0,15.131,-9.7,0.158054665,-10.101,0.132671578,1032.4,1.251,1,0,10,0,0,0
2023-12-22 11:20,-0.957822495,-0.28736052,-0.991160054,4.3,0,43,971.2,-341.076,126.502,-0.975369277,0,0,13.037,-9.3,0.220578273,-9.768,0.132671578,1032.3,1.249,1,0,10,0,0,0
2023-12-22 11:30,-0.81004164,0.586372357,-0.991160054,6.8,0,41.4,971.2,-341.076,126.789,-0.987485475,0,0,11.806,-9.1,0.157709977,-9.541,0.132671578,1032.3,1.248,1,0,10,0,0,0
2023-12-22 11:40,-0.802817475,0.596224875,-0.991160054,4.5,0,40.4,971.2,-341.076,127.045,-0.983640713,0,0,12.923,-8.8,0.180141468,-9.355,0.132671578,1032.2,1.247,1,0,10,0,0,0
2023-12-22 11:50,-0.999945169,0.010471784,-0.991160054,5.3,0,40,971.3,-341.076,127.225,-0.9796909,0,0,11.627,-8.6,0.200513693,-9.112,0.132671578,1032.3,1.246,1,0,10,0,0,0
2023-12-22 12:00,-0.999450216,-0.033155178,-0.991160054,5.6,0,41.3,971.1,-341.076,127.391,-0.992338408,0,0,12.86,-8.7,0.123549518,-8.95,0.132671578,1032.1,1.245,1,0,10,0,0,0
2023-12-22 12:10,-0.99121554,0.13225639,-0.991160054,3.8,0,41.2,971,-341.076,127.493,-0.99319303,0,0,13.324,-8.3,0.11648006,-8.854,0.132671578,1031.9,1.245,1,0,10,0,0,0
2023-12-22 12:20,-0.976296007,0.216439614,-0.991160054,4.3,0,40.1,970.9,-341.076,127.586,-0.993249835,0,0,12.853,-8.3,0.11599468,-8.652,0.132671578,1031.8,1.244,1,0,10,0,0,0
2023-12-22 12:30,-0.828060335,0.560638995,-0.991160054,5.9,0,40.1,971.1,-341.076,127.717,-0.99577453,0,0,12.313,-7.9,0.091831835,-8.524,0.132671578,1031.9,1.243,1,0,10,0,0,0
2023-12-22 12:40,-0.763796029,0.645457688,-0.991160054,5.7,0,39.2,971,-339.939,127.835,-0.991250131,0,0,12.512,-7.7,0.131996886,-8.361,0.132671578,1031.7,1.242,1,0,10,0,0,0
2023-12-22 12:50,-0.940288127,0.34037955,-0.991160054,5.8,0,38.7,970.9,-341.076,127.976,-0.98755145,0,0,12.096,-7.5,0.157296326,-8.222,0.132671578,1031.6,1.242,1,0,10,0,0,0
2023-12-22 13:00,-0.997440783,0.071497444,-0.991160054,4.5,0,38.1,970.9,-341.076,128.056,-0.994910649,0,0,11.982,-7.3,0.100761106,-8.254,0.132671578,1031.5,1.242,1,0,10,0,0,0
2023-12-22 13:10,-0.973178873,0.230049737,-0.991160054,4.6,0,37.3,970.8,-341.076,127.962,-0.996600102,0,0,12.925,-7.3,0.08239076,-8.06,0.132671578,1031.4,1.241,1,0,10,0,0,0
2023-12-22 13:20,-0.888617233,0.458649554,-0.991160054,5.8,0,37.2,970.7,-341.076,128.06,-0.998326712,0,0,13.211,-6.8,0.05782539,-7.896,0.132671578,1031.2,1.24,1,0,10,0,0,0
2023-12-22 13:30,-0.97154912,0.236838146,-0.991160054,5.3,0,36.1,970.6,-341.076,128.161,-0.999914099,0,0,14.15,-6.9,-0.013107047,-7.819,0.132671578,1031.1,1.24,1,0,10,0,0,0
2023-12-22 13:40,-0.81004164,0.586372357,-0.999999143,5.7,0,37.1,970.5,-348.624,128.132,-0.998156048,0,0,15.477,-6.7,-0.060700121,-7.68,0.001308997,1030.9,1.239,1,0,10,0,0,0
2023-12-22 13:50,0.815127796,-0.579281172,-0.999982081,4,0,36.6,970.4,-349.043,128.234,-0.995698865,0,0,13.803,-6.6,0.092648643,-7.505,-0.005986444,1030.8,1.238,1,0,10,0,0,0
2023-12-22 14:00,-0.999847695,-0.017452406,-0.999982393,4.9,0,37.5,970.5,-349.04,128.524,-0.995697247,0,0,13.571,-6.9,0.092666021,-7.388,-0.005934085,1031,1.238,1,0,10,0,0,0
2023-12-22 14:10,-0.966376079,0.257132793,-0.997803781,5.8,0,37.3,970.5,-344.902,128.698,-0.983794412,0,0,14.484,-7,0.179300181,-7.563,0.066239071,1031,1.239,1,0,10,0,0,0
2023-12-22 14:20,-0.953190668,0.302369891,-0.99171606,6.8,0,37,970.6,-341.32,128.602,-0.985369254,0,0,14.634,-6.9,0.170433077,-7.514,0.12844943,1031.1,1.238,1,0,10,0,0,0
2023-12-22 14:30,-0.841510782,0.54024032,-0.991671162,7.6,0,37.2,970.8,-341.3,128.696,-0.985929012,0,0,14.592,-6.9,0.167164537,-7.425,0.128795597,1031.3,1.238,1,0,10,0,0,0
2023-12-22 14:40,-0.853550797,0.521009632,-0.991653169,5.8,0,36.7,970.8,-341.292,128.865,-0.987099964,0,0,14.964,-7,0.160105158,-7.334,0.128934059,1031.3,1.238,1,0,10,0,0,0
2023-12-22 14:50,-0.756995056,0.653420604,-0.991668914,5.4,0,37.4,971,-341.299,129.027,-0.988722427,0,0,14.348,-6.9,0.149759681,-7.278,0.128812904,1031.5,1.237,1,0,10,0,0,0
2023-12-22 15:00,-0.845261833,0.534352349,-0.991666666,6.1,0,38,971.2,-341.298,128.982,-0.985591506,0,0,13.798,-6.6,0.169143086,-7.547,0.128830212,1031.6,1.239,1,0,10,0,0,0
2023-12-22 15:10,-0.994880709,0.101056297,-0.991666666,4.4,0,37.3,971.1,-341.298,128.991,-0.979233427,0,0,13.933,-6.9,0.202736023,-7.246,0.128830212,1031.6,1.237,1,0,10,0,0,0
2023-12-22 15:20,-0.994521895,0.104528463,-0.991666666,3.2,0,36.5,971.1,-341.298,129.148,-0.988247065,0,0,12.846,-6.9,0.1528651,-7.205,0.128830212,1031.6,1.237,1,0,10,0,0,0
2023-12-22 15:30,-0.848048096,0.529919264,-0.991668914,6.6,0,36.3,971.4,-341.299,129.262,-0.97882811,0,0,13.044,-7,0.204683977,-7.157,0.128812904,1032,1.237,1,0,10,0,0,0
2023-12-22 15:40,-0.780430407,0.625242656,-0.99165767,5.1,0,37.6,971.4,-341.294,129.386,-0.988904655,0,0,16.022,-6.8,0.148551618,-7.203,0.128899443,1031.9,1.237,1,0,10,0,0,0
2023-12-22 15:50,-0.893371388,0.449318999,-0.99165542,6.6,0,37.2,971.5,-341.293,129.384,-0.98905195,0,0,14.729,-7,0.147567745,-7.425,0.128916751,1032.1,1.238,1,0,10,0,0,0
2023-12-22 16:00,-0.887815385,0.460199785,-0.991662168,6,0,37.2,971.6,-341.296,129.209,-0.98995715,0,0,15.413,-7.2,0.141367754,-7.392,0.128864828,1032.2,1.238,1,0,10,0,0,0
2023-12-22 16:10,-0.918446381,0.395545503,-0.991666666,5.4,0,37.4,971.7,-341.298,129.191,-0.994354624,0,0,14.507,-7.4,0.10610788,-7.417,0.128830212,1032.4,1.238,1,0,10,0,0,0
2023-12-22 16:20,-0.980614659,0.195946144,-0.991666666,5.2,0,37.6,971.7,-341.298,129.158,-0.994426619,0,0,14.571,-7.5,0.10543102,-7.438,0.128830212,1032.4,1.238,1,0,10,0,0,0
2023-12-22 16:30,-0.977415894,0.211324796,-0.991666666,4.8,0,37.4,971.8,-341.298,129.108,-0.999348074,0,0,15.837,-7.6,0.036103015,-7.538,0.128830212,1032.5,1.239,1,0,10,0,0,0
2023-12-22 16:40,-0.909961271,0.414693243,-0.991666666,4.1,0,38,972,-341.298,129.028,-0.999804834,0,0,15.657,-7.7,0.019755842,-7.628,0.128830212,1032.8,1.239,1,0,10,0,0,0
2023-12-22 16:50,-0.948876012,0.315649037,-0.998838316,5.3,0,38.9,972.1,-345.937,128.937,-0.999570666,0,0,16.375,-7.9,-0.029299884,-7.405,0.048187326,1032.9,1.238,1,0,10,0,0,0
2023-12-22 17:00,-0.919821497,0.392337117,-0.999961465,4.4,0,40.3,972.2,-349.203,128.951,-0.999785409,0,0,15.185,-8,0.020715576,-7.472,-0.008778893,1033.1,1.238,1,0,10,0,0,0
2023-12-22 17:10,-0.839619865,0.54317445,-0.999961465,4.6,0,39.3,972.2,-349.203,128.908,-0.999701916,0,0,16.033,-8.1,-0.02441473,-8.145,-0.008778893,1033.1,1.241,1,0,10,0,0,0
2023-12-22 17:20,-0.994150964,0.107999356,-0.999961465,5.6,0,40.5,972.3,-349.203,128.705,-0.999949117,0,0,16.516,-8.3,-0.010087832,-8.007,-0.008778893,1033.3,1.241,1,0,10,0,0,0
2023-12-22 17:30,-0.965472631,0.260504509,-0.999961465,7.1,0,39.8,972.5,-349.203,128.674,-0.999199989,0,0,17.308,-8.3,-0.039992278,-8.011,-0.008778893,1033.5,1.241,1,0,10,0,0,0
2023-12-22 17:40,-0.981292664,0.192521967,-0.999961465,5.7,0,40.3,972.5,-349.203,128.637,-0.998203413,0,0,18.138,-8.4,-0.059916152,-8.045,-0.008778893,1033.5,1.241,1,0,10,0,0,0
2023-12-22 17:50,-0.894934362,0.446197813,-0.999961465,5.3,0,41.1,972.6,-349.203,128.573,-0.999509298,0,0,16.663,-8.5,0.031323536,-8.139,-0.008778893,1033.6,1.241,1,0,10,0,0,0
2023-12-22 18:00,-0.928485827,0.371367836,-0.999961465,6.7,0,40.7,972.6,-349.203,128.629,-0.998757045,0,0,15.851,-8.5,0.049843395,-8.396,-0.008778893,1033.6,1.243,1,0,10,0,0,0
2023-12-22 18:10,-0.932323801,0.36162457,-0.999961465,4.4,0,41,972.7,-349.203,128.491,-0.999471985,0,0,16.794,-8.7,0.032492311,-8.616,-0.008778893,1033.8,1.244,1,0,10,0,0,0
2023-12-22 18:20,-0.851726934,0.523985906,-0.999961465,6.4,0,41.4,972.9,-349.203,128.532,-0.995098812,0,0,15.892,-8.8,0.098885565,-8.493,-0.008778893,1034,1.243,1,0,10,0,0,0
2023-12-22 18:30,-0.97154912,0.236838146,-0.997220356,7.7,0,41.2,973,-344.428,128.686,-0.993554061,0,0,15.232,-8.9,0.113359282,-8.722,0.074508806,1034.1,1.244,1,0,10,0,0,0
2023-12-22 18:40,-0.982612797,0.185666615,-0.991666666,7.2,0,41.7,973,-341.298,128.67,-0.987186445,0,0,14.855,-9,0.159571062,-8.887,0.128830212,1034.2,1.245,1,0,10,0,0,0
2023-12-22 18:50,-0.840566603,0.54170821,-0.991666666,4.7,0,41.7,973.2,-341.298,128.605,-0.9844235,0,0,14.826,-9.1,0.175813461,-9.105,0.128830212,1034.4,1.246,1,0,10,0,0,0
2023-12-22 19:00,-0.886203579,0.463296035,-0.991666666,5.6,0,42.8,973.3,-341.298,128.353,-0.98797876,0,0,14.885,-9.3,0.154589683,-9.256,0.128830212,1034.6,1.247,1,0,10,0,0,0
2023-12-22 19:10,-0.836764313,0.547563223,-0.991666666,5.4,0,42,973.4,-341.298,128.304,-0.987205932,0,0,15.698,-9.4,0.159450453,-9.107,0.128830212,1034.7,1.246,1,0,10,0,0,0
2023-12-22 19:20,-0.845261833,0.534352349,-0.991666666,7.3,0,41.7,973.4,-341.298,128.309,-0.987236527,0,0,15.894,-9.4,0.15926092,-9.117,0.128830212,1034.7,1.246,1,0,10,0,0,0
2023-12-22 19:30,-0.777145961,0.629320391,-0.991666666,6.9,0,41.7,973.3,-341.298,128.297,-0.98551761,0,0,14.651,-9.5,0.169573115,-9.321,0.128830212,1034.6,1.247,1,0,10,0,0,0
2023-12-22 19:40,-0.965016494,0.262189179,-0.991666666,6.7,0,41.4,973.4,-341.298,128.31,-0.986268312,0,0,14.836,-9.5,0.165150889,-9.374,0.128830212,1034.7,1.247,1,0,10,0,0,0
2023-12-22 19:50,-0.96944535,0.245307386,-0.991666666,5.5,0,42.6,973.6,-341.298,128.137,-0.9844235,0,0,14.743,-9.6,0.175813461,-9.649,0.128830212,1035,1.248,1,0,10,0,0,0
2023-12-22 20:00,-0.831954122,0.554844427,-0.991666666,7.8,0,43.2,973.8,-341.298,128.054,-0.986990755,0,0,15.234,-9.7,0.160777018,-9.445,0.128830212,1035.2,1.248,1,0,10,0,0,0
2023-12-22 20:10,-0.758134336,0.652098404,-0.991666666,6.6,0,42.9,973.8,-341.298,128.079,-0.9880945,0,0,15.021,-9.7,0.15384817,-9.262,0.128830212,1035.2,1.247,1,0,10,0,0,0
2023-12-22 20:20,-0.779337965,0.626603811,-0.991666666,3.8,0,43.9,973.8,-341.298,128.141,-0.985885215,0,0,16.501,-9.8,0.167422647,-9.187,0.128830212,1035.2,1.246,1,0,10,0,0,0
2023-12-22 20:30,-0.800731371,0.599023599,-0.991666666,5.8,0,43.8,973.7,-341.298,128.134,-0.995103988,0,0,17.212,-9.8,0.098833462,-9.188,0.128830212,1035.1,1.246,1,0,10,0,0,0
2023-12-22 20:40,-0.965925826,0.258819045,-0.991666666,5.8,0,43.6,973.6,-341.298,128.07,-0.991805493,0,0,16.245,-9.8,0.127757051,-9.438,0.128830212,1035,1.247,1,0,10,0,0,0
2023-12-22 20:50,-0.958322574,0.285688367,-0.991666666,4.9,0,43.9,973.6,-341.298,128.03,-0.992154027,0,0,16.485,-9.9,0.125021545,-9.525,0.128830212,1035,1.248,1,0,10,0,0,0
2023-12-22 21:00,-0.978508985,0.206204185,-0.991666666,7.4,0,43,973.5,-341.298,127.855,-0.993344652,0,0,17.288,-9.8,0.115179874,-9.688,0.128830212,1034.9,1.249,1,0,10,0,0,0
2023-12-22 21:10,-0.79335334,0.608761429,-0.991666666,6.2,0,42.7,973.7,-341.298,127.655,-0.995540586,0,0,18.227,-9.7,0.094334197,-9.556,0.128830212,1035.1,1.248,1,0,10,0,0,0
2023-12-22 21:20,-0.85445883,0.519519112,-0.991666666,8.9,0,42.1,973.4,-341.298,127.552,-0.997613712,0,0,19.32,-9.7,0.069042614,-9.417,0.128830212,1034.8,1.247,1,0,10,0,0,0
2023-12-22 21:30,-0.77384021,0.633380873,-0.991666666,8.8,0,40.3,973.4,-341.298,127.454,-0.997313199,0,0,20.26,-9.6,0.073255604,-9.363,0.128830212,1034.8,1.247,1,0,10,0,0,0
2023-12-22 21:40,-0.836764313,0.547563223,-0.991666666,7.3,0,39.5,973.4,-341.298,127.338,-0.993561973,0,0,18.963,-9.6,0.113289919,-9.305,0.128830212,1034.8,1.247,1,0,10,0,0,0
2023-12-22 21:50,-0.986285602,0.165047606,-0.991666666,9.7,0,40.2,973.6,-341.298,127.272,-0.988427793,0,0,18.412,-9.7,0.151692118,-9.388,0.128830212,1035,1.247,1,0,10,0,0,0
2023-12-22 22:00,-0.994337944,0.106264071,-0.991666666,6.1,0,39.7,973.6,-340.16,127.214,-0.988743328,0,0,17.718,-9.7,0.149621628,-9.514,0.128830212,1035,1.248,1,0,10,0,0,0
2023-12-22 22:10,-0.996492859,0.083677843,-0.991666666,5.9,0,39.5,973.5,-341.298,127.154,-0.994501809,0,0,19.179,-9.7,0.104719396,-9.54,0.128830212,1034.9,1.248,1,0,10,0,0,0
2023-12-22 22:20,-0.86162916,0.507538363,-0.991666666,8.5,0,41,973.7,-341.298,127.111,-0.99661877,0,0,19.685,-9.9,0.082164636,-9.544,0.128830212,1035.2,1.248,1,0,10,0,0,0
2023-12-22 22:30,-0.827080574,0.562083378,-0.991666666,7.5,0,41.3,973.7,-341.298,127.029,-0.9909832,0,0,19.785,-9.9,0.133986185,-9.594,0.128830212,1035.2,1.248,1,0,10,0,0,0
2023-12-22 22:40,-0.911403277,0.411514359,-0.991666666,8.2,0,41.7,973.6,-341.298,126.967,-0.993190997,0,0,19.687,-10,0.116497394,-9.607,0.128830212,1035.1,1.248,1,0,10,0,0,0
2023-12-22 22:50,-0.864274802,0.503019947,-0.991666666,7.8,0,41.3,973.8,-341.298,126.932,-0.99352435,0,0,20.244,-10,0.11361939,-9.587,0.128830212,1035.3,1.248,1,0,10,0,0,0
2023-12-22 23:00,-0.989015863,0.147809411,-0.991666666,6.3,0,40.8,973.9,-341.298,126.869,-0.99129155,0,0,19.028,-10,0.131685469,-9.659,0.128830212,1035.4,1.249,1,0,10,0,0,0
2023-12-22 23:10,-0.974761194,0.223250116,-0.991666666,6.4,0,40.5,973.9,-341.298,126.837,-0.992554657,0,0,19.417,-10,0.12180005,-9.694,0.128830212,1035.4,1.249,1,0,10,0,0,0
2023-12-22 23:20,-0.886203579,0.463296035,-0.991666666,7.2,0,40.6,973.9,-341.298,126.813,-0.991885569,0,0,19.469,-10,0.127133856,-9.733,0.128830212,1035.4,1.249,1,0,10,0,0,0
2023-12-22 23:30,-0.926528631,0.376224263,-0.991666666,7.9,0,40.9,973.9,-341.298,126.765,-0.987438638,0,0,18.958,-10.1,0.158002963,-9.736,0.128830212,1035.4,1.249,1,0,10,0,0,0
2023-12-22 23:40,-0.842452397,0.538770785,-0.991666666,7.2,0,40.7,974.1,-341.298,126.749,-0.984389728,0,0,18.619,-10.1,0.176002454,-9.659,0.128830212,1035.6,1.249,1,0,10,0,0,0
2023-12-22 23:50,-0.849892693,0.526955795,-0.991666666,5.7,0,41.7,974,-341.298,126.721,-0.987827194,0,0,18.505,-10.1,0.155555244,-9.69,0.128830212,1035.5,1.249,1,0,10,0,0,0
2023-12-23 0:00,-0.982612797,0.185666615,-0.991666666,3.9,0,41.7,974,-341.298,126.688,-0.989272333,0,0,19.094,-10.1,0.146083029,-9.661,0.128830212,1035.5,1.249,1,0,10,0,0,0
2023-12-23 0:10,-0.99317065,0.116670737,-0.991666666,7.1,0,40.7,974,-341.298,126.655,-0.99080224,0,0,19.028,-10,0.13531785,-9.64,0.128830212,1035.5,1.248,1,0,10,0,0,0
2023-12-23 0:20,-0.990268069,0.139173101,-0.991666666,7,0,40.3,974,-341.298,126.637,-0.998959456,0,0,20.691,-9.9,0.045607081,-9.516,0.128830212,1035.5,1.248,1,0,8.5,0,0,0
2023-12-23 0:30,-0.872922077,0.487859659,-0.991666666,6.8,0,41.6,974,-341.298,126.506,-0.994561958,0,0,19.727,-9.9,0.104146587,-9.602,0.128830212,1035.5,1.248,0,0,0,0,0,0
2023-12-23 0:40,-0.866025404,0.5,-0.991666666,7,0,43.1,974.2,-341.298,126.816,-0.989500579,0,0,18.411,-9.9,0.144528904,-9.662,0.128830212,1035.7,1.249,1,0,6.5,0,0,0.733
2023-12-23 0:50,-0.838670568,0.544639035,-0.991666666,7.9,0,43.7,974.2,-341.298,126.838,-0.98916242,0,0,18.545,-9.9,0.146825428,-9.575,0.128830212,1035.7,1.248,1,0,10,0,0,0
2023-12-23 1:00,-0.841510782,0.54024032,-0.991666666,7.3,0,45.6,974.3,-341.298,126.755,-0.991029909,0,0,17.907,-9.9,0.133640259,-9.574,0.128830212,1035.8,1.248,1,0,10,0,0,0
2023-12-23 1:10,-0.964557418,0.26387305,-0.991666666,7,0,47.3,974.2,-341.298,126.687,-0.993636891,0,0,18.225,-9.9,0.112630939,-9.634,0.128830212,1035.7,1.248,1,0,10,0,0,0
2023-12-23 1:20,-0.981958713,0.189095443,-0.991666666,6,0,48.1,974.2,-341.298,126.636,-0.994289621,0,0,19.631,-9.9,0.106715277,-9.633,0.128830212,1035.7,1.248,1,0,10,0,0,0
2023-12-23 1:30,-0.998239828,0.059306374,-0.991666666,7.4,0,49.3,974.1,-341.298,126.594,-0.996731112,0,0,20.15,-9.8,0.080790411,-9.691,0.128830212,1035.6,1.249,1,0,10,0,0,0
2023-12-23 1:40,-0.920504853,0.390731128,-0.991666666,7.1,0,51.4,974.3,-341.298,126.455,-0.997664054,0,0,20.474,-9.9,0.068311307,-9.602,0.128830212,1035.8,1.248,1,0,1.267,0,0,0
2023-12-23 1:50,-0.840566603,0.54170821,-0.991666666,5.2,0,53.6,974.1,-341.298,126.623,-0.990253489,0,0,20.4,-10,0.139276801,-9.758,0.128830212,1035.6,1.249,0,0,0,0,0,0
2023-12-23 2:00,-0.872069272,0.489382452,-0.991666666,7.5,0,52,974,-341.298,126.793,-0.99231035,0,0,20.521,-9.9,0.123774669,-9.942,0.128830212,1035.5,1.25,0,0,0,0,0,0
2023-12-23 2:10,-0.777145961,0.629320391,-0.991666666,6.2,0,52.3,974,-341.298,126.82,-0.9881535,0,0,19.831,-9.9,0.153468757,-10.043,0.128830212,1035.5,1.25,0,0,0,0,0,0
2023-12-23 2:20,-0.985703469,0.16848938,-0.991666666,6.5,0,53.4,973.8,-341.298,126.775,-0.992973772,0,0,19.652,-10,0.118334646,-10.145,0.128830212,1035.3,1.251,1,0,0.033,0,0,5.4
2023-12-23 2:30,-0.975149354,0.221548498,-0.991666666,8.7,0,53.2,973.9,-341.298,126.716,-0.997071468,0,0,19.336,-9.9,0.0764754,-10.205,0.128830212,1035.4,1.251,0,0,0,0,0,10
2023-12-23 2:40,-0.988493887,0.15126082,-0.991666666,5.4,0,52.8,974,-341.298,126.776,-0.985273912,0,0,16.756,-9.9,0.170983384,-10.151,0.128830212,1035.5,1.251,1,0,8.9,0,0,1.033
2023-12-23 2:50,-0.89571176,0.444635179,-0.991666666,7.4,0,53.5,973.8,-341.298,126.666,-0.994391602,0,0,16.808,-9.9,0.105760778,-10.016,0.128830212,1035.3,1.25,1,0,10,0,0,0
2023-12-23 3:00,-0.86949493,0.493941867,-0.991666666,5,0,54,974,-341.298,126.538,-0.996479703,0,0,18.1,-9.9,0.083834371,-9.972,0.128830212,1035.5,1.25,1,0,10,0,0,0
2023-12-23 3:10,-0.806960312,0.590605668,-0.991666666,7.5,0,55.1,973.8,-341.298,125.989,-0.995203526,0,0,18.049,-9.9,0.097826077,-9.95,0.128830212,1035.3,1.25,1,0,10,0,0,0
2023-12-23 3:20,-0.903335293,0.428935133,-0.991666666,8.1,0,56.4,973.7,-341.298,126.327,-0.992683769,0,0,18.533,-10,0.120743257,-9.964,0.128830212,1035.2,1.25,1,0,10,0,0,0
2023-12-23 3:30,-0.998026728,0.06279052,-0.991666666,7.4,0,55.2,973.5,-341.298,126.299,-0.994692047,0,0,19.103,-9.9,0.102896701,-9.954,0.128830212,1034.9,1.25,1,0,10,0,0,0
2023-12-23 3:40,-0.990509463,0.137444546,-0.991666666,5.9,0,54.9,973.1,-341.298,126.238,-0.998690052,0,0,19.225,-10,0.051168153,-9.898,0.128830212,1034.5,1.25,1,0,10,0,0,0
2023-12-23 3:50,-0.785856893,0.618408395,-0.991666666,7.6,0,54.9,973.4,-341.298,126.156,-0.99597407,0,0,18.94,-9.9,0.089641792,-9.937,0.128830212,1034.8,1.25,1,0,10,0,0,0
2023-12-23 4:00,-0.822144041,0.569279523,-0.991666666,6.3,0,56.1,973.4,-341.298,126.115,-0.996956918,0,0,20.558,-10,0.0779545,-9.753,0.128830212,1034.9,1.249,1,0,10,0,0,0
2023-12-23 4:10,-0.827080574,0.562083378,-0.991666666,6.6,0,57.4,973.3,-341.298,125.959,-0.996830461,0,0,20.304,-10.1,0.079555216,-9.736,0.128830212,1034.8,1.249,1,0,0.167,0,0,0
2023-12-23 4:20,-0.929132572,0.369746757,-0.991666666,3.1,0,59.6,973.2,-341.298,126.097,-0.996568392,0,0,19.688,-10.3,0.082773421,-9.953,0.128830212,1034.7,1.25,0,0,0,0,0,0
2023-12-23 4:30,-0.890212805,0.455544907,-0.991666666,4.5,0,60.4,973.3,-341.298,126.333,-0.991560652,0,0,18.726,-10.3,0.129643638,-9.944,0.128830212,1034.8,1.25,1,0,4.667,0,0,0.633
2023-12-23 4:40,-0.99074784,0.135715572,-0.991666666,6.4,0,62,973.4,-341.298,126.409,-0.992784575,0,0,19.19,-10.3,0.119911586,-9.875,0.128830212,1034.9,1.25,1,0,10,0,0,0
2023-12-23 4:50,-0.96944535,0.245307386,-0.991666666,5.4,0,62.4,973.3,-341.298,126.238,-0.996061209,0,0,21.39,-10.2,0.0886683,-9.626,0.128830212,1034.8,1.248,1,0,4.3,0,0,0
2023-12-23 5:00,-0.767165152,0.641449632,-0.991666666,5.9,0,62.8,973.4,-341.298,126.216,-0.99705543,0,0,20.653,-10.2,0.076684224,-9.731,0.128830212,1034.9,1.249,0,0,0,0,0,0
2023-12-23 5:10,-0.961261696,0.275637356,-0.991666666,4.6,0,62.4,973.8,-341.298,126.335,-0.992780388,0,0,21.042,-10.2,0.119946241,-9.787,0.128830212,1035.3,1.249,0,0,0,0,0,0
2023-12-23 5:20,-0.844327926,0.535826795,-0.991666666,4.4,0,62.2,973.6,-341.298,126.346,-0.992132191,0,0,20.136,-10.2,0.125194707,-9.872,0.128830212,1035.1,1.25,0,0,0,0,0,0
2023-12-23 5:30,-0.766044443,0.64278761,-0.991666666,5.3,0,62.2,973.8,-341.298,126.31,-0.992327623,0,0,21.137,-10.2,0.123636116,-9.736,0.128830212,1035.3,1.249,0,0,0,0,0,0
2023-12-23 5:40,-0.984195608,0.17708474,-0.991666666,5.6,0,61.8,973.9,-341.298,126.24,-0.993932193,0,0,19.473,-10.2,0.109994526,-9.856,0.128830212,1035.4,1.249,0,0,0,0,0,0
2023-12-23 5:50,-0.99853667,0.054078813,-0.991666666,4.8,0,61.2,974.2,-341.298,126.156,-0.995462869,0,0,19.875,-10.1,0.095150812,-9.795,0.128830212,1035.7,1.249,0,0,0,0,0,0
2023-12-23 6:00,-0.985996037,0.166768747,-0.991666666,4.1,0,60.4,974.1,-341.298,126.058,-0.992095002,0,0,20.74,-10,0.125489073,-9.783,0.128830212,1035.6,1.249,0,0,0,0,0,0
2023-12-23 6:10,-0.898794046,0.438371147,-0.991666666,7.1,0,60.1,974,-341.298,125.937,-0.990442177,0,0,20.35,-10,0.137928584,-9.86,0.128830212,1035.5,1.249,0,0,0,0,0,0
2023-12-23 6:20,-0.899557779,0.436801788,-0.991666666,7.2,0,59.6,973.9,-341.298,125.82,-0.992357803,0,0,20.261,-9.9,0.123393641,-9.954,0.128830212,1035.4,1.25,0,0,0,0,0,0
2023-12-23 6:30,-0.906307787,0.422618262,-0.991666666,5.9,0,59.7,973.7,-341.298,125.718,-0.999017526,0,0,19.273,-10,0.044316844,-10.11,0.128830212,1035.2,1.251,0,0,0,0,0,0
2023-12-23 6:40,-0.890212805,0.455544907,-0.991666666,6.9,0,60.3,973.8,-341.298,125.771,-0.992364263,0,0,17.903,-10.1,0.123341681,-10.037,0.128830212,1035.3,1.25,1,0,8.167,0,0,1.033
2023-12-23 6:50,-0.990268069,0.139173101,-0.991666666,7.9,0,59.6,973.9,-341.298,125.693,-0.989205941,0,0,18.383,-9.9,0.146531931,-9.941,0.128830212,1035.4,1.25,1,0,10,0,0,0
2023-12-23 7:00,-1,-1.84E-16,-0.991666666,7.8,0,60.3,973.9,-341.298,125.586,-0.993936032,0,0,18.902,-10,0.109959831,-9.852,0.128830212,1035.4,1.249,1,0,10,0,0,0
2023-12-23 7:10,-0.982935349,0.183951351,-0.991666666,8.2,0,60.4,974,-341.298,125.51,-0.994239222,0,0,19.392,-10.1,0.107183813,-9.813,0.128830212,1035.5,1.249,1,0,10,0,0,0
2023-12-23 7:20,-0.874619707,0.48480962,-0.991666666,7.4,0,60.7,974.2,-341.298,125.401,-0.988855339,0,0,18.018,-10.1,0.148879543,-9.818,0.128830212,1035.7,1.249,1,0,10,0,0,0
2023-12-23 7:30,-0.85445883,0.519519112,-0.991666666,8.7,0,58.5,974.1,-341.298,125.334,-0.995522457,0,0,18.512,-9.9,0.094525325,-9.729,0.128830212,1035.6,1.249,1,0,10,0,0,0
2023-12-23 7:40,-0.911403277,0.411514359,-0.991666666,6.9,0,57.3,974.2,-341.298,125.278,-0.994996457,0,0,18.907,-9.9,0.09991021,-9.52,0.128830212,1035.7,1.248,1,0,10,0,0,0
2023-12-23 7:50,-0.925870585,0.377840787,-0.991666666,7.1,0,55.9,974.5,-341.298,125.243,-0.994201747,0,0,17.91,-9.7,0.107530861,-9.443,0.128830212,1036,1.248,1,0,10,0,0,0
2023-12-23 8:00,-0.984195608,0.17708474,-0.991666666,7.4,0,54.5,974.7,-341.298,125.229,-0.99591755,0,0,18.799,-9.6,0.090267563,-9.281,0.128830212,1036.1,1.247,1,0,10,0,0,0
2023-12-23 8:10,-0.994880709,0.101056297,-0.991666666,5.4,0,53.8,974.8,-341.298,125.221,-0.997345068,0,0,18.662,-9.5,0.072820437,-9.151,0.128830212,1036.2,1.246,1,0,10,0,0,0
2023-12-23 8:20,-0.915662593,0.401947777,-0.991666666,5.6,0,53.5,974.8,-341.298,125.237,-0.997385583,0,0,18.912,-9.5,0.072263403,-9.066,0.128830212,1036.2,1.246,1,0,10,0,0,0
2023-12-23 8:30,-0.907777479,0.419452082,-0.991666666,7,0,53,975,-341.298,125.25,-0.998857579,0,0,18.877,-9.4,0.047786363,-8.992,0.128830212,1036.4,1.245,1,0,10,0,0,0
2023-12-23 8:40,-0.901077021,0.433659085,-0.991666666,5.1,0,53.1,974.8,-341.298,125.234,-0.994415573,0,0,17.274,-9.3,0.105535155,-8.881,0.128830212,1036.2,1.245,1,0,0.967,0,0,0
2023-12-23 8:50,-0.849892693,0.526955795,-0.991666666,6,0,51.4,974.9,-341.298,125.24,-0.997428289,0,0,17.024,-9.2,0.07167153,-8.76,0.128830212,1036.2,1.244,1,0,10,0,0,0
2023-12-23 9:00,-0.987136265,0.159881188,-0.991666666,7,0,51.6,975,-341.298,125.302,-0.997668821,0,0,17.284,-9.1,0.068241656,-8.681,0.128830212,1036.3,1.244,1,0,10,0,0,0
2023-12-23 9:10,-0.98450318,0.175366726,-0.991666666,6.6,0,50.3,975.2,-341.298,125.366,-0.997239828,0,0,18.112,-8.8,0.074247732,-8.534,0.128830212,1036.5,1.243,1,0,10,0,0,0
2023-12-23 9:20,-0.959805292,0.280666709,-0.991666666,6.5,0,49.8,975.5,-341.298,125.441,-0.997516337,0,0,17.909,-8.6,0.070435478,-8.37,0.128830212,1036.7,1.242,1,0,10,0,0,0
2023-12-23 9:30,-0.840566603,0.54170821,-0.991666666,7.3,0,49.3,975.5,-341.298,125.534,-0.99785664,0,0,18.005,-8.4,0.065437961,-8.205,0.128830212,1036.7,1.242,1,0,10,0,0,0
2023-12-23 9:40,-0.910683661,0.41310443,-0.991666666,5.8,0,48.1,975.7,-341.298,125.649,-0.994003017,0,0,15.618,-8.2,0.109352649,-8.153,0.128830212,1036.8,1.241,1,0,10,0,0,0
2023-12-23 9:50,-0.745476,0.66653247,-0.991666666,7.5,0,48,975.7,-341.298,125.811,-0.995246116,0,0,15.596,-8.1,0.097391828,-8.038,0.128830212,1036.8,1.241,1,0,10,0,0,0
2023-12-23 10:00,-0.835807361,0.549022818,-0.991666666,7,0,45.2,975.6,-341.298,125.958,-0.996226575,0,0,16.173,-8,0.086790612,-7.896,0.128830212,1036.7,1.24,1,0,10,0,0,0
2023-12-23 10:10,-0.984807753,0.173648178,-0.991666666,7.6,0,44.6,975.6,-341.298,126.084,-0.993458745,0,0,16.608,-7.8,0.1141916,-7.696,0.128830212,1036.6,1.239,1,0,10,0,0,0
2023-12-23 10:20,-0.97154912,0.236838146,-0.991666666,5.9,0,44.4,975.4,-341.298,126.193,-0.996650245,0,0,16.862,-7.7,0.081781956,-7.577,0.128830212,1036.4,1.239,1,0,10,0,0,0
2023-12-23 10:30,-0.994150964,0.107999356,-0.991666666,5.2,0,42.9,975.6,-341.298,126.295,-0.994424779,0,0,16.987,-7.4,0.105448376,-7.404,0.128830212,1036.5,1.238,1,0,10,0,0,0
2023-12-23 10:40,-0.908508178,0.417867074,-0.991666666,4.1,0,41.7,975.6,-341.298,126.423,-0.99562253,0,0,16.19,-7,0.093465388,-7.245,0.128830212,1036.4,1.237,1,0,10,0,0,0
2023-12-23 10:50,-0.859852272,0.510542918,-0.991666666,4.1,0,40.6,975.5,-341.298,126.545,-0.993799008,0,0,16.096,-6.4,0.111191416,-7.02,0.128830212,1036.2,1.236,1,0,10,0,0,0
2023-12-23 11:00,-0.769399555,0.638767818,-0.991666666,6.4,0,39.8,975.3,-341.298,126.726,-0.993711372,0,0,15.322,-6.4,0.111971909,-6.834,0.128830212,1035.9,1.235,1,0,10,0,0,0
2023-12-23 11:10,-0.826098294,0.563526049,-0.991666666,5.5,0,38.9,975.2,-341.298,126.896,-0.999374887,0,0,14.856,-6.2,0.035353002,-6.593,0.128830212,1035.8,1.234,1,0,10,0,0,0
2023-12-23 11:20,-0.966823389,0.255445758,-0.991666666,6.3,0,38.7,975.1,-341.298,127.036,-0.998477567,0,0,15.2,-5.9,0.055159302,-6.379,0.128830212,1035.7,1.233,1,0,10,0,0,0
2023-12-23 11:30,-0.971961001,0.235142113,-0.991666666,5.8,0,38.2,975,-341.298,127.201,-0.99577453,0,0,14.746,-5.6,0.091831835,-6.16,0.128830212,1035.5,1.232,1,0,10,0,0,0
2023-12-23 11:40,-0.841510782,0.54024032,-0.991666666,6,0,37.1,974.9,-341.298,127.355,-0.99607358,0,0,15.834,-5.4,0.088529223,-5.918,0.128830212,1035.4,1.231,1,0,10,0,0,0
2023-12-23 11:50,-0.830984469,0.556295616,-0.991666666,6.6,0,38,974.9,-341.298,127.392,-0.998106993,0,0,16.146,-5.1,0.061501472,-5.805,0.128830212,1035.3,1.231,1,0,10,0,0,0
2023-12-23 12:00,-0.844327926,0.535826795,-0.991666666,5.2,0,37.5,974.6,-341.298,127.511,-0.997794523,0,0,15.866,-5,0.06637839,-5.462,0.128830212,1034.9,1.229,1,0,10,0,0,0
2023-12-23 12:10,-0.848048096,0.529919264,-0.991666666,6.1,0,37.6,974.6,-341.298,127.701,-0.992909601,0,0,14.233,-4.7,0.118871879,-5.231,0.128830212,1034.9,1.228,1,0,10,0,0,0
2023-12-23 12:20,-0.9909832,0.133986185,-0.991666666,6,0,37.7,974.6,-341.298,127.923,-0.991978497,0,0,13.986,-4.5,0.126406731,-5.058,0.128830212,1034.8,1.227,1,0,10,0,0,0
2023-12-23 12:30,-1,-1.84E-16,-0.991666666,5.1,0,37.6,974.6,-341.298,128.108,-0.998812098,0,0,15.135,-4.3,0.048727742,-4.935,0.128830212,1034.8,1.227,1,0,10,0,0,0
2023-12-23 12:40,-0.996194698,-0.087155743,-0.991666666,3.8,0,36.9,974.5,-341.298,128.278,-0.990492664,0,0,13.935,-4.1,0.137565559,-4.681,0.128830212,1034.6,1.225,1,0,10,0,0,0
2023-12-23 12:50,-0.760405966,0.649448048,-0.991666666,4.7,0,36.1,974.4,-341.298,128.383,-0.976004252,0,0,13.339,-3.5,0.217751466,-4.807,0.128830212,1034.4,1.226,1,0,10,0,0,0
2023-12-23 13:00,-0.837718717,0.546101961,-0.991666666,5.4,0,36.4,974.4,-341.298,128.466,-0.997290136,0,0,14.654,-3.6,0.073568915,-4.467,0.128830212,1034.4,1.224,1,0,10,0,0,0
2023-12-23 13:10,-0.942057453,0.33545157,-0.991666666,3.8,0,35.3,974.4,-341.298,128.662,-0.995648591,0,0,15.033,-3.5,0.093187354,-4.221,0.128830212,1034.4,1.223,1,0,10,0,0,0
2023-12-23 13:20,-0.867765453,0.496973961,-0.991666666,6.1,0,33.4,974.3,-341.298,128.905,-0.999693333,0,0,16.011,-3.7,0.02476369,-4.248,0.128830212,1034.3,1.223,1,0,10,0,0,0
2023-12-23 13:30,-0.975149354,0.221548498,-0.991666666,6.4,0,33.7,974.3,-341.298,129.103,-0.995912823,0,0,14.492,-3.6,0.090319709,-4.185,0.128830212,1034.3,1.223,1,0,10,0,0,0
2023-12-23 13:40,-0.985703469,0.16848938,-0.991666666,6.6,0,33.3,974.1,-341.298,129.138,-0.993924512,0,0,14.256,-3.3,0.110063915,-4.066,0.128830212,1034,1.223,1,0,10,0,0,0
2023-12-23 13:50,-0.81004164,0.586372357,-0.991666666,4.6,0,34.8,974.1,-341.298,129.315,-0.998168739,0,0,14.52,-3,0.060491066,-3.875,0.128830212,1033.9,1.222,1,0,10,0,0,0
2023-12-23 14:00,-0.901832526,0.432085749,-0.991666666,4.3,0,31.7,974.2,-341.298,129.553,-0.998322673,0,0,12.287,-2.9,0.057895086,-3.634,0.128830212,1034,1.221,1,0,10,0,0,0
2023-12-23 14:10,-0.858064906,0.513541252,-0.991666666,4.7,0,32.9,974.2,-341.298,129.905,-0.983741169,0,0,9.673,-2.6,0.179592071,-3.502,0.128830212,1033.9,1.22,1,0,10,0,0,0
2023-12-23 14:20,-0.907044014,0.421035813,-0.991666666,5.4,0,32.4,974.1,-341.298,130.082,-0.98944754,0,0,10.127,-2.8,0.144891565,-3.474,0.128830212,1033.9,1.22,1,0,10,0,0,0
2023-12-23 14:30,-0.88376563,0.467929814,-0.991666666,5.9,0,33.1,974.4,-341.298,130.339,-0.997513878,0,0,10.226,-2.7,0.070470298,-3.379,0.128830212,1034.2,1.219,1,0,10,0,0,0
2023-12-23 14:40,-0.986285602,0.165047606,-0.991666666,5.8,0,33.4,974.4,-341.298,130.711,-0.974338646,0,0,9.12,-2.9,0.2250871,-3.41,0.128830212,1034.2,1.22,1,0,10,0,0,0
2023-12-23 14:50,-0.834847863,-0.55048074,-0.991666666,2.6,0,34.4,974.3,-341.298,131.062,-0.993039708,0,0,12.032,-3.1,0.117780046,-3.439,0.128830212,1034.1,1.22,1,0,10,0,0,0
2023-12-23 15:00,-0.7193398,0.69465837,-0.991666666,4.3,0,34.2,974.3,-341.298,131.145,-0.988048809,0,0,10.483,-3.3,0.154141337,-3.694,0.128830212,1034.2,1.221,1,0,10,0,0,0
2023-12-23 15:10,-0.983571471,0.180519145,-0.991666666,3.7,0,34.6,974.3,-341.298,131.145,-0.991433467,0,0,9.998,-3,0.130612712,-3.442,0.128830212,1034.1,1.22,1,0,10,0,0,0
2023-12-23 15:20,-0.907044014,0.421035813,-0.991666666,3.9,0,34.5,974.3,-341.298,131.356,-0.998109139,0,0,10.527,-2.9,0.061466632,-3.272,0.128830212,1034.1,1.219,1,0,10,0,0,0
2023-12-23 15:30,-0.846193166,0.532876276,-0.996164214,4.3,0,34,974.3,-343.682,131.552,-0.998142249,0,0,10.745,-2.7,-0.060926594,-3.26,0.087503475,1034,1.219,1,0,10,0,0,0
2023-12-23 15:40,-0.953190668,0.302369891,-0.999971969,3.8,0,33.8,974.4,-349.129,131.827,-0.999586874,0,0,9.198,-2.6,-0.028741614,-3.158,-0.007487393,1034.1,1.218,1,0,10,0,0,0
2023-12-23 15:50,-0.978508985,0.206204185,-0.999971969,4.2,0,35.1,974.5,-349.129,132.183,-0.998268691,0,0,9.025,-2.7,-0.058818535,-3.076,-0.007487393,1034.3,1.218,1,0,10,0,0,0
2023-12-23 16:00,-0.961261696,0.275637356,-0.999971969,3.5,0,35.3,974.4,-349.129,132.555,-0.99621293,0,0,9.475,-2.9,-0.086947098,-3.09,-0.007487393,1034.2,1.218,1,0,10,0,0,0
2023-12-23 16:10,-0.788010754,0.615661475,-0.999971969,3.5,0,36.3,974.5,-349.129,132.732,-0.990686153,0,0,10.386,-2.9,-0.136165146,-3.376,-0.007487393,1034.3,1.219,1,0,10,0,0,0
2023-12-23 16:20,-0.859852272,0.510542918,-0.999971969,4.2,0,35.8,974.5,-349.129,132.587,-0.991971877,0,0,11.812,-3,-0.126458671,-3.413,-0.007487393,1034.3,1.22,1,0,10,0,0,0
2023-12-23 16:30,-0.807989884,0.589196357,-0.999971969,5.9,0,36.5,974.6,-349.129,132.52,-0.996082845,0,0,12.135,-3.1,-0.088424914,-3.471,-0.007487393,1034.5,1.22,1,0,10,0,0,0
2023-12-23 16:40,-0.848048096,0.529919264,-0.999971969,5,0,36.7,974.5,-349.129,132.425,-0.996406164,0,0,12.626,-3.3,-0.084703932,-3.574,-0.007487393,1034.4,1.22,1,0,10,0,0,0
2023-12-23 16:50,-0.975916762,0.218143241,-0.999971969,5.2,0,37,974.5,-349.129,132.252,-0.995724698,0,0,12.632,-3.4,-0.092370587,-3.838,-0.007487393,1034.4,1.222,1,0,10,0,0,0
2023-12-23 17:00,-0.975916762,0.218143241,-0.999971969,6.1,0,37,974.5,-349.129,131.987,-0.999726935,0,0,12.234,-3.5,-0.023367831,-3.801,-0.007487393,1034.5,1.221,1,0,10,0,0,0
2023-12-23 17:10,-0.847121921,0.53139858,-0.999971969,5.2,0,37.6,974.6,-349.129,131.998,-0.998665829,0,0,11.435,-3.7,0.051638769,-3.798,-0.007487393,1034.6,1.221,1,0,10,0,0,0
2023-12-23 17:20,-0.823136369,0.567843745,-0.999971969,5.6,0,37.9,974.8,-349.129,132.097,-0.999984501,0,0,10.82,-3.7,-0.005567572,-3.845,-0.007487393,1034.8,1.222,1,0,10,0,0,0
2023-12-23 17:30,-0.867765453,0.496973961,-0.999971969,4,0,37.5,975,-349.129,132.044,-0.998573249,0,0,10.757,-3.7,-0.053399118,-3.965,-0.007487393,1035,1.222,1,0,10,0,0,0
2023-12-23 17:40,-0.833885822,0.551936985,-0.999971969,5.3,0,38.8,974.9,-349.129,132.103,-0.998300369,0,0,10.449,-3.9,-0.058278411,-3.828,-0.007487393,1035,1.221,1,0,10,0,0,0
2023-12-23 17:50,-0.872922077,0.487859659,-0.999971969,2.3,0,40.1,974.8,-349.129,132.314,-0.995442919,0,0,10.135,-4.1,-0.095359299,-3.781,-0.007487393,1034.9,1.221,1,0,10,0,0,0
2023-12-23 18:00,-0.973178873,0.230049737,-0.999971969,4.5,0,40.3,975,-349.129,132.575,-0.994280304,0,0,9.817,-4.1,-0.106802044,-3.861,-0.007487393,1035.1,1.222,1,0,10,0,0,0
2023-12-23 18:10,-0.962691746,0.270600446,-0.999971969,4,0,40.5,975.1,-349.129,132.842,-0.990483058,0,0,10.568,-4,-0.137634708,-3.836,-0.007487393,1035.2,1.222,1,0,10,0,0,0
2023-12-23 18:20,-0.960779154,0.277314653,-0.999971969,2.1,0,43.6,975.1,-349.129,132.892,-0.99457649,0,0,12.046,-4.6,-0.104007719,-3.961,-0.007487393,1035.4,1.222,1,0,10,0,0,0
2023-12-23 18:30,-0.99897057,0.045362988,-0.999971969,2.9,0,45.1,975.1,-349.129,132.568,-0.996444499,0,0,13.09,-4.8,-0.084251768,-3.988,-0.007487393,1035.4,1.222,1,0,10,0,0,0
2023-12-23 18:40,-0.990023658,0.140901232,-0.999971969,3.8,0,44.3,975,-349.129,132.349,-0.999932037,0,0,11.533,-4.5,-0.011658535,-3.945,-0.007487393,1035.2,1.222,1,0,10,0,0,0
2023-12-23 18:50,-0.991671162,0.128795597,-0.999971969,4.6,0,43.9,974.8,-349.129,132.243,-0.990664752,0,0,11.203,-4.4,-0.13632076,-4.023,-0.007487393,1035,1.222,1,0,10,0,0,0
2023-12-23 19:00,-0.99955986,-0.029666244,-0.999971969,4.3,0,44.2,974.9,-349.129,132.062,-0.991206305,0,0,11.265,-4.4,-0.13232559,-4.116,-0.007487393,1035.1,1.223,1,0,10,0,0,0
2023-12-23 19:10,-0.963630453,-0.267238376,-0.999971969,2.3,0,44.6,974.9,-349.129,131.904,-0.993656534,0,0,12.52,-4.6,-0.112457515,-4.096,-0.007487393,1035.2,1.223,1,0,10,0,0,0
2023-12-23 19:20,-0.995884399,0.09063258,-0.999971969,3.5,0,44.8,975.1,-349.129,131.789,-0.999975752,0,0,11.972,-4.3,-0.006963807,-4.032,-0.007487393,1035.3,1.222,1,0,10,0,0,0
2023-12-23 19:30,-0.996492859,0.083677843,-0.999971969,3.1,0,45.9,975.1,-349.129,131.588,-0.998159224,0,0,10.422,-4.6,-0.060647858,-4.234,-0.007487393,1035.4,1.223,1,0,10,0,0,0
2023-12-23 19:40,-0.919135339,0.39394191,-0.999971969,1.8,0,46.1,975,-349.129,131.606,-0.99232978,0,0,10.393,-4.7,-0.123618796,-4.102,-0.007487393,1035.3,1.223,1,0,10,0,0,0
2023-12-23 19:50,-0.998889875,0.047106451,-0.999971969,2.2,0,48.6,975,-349.129,131.713,-0.995327358,0,0,10.21,-5.2,-0.096558019,-4.088,-0.007487393,1035.4,1.223,1,0,10,0,0,0
2023-12-23 20:00,-0.872069272,0.489382452,-0.999971969,2.3,0,49.2,974.9,-349.129,131.917,-0.998304435,0,0,10.613,-5.2,-0.058208716,-3.839,-0.007487393,1035.3,1.222,1,0,10,0,0,0
2023-12-23 20:10,-0.965472631,0.260504509,-0.999971969,1.7,0,47.9,975,-349.129,132.05,-0.998784728,0,0,10.66,-5,-0.049285577,-3.99,-0.007487393,1035.4,1.222,1,0,10,0,0,0
2023-12-23 20:20,-0.924546034,0.381070376,-0.999971969,2.8,0,49.8,975,-349.129,131.826,-0.996428305,0,0,10.704,-5.4,-0.08444307,-4.144,-0.007487393,1035.5,1.223,1,0,10,0,0,0
2023-12-23 20:30,-0.946085359,0.323917418,-0.999971969,2.5,0,51.1,975,-349.129,131.758,-0.995944289,0,0,10.832,-5.6,-0.089972065,-4.065,-0.007487393,1035.5,1.223,1,0,10,0,0,0
2023-12-23 20:40,-0.931691228,0.36325123,-0.999971969,2.8,0,52.9,975.1,-349.129,131.764,-0.99876573,0,0,10.987,-5.8,-0.049669079,-4.017,-0.007487393,1035.7,1.222,1,0,10,0,0,0
2023-12-23 20:50,-0.944948912,0.327217899,-0.999971969,2.6,0,51.9,975.2,-349.129,131.834,-0.999949292,0,0,10.55,-5.4,-0.01007038,-3.974,-0.007487393,1035.7,1.222,1,0,10,0,0,0
2023-12-23 21:00,-0.999876632,0.015707317,-0.999971969,2,0,50.3,975.2,-349.129,131.757,-0.999761265,0,0,9.815,-5.2,-0.021849783,-4.195,-0.007487393,1035.6,1.223,1,0,10,0,0,0
2023-12-23 21:10,-0.794414621,0.60737584,-0.999971969,2.1,0,48.2,975,-349.129,131.825,-0.989059676,0,0,8.399,-4.8,-0.147515958,-4.159,-0.007487393,1035.3,1.223,1,0,10,0,0,0
2023-12-23 21:20,-0.981292664,0.192521967,-0.991083476,2.3,0,51.3,975,-356.356,132.22,-0.975180279,0,0,8.244,-5.4,-0.221412339,-4.152,-0.133242423,1035.5,1.223,1,0,10,0,0,0
2023-12-23 21:30,-0.952661481,-0.304033061,-0.989991663,0.8,0,50.4,974.8,-356.813,132.621,-0.981790006,0,0,9.007,-5.3,-0.189969427,-3.98,-0.141125858,1035.2,1.222,1,0,10,0,0,0
2023-12-23 21:40,-0.999262916,0.038387809,-0.989991663,3,0,50.7,974.7,-356.813,132.903,-0.981829772,0,0,10.086,-5,-0.189763797,-4.061,-0.141125858,1035,1.223,1,0,10,0,0,0
2023-12-23 21:50,-0.999998477,-0.001745328,-0.989991663,3.5,0,51,974.7,-356.813,133.021,-0.977918399,0,0,10.145,-4.9,-0.208987094,-4.098,-0.141125858,1035,1.223,1,0,10,0,0,0
2023-12-23 22:00,-0.999450216,0.033155178,-0.989991663,4,0,50.7,974.6,-356.813,132.939,-0.979771312,0,0,10.357,-4.8,-0.200120404,-4.385,-0.141125858,1034.9,1.224,1,0,10,0,0,0
2023-12-23 22:10,-0.995884399,0.09063258,-0.989991663,3.8,0,51.4,974.4,-356.813,132.679,-0.98589398,0,0,10.39,-4.9,-0.167371026,-4.171,-0.141125858,1034.7,1.223,1,0,10,0,0,0
2023-12-23 22:20,-0.996917334,-0.078459096,-0.989991663,4.3,0,53.1,974.4,-356.813,132.672,-0.982928927,0,0,10.973,-5,-0.183985661,-4.148,-0.141125858,1034.7,1.223,1,0,10,0,0,0
2023-12-23 22:30,-0.994337944,0.106264071,-0.989991663,3,0,52.3,974.6,-356.813,132.642,-0.985028197,0,0,10.989,-5,-0.172393303,-4.157,-0.141125858,1034.9,1.223,1,0,10,0,0,0
2023-12-23 22:40,-0.999048222,-0.043619387,-0.989991663,3.2,0,54.1,974.5,-356.813,132.57,-0.983404065,0,0,10.884,-5.3,-0.181428896,-4.297,-0.141125858,1034.9,1.224,1,0,10,0,0,0
2023-12-23 22:50,-0.803856861,0.594822787,-0.989991663,3.8,0,52.6,974.5,-356.813,132.287,-0.98834026,0,0,11.015,-5,-0.152261386,-4.225,-0.141125858,1034.8,1.223,1,0,10,0,0,0
2023-12-23 23:00,-0.917754626,0.397147891,-0.989991663,2.6,0,53.2,974.5,-356.813,132.281,-0.996492859,0,0,10.629,-5.1,-0.083677843,-4.017,-0.141125858,1034.9,1.222,1,0,10,0,0,0
2023-12-23 23:10,-0.848971688,0.528438335,-0.989991663,4.2,0,55.1,974.6,-356.813,132.399,-0.999803106,0,0,10.449,-5.2,-0.019843091,-4.021,-0.141125858,1035,1.222,1,0,10,0,0,0
2023-12-23 23:20,-0.889416373,0.457097927,-0.993709418,1.8,0,55.2,974.6,-355.122,132.412,-0.999921044,0,0,10.227,-5.2,0.01256604,-3.973,-0.111989253,1035,1.222,1,0,10,0,0,0
2023-12-23 23:30,-0.992114701,-0.125333234,-0.999987974,1.7,0,56.7,974.5,-348.981,132.656,-0.999984791,0,0,9.311,-5.3,0.005515212,-3.807,-0.004904356,1034.9,1.221,1,0,10,0,0,0
2023-12-23 23:40,-0.994337944,0.106264071,-0.999987974,3.1,0,55.4,974.4,-348.981,132.993,-0.998773519,0,0,8.738,-5,-0.049512192,-3.98,-0.004904356,1034.7,1.222,1,0,10,0,0,0
2023-12-23 23:50,-0.993372766,0.11493715,-0.999987974,1.5,0,55.6,974.4,-348.981,133.332,-0.995167604,0,0,8.835,-5.1,-0.098190831,-3.87,-0.004904356,1034.8,1.222,1,0,10,0,0,0
2023-12-24 0:00,-0.956813584,0.290702194,-0.999987974,1.6,0,59.6,974.4,-348.981,133.67,-0.996913224,0,0,8.423,-5.6,-0.078511294,-3.907,-0.004904356,1034.9,1.222,1,0,10,0,0,0
2023-12-24 0:10,-0.89725837,0.441505853,-0.999987974,1.5,0,56.7,974.3,-348.981,133.986,-0.998320651,0,0,8.156,-5.1,-0.057929934,-3.916,-0.004904356,1034.6,1.222,1,0,10,0,0,0
2023-12-24 0:20,-0.781520472,0.623879597,-0.999987974,1.2,0,55.5,974.2,-348.981,134.017,-0.998247066,0,0,8.325,-4.9,-0.059184415,-4.247,-0.004904356,1034.5,1.223,1,0,10,0,0,0
2023-12-24 0:30,-0.998341817,0.057564027,-0.999987974,1.6,0,57,974.1,-348.981,134.154,-0.999442668,0,0,8.195,-5.1,-0.033381946,-3.928,-0.004904356,1034.4,1.222,1,0,10,0,0,0
2023-12-24 0:40,-0.994150964,-0.107999356,-0.999987974,2.1,0,56.5,974,-348.981,134.377,-0.996804025,0,0,7.768,-4.9,-0.079885773,-4.085,-0.004904356,1034.3,1.223,1,0,10,0,0,0
2023-12-24 0:50,-0.860742027,-0.509041416,-0.999987974,1.6,0,57.1,973.8,-348.981,134.618,-0.993670266,0,0,6.989,-5,-0.112336116,-4.172,-0.004904356,1034.1,1.223,1,0,10,0,0,0
2023-12-24 1:00,-0.998341817,-0.057564027,-0.999987974,2.1,0,55.6,973.6,-348.981,134.897,-0.997958198,0,0,6.702,-4.8,-0.063870451,-4.14,-0.004904356,1033.8,1.223,1,0,10,0,0,0
2023-12-24 1:10,-0.989015863,-0.147809411,-0.999987974,2,0,56.6,973.4,-348.981,135.175,-0.99553894,0,0,6.955,-4.9,-0.094351572,-4.056,-0.004904356,1033.6,1.223,1,0,10,0,0,0
2023-12-24 1:20,-0.993767919,0.111468932,-0.999987974,2,0,57,973.4,-348.981,135.427,-0.992679554,0,0,6.825,-4.8,-0.120777908,-4.074,-0.004904356,1033.6,1.223,1,0,10,0,0,0
2023-12-24 1:30,-0.980271175,-0.19765734,-0.999987974,1.8,0,59.2,973.5,-348.981,135.663,-0.993420823,0,0,6.755,-5.1,-0.114521037,-4.12,-0.004904356,1033.8,1.223,1,0,10,0,0,0
2023-12-24 1:40,-0.996194698,0.087155743,-0.999987974,1.3,0,59.7,973.5,-348.981,135.895,-0.999529317,0,0,6.595,-5,-0.030678074,-3.968,-0.004904356,1033.8,1.222,1,0,10,0,0,0
2023-12-24 1:50,-0.979222811,-0.202787295,-0.999987974,1.3,0,60.4,973.4,-348.981,136.104,-0.997789886,0,0,6.511,-5.1,0.066448049,-3.736,-0.004904356,1033.7,1.221,1,0,10,0,0,0
2023-12-24 2:00,-0.999961923,0.008726535,-0.999166134,1.9,0,61.3,973.4,-346.351,136.282,-0.969101891,0,0,6.548,-5.1,0.246660747,-3.484,0.040829352,1033.7,1.22,1,0,10,0,0,0
2023-12-24 2:10,-0.776046407,0.630675807,-0.983082718,0.9,0,60.5,973.2,-338.151,136.457,-0.959052391,0,0,6.917,-4.9,0.283228725,-2.918,0.18316214,1033.4,1.217,1,0,10,0,0,0
2023-12-24 2:20,-0.590605668,0.806960312,-0.954750419,2.2,0,59.9,973.2,-331.398,136.618,-0.966979251,0,0,7.523,-4.6,0.254855112,-2.907,0.297408201,1033.4,1.217,1,0,10,0,0,0
2023-12-24 2:30,-0.796529918,0.604599115,-0.954750419,1.5,0,59.9,973.2,-331.398,136.753,-0.971424979,0,0,7.73,-4.4,0.237346816,-2.926,0.297408201,1033.3,1.217,1,0,10,0,0,0
2023-12-24 2:40,-0.912834177,0.40833046,-0.954750419,2.1,0,61.8,973.2,-331.398,136.872,-0.973972011,0,0,7.687,-4.6,0.226668306,-2.895,0.297408201,1033.4,1.217,1,0,10,0,0,0
2023-12-24 2:50,-0.982612797,0.185666615,-0.954750419,2.1,0,61.1,973.1,-331.398,136.973,-0.979123593,0,0,8.382,-4.4,0.20326581,-3.161,0.297408201,1033.2,1.218,1,0,10,0,0,0
2023-12-24 3:00,-0.974761194,0.223250116,-0.954750419,2.4,0,60.1,973.2,-331.398,137.087,-0.978988567,0,0,7.504,-4.3,0.203915144,-3.697,0.297408201,1033.3,1.221,1,0,10,0,0,0
2023-12-24 3:10,-0.939692621,0.342020143,-0.954750419,2,0,59.6,973,-331.398,137.184,-0.970388546,0,0,8.437,-4.3,0.241549311,-3.137,0.297408201,1033.1,1.218,1,0,10,0,0,0
2023-12-24 3:20,-0.865151421,0.501510737,-0.954750419,1.7,0,60.6,972.9,-331.398,137.256,-0.969299611,0,0,8.142,-4.4,0.245882623,-2.897,0.297408201,1033,1.217,1,0,10,0,0,0
2023-12-24 3:30,-0.989015863,0.147809411,-0.954750419,1.2,0,61.9,972.8,-331.398,137.352,-0.957566331,0,0,7.204,-4.6,0.288212981,-2.834,0.297408201,1032.9,1.217,1,0,10,0,0,0
2023-12-24 3:40,-0.900318771,0.435231099,-0.954750419,1.2,0,62.4,972.5,-331.398,137.483,-0.967161374,0,0,6.589,-4.6,0.25416309,-2.706,0.297408201,1032.6,1.216,1,0,10,0,0,0
2023-12-24 3:50,-0.905568799,0.424199423,-0.954750419,2.1,0,62.7,972.6,-331.398,137.634,-0.971796604,0,0,6.094,-4.8,0.235820613,-2.724,0.297408201,1032.8,1.217,1,0,10,0,0,0
2023-12-24 4:00,-0.667832555,-0.744311546,-0.954750419,1.1,0,62.9,972.2,-331.398,137.784,-0.98031255,0,0,5.999,-4.6,0.197452029,-3.019,0.297408201,1032.3,1.218,1,0,10,0,0,0
2023-12-24 4:10,-0.918446381,-0.395545503,-0.954750419,0.5,0,64.7,972.2,-331.398,137.911,-0.973797655,0,0,6.275,-4.6,0.227416196,-3.12,0.297408201,1032.3,1.218,1,0,10,0,0,0
2023-12-24 4:20,-0.941470545,-0.337095258,-0.954750419,1,0,65.3,972.1,-331.398,138.018,-0.974275752,0,0,6.226,-4.9,0.225359178,-3.072,0.297408201,1032.3,1.218,1,0,10,0,0,0
2023-12-24 4:30,-0.89179753,0.452434709,-0.954750419,1.2,0,64.5,972.1,-331.398,138.073,-0.972686822,0,0,6.848,-4.8,0.232121406,-3.166,0.297408201,1032.2,1.219,1,0,10,0,0,0
2023-12-24 4:40,-0.999328394,0.036643709,-0.954750419,1.4,0,64.6,972.1,-331.398,138.106,-0.976821954,0,0,5.938,-4.9,0.214053429,-3.134,0.297408201,1032.3,1.218,1,0,10,0,0,0
2023-12-24 4:50,-0.967267753,-0.253757945,-0.954750419,0.8,0,63.1,972,-331.398,138.185,-0.984949866,0,0,6.223,-4.8,0.172840277,-3.34,0.297408201,1032.1,1.219,1,0,10,0,0,0
2023-12-24 5:00,-0.999390827,0.034899497,-0.954750419,1.6,0,64.9,972.2,-331.398,138.247,-0.977227403,0,0,6.762,-5,0.212194728,-3.135,0.297408201,1032.4,1.218,1,0,10,0,0,0
2023-12-24 5:10,-0.996778878,-0.080198924,-0.954750419,1.6,0,64.8,972,-331.398,138.306,-0.978118561,0,0,6.258,-4.8,0.208048264,-2.972,0.297408201,1032.1,1.218,1,0,10,0,0,0
2023-12-24 5:20,-0.791223533,-0.61152704,-0.954864545,0.3,0,64.1,971.9,-331.42,138.368,-0.989773741,0,0,6.423,-4.6,0.142646209,-3.154,0.297041582,1032,1.218,1,0,10,0,0,0
2023-12-24 5:30,-0.983254908,-0.182235525,-0.98612961,0.6,0,65.2,972,-339.146,138.435,-0.996110576,0,0,6.206,-4.6,0.088111981,-3.527,0.165977085,1032.1,1.22,1,0,10,0,0,0
2023-12-24 5:40,-0.999742609,0.022687334,-0.986892358,1,0,64.6,972,-339.413,138.563,-0.999977658,0,0,5.59,-4.4,0.006684561,-3.373,0.161379906,1032,1.219,1,0,10,0,0,0
2023-12-24 5:50,-0.9952274,0.0975829,-0.999525024,1.8,0,65.3,971.9,-346.934,138.666,-0.986864177,0,0,5.423,-4.2,-0.161552149,-3.078,0.030817634,1031.9,1.218,1,0,10,0,0,0
2023-12-24 6:00,-0.994337944,0.106264071,-0.989991663,1.8,0,66,971.9,-356.813,138.766,-0.979254652,0,0,5.075,-3.8,-0.202633477,-3,-0.141125858,1031.8,1.218,1,0,10,0,0,0
2023-12-24 6:10,-0.952661481,-0.304033061,-0.989991663,0.6,0,65.5,972,-356.813,138.893,-0.959368163,0,0,4.725,-4.1,-0.282157277,-2.961,-0.141125858,1032,1.218,1,0,10,0,0,0
2023-12-24 6:20,-0.786935022,-0.617035875,-0.96494782,0.8,0,65.2,971.9,-363.913,138.973,-0.896262057,0,0,4.874,-4.2,-0.443524887,-2.929,-0.26244181,1031.9,1.217,1,0,10,0,0,0
2023-12-24 6:30,-0.743144825,-0.669130606,-0.909461206,0.2,0,65.6,971.8,-373.266,139.031,-0.893253726,0,0,5.098,-4,-0.449552867,-2.899,-0.415788787,1031.7,1.217,1,0,10,0,0,0
2023-12-24 6:40,-0.999262916,-0.038387809,-0.901666551,1.2,0,66.7,971.9,-374.322,139.109,-0.889208857,0,0,5.396,-4.1,-0.457501484,-2.846,-0.432431996,1031.8,1.217,1,0,10,0,0,0
2023-12-24 6:50,-0.989015863,-0.147809411,-0.901666551,1.7,0,67.1,971.9,-374.322,139.187,-0.892876796,0,0,5.611,-3.9,-0.45030104,-2.797,-0.432431996,1031.8,1.217,1,0,10,0,0,0
2023-12-24 7:00,-0.96814764,-0.250380004,-0.901666551,2.2,0,64.3,971.9,-374.322,139.233,-0.939471558,0,0,5.791,-4,-0.342626899,-2.809,-0.432431996,1031.8,1.217,1,0,10,0,0,0
2023-12-24 7:10,-0.987959866,-0.154710386,-0.901666551,1.7,0,65.7,971.9,-374.322,139.255,-0.880295252,0,0,5.839,-4.1,-0.474426253,-2.741,-0.432431996,1031.8,1.217,1,0,10,0,0,0
2023-12-24 7:20,-0.844327926,-0.535826795,-0.866513682,0.9,0,67,971.8,-378.643,139.296,-0.779075425,0,0,6.181,-4,-0.626930205,-2.501,-0.499153322,1031.7,1.216,1,0,10,0,0,0
2023-12-24 7:30,-0.937281989,-0.348572047,-0.835749863,2.7,0,66.6,971.9,-382.006,139.295,-0.854567619,0,0,6.168,-3.8,-0.519340143,-2.458,-0.549110341,1031.8,1.215,1,0,10,0,0,0
2023-12-24 7:40,-0.964095404,-0.265556117,-0.882019974,1.7,0,65.5,972,-376.815,139.268,-0.971965104,0,0,6.183,-3.9,-0.235125149,-2.757,-0.471212017,1031.9,1.217,1,0,10,0,0,0
2023-12-24 7:50,-0.99074784,-0.135715572,-0.954838619,1.3,0,65.7,972,-365.991,139.275,-0.982274167,0,0,6.123,-3.9,-0.187449891,-2.761,-0.297124908,1031.9,1.217,1,0,10,0,0,0
2023-12-24 8:00,-0.993372766,0.11493715,-0.985665215,1.9,0,64.8,972.1,-358.412,139.287,-0.999817384,0,0,6.469,-3.8,-0.019110192,-3.042,-0.168713024,1032,1.218,1,0,10,0,0,0
2023-12-24 8:10,-0.965472631,0.260504509,-0.996179471,2.6,0,65,972.2,-353.71,139.315,-0.990080139,0,0,6.121,-3.7,-0.1405038,-2.947,-0.08732961,1032.1,1.218,1,0,10,0,0,0
2023-12-24 8:20,-0.985407898,0.170209499,-0.984798659,1.1,0,64.5,972.1,-358.701,139.368,-0.924519428,0,0,6.217,-3.6,-0.381134921,-2.616,-0.173699742,1031.9,1.216,1,0,10,0,0,0
2023-12-24 8:30,-0.97113428,-0.238533458,-0.945870321,1.2,0,64.8,972.2,-367.635,139.389,-0.911690346,0,0,5.998,-3.3,-0.410877979,-2.644,-0.324544814,1032,1.216,1,0,10,0,0,0
2023-12-24 8:40,-0.925209718,-0.37945616,-0.922760202,1.2,0,65,972.3,-371.367,139.419,-0.913822103,0,0,6.076,-3.3,-0.406114718,-2.57,-0.385374635,1032.1,1.216,1,0,10,0,0,0
2023-12-24 8:50,-0.994150964,-0.107999356,-0.922760202,1.4,0,63.9,972.5,-371.367,139.463,-0.944926066,0,0,6.212,-3.2,-0.327283868,-2.378,-0.385374635,1032.3,1.215,1,0,10,0,0,0
2023-12-24 9:00,-0.997052752,-0.076719028,-0.922760202,1.2,0,64.7,972.5,-371.367,139.451,-0.957982838,0,0,6.507,-3.1,-0.286825526,-2.275,-0.385374635,1032.2,1.214,1,0,10,0,0,0
2023-12-24 9:10,-0.978508985,-0.206204185,-0.922760202,1.3,0,62.1,972.5,-371.367,139.446,-0.965144509,0,0,6.38,-2.9,-0.261717551,-2.109,-0.385374635,1032.2,1.214,1,0,10,0,0,0
2023-12-24 9:20,-0.99955986,-0.029666244,-0.960098679,2.3,0,61.3,972.4,-364.942,139.434,-0.960079153,0,0,6.619,-2.6,-0.279728476,-1.821,-0.279661449,1032,1.212,1,0,10,0,0,0
2023-12-24 9:30,-0.877982975,-0.478691858,-0.966331186,1,0,60.1,972.5,-363.61,139.435,-0.961722181,0,0,6.286,-2.3,-0.27402636,-1.874,-0.257301454,1032,1.213,1,0,10,0,0,0
2023-12-24 9:40,-0.955793015,-0.294040325,-0.966331186,1.9,0,61.7,972.6,-363.61,139.474,-0.957737191,0,0,5.807,-2.3,-0.287644699,-2.032,-0.257301454,1032.1,1.213,1,0,10,0,0,0
2023-12-24 9:50,-0.979924705,-0.199367934,-0.966331186,1.4,0,63.7,972.7,-363.61,139.577,-0.974569912,0,0,5.705,-2.2,-0.224083661,-1.658,-0.257301454,1032.2,1.212,1,0,10,0,0,0
2023-12-24 10:00,-0.976672278,0.214735327,-0.966331186,2.4,0,64.4,972.7,-363.61,139.628,-0.989661402,0,0,5.172,-2,-0.143423531,-1.87,-0.257301454,1032.2,1.213,1,0,10,0,0,0
2023-12-24 10:10,-0.921185406,0.38912395,-0.988462185,0.7,0,64,972.8,-357.414,139.751,-0.999306473,0,0,4.957,-1.8,0.037236716,-1.451,-0.151467847,1032.2,1.211,1,0,10,0,0,0
2023-12-24 10:20,-0.999328394,-0.036643709,-0.999988814,2.6,0,64.4,972.6,-348.974,139.856,-0.993278148,0,0,4.276,-1.5,0.11575198,-1.411,-0.004729825,1031.9,1.211,1,0,10,0,0,0
2023-12-24 10:30,-0.843391446,0.537299608,-0.999553103,1.8,0,63.5,972.5,-346.987,139.963,-0.999037534,0,0,4.876,-1.3,0.0438635,-1.475,0.029893036,1031.8,1.211,1,0,10,0,0,0
2023-12-24 10:40,-0.96814764,-0.250380004,-0.999553103,2.6,0,64.2,972.5,-346.987,140.039,-0.998619469,0,0,4.964,-1.2,0.052527678,-1.513,0.029893036,1031.8,1.211,1,0,10,0,0,0
2023-12-24 10:50,-0.983571471,-0.180519145,-0.992507816,1.9,0,62.2,972.3,-341.684,140.129,-0.967510897,0,0,4.005,-0.8,0.252829317,-1.213,0.122181155,1031.5,1.21,1,0,10,0,0,0
2023-12-24 11:00,-0.836764313,0.547563223,-0.986155669,1.9,0,61.7,972.3,-339.155,140.181,-0.984542944,0,0,3.931,-0.9,0.175143345,-1.252,0.165822182,1031.6,1.21,1,0,10,0,0,0
2023-12-24 11:10,-0.997684279,0.068015291,-0.967884912,2,0,61,972.2,-334.141,140.238,-0.939214155,0,0,4.358,-0.6,0.343331868,-1.022,0.251393708,1031.4,1.209,1,0,10,0,0,0
2023-12-24 11:20,-0.811063819,0.584957675,-0.955133738,2.2,0,57.9,972.1,-331.472,140.305,-0.976140876,0,0,4.43,-0.5,0.217138181,-0.974,0.296174852,1031.2,1.209,1,0,10,0,0,0
2023-12-24 11:30,-0.966823389,0.255445758,-0.955133738,2.6,0,58.7,971.9,-331.472,140.353,-0.969778402,0,0,4.67,-0.6,0.243987398,-0.919,0.296174852,1031.1,1.208,1,0,10,0,0,0
2023-12-24 11:40,-0.906307787,0.422618262,-0.955133738,2.5,0,55.9,971.8,-331.472,140.399,-0.922497672,0,0,3.894,0.2,0.386002648,-0.712,0.296174852,1030.7,1.208,1,0,10,0,0,0
2023-12-24 11:50,-0.998806137,0.04884977,-0.955133738,1.3,0,57.9,971.5,-331.472,140.428,-0.963125009,0,0,5.088,0.1,0.269054301,-0.899,0.296174852,1030.4,1.208,1,0,10,0,0,0
2023-12-24 12:00,-0.975534544,-0.219846204,-0.935369979,2.4,0,57.8,971.5,-327.988,140.415,-0.94217449,0,0,5.265,0.1,0.335122709,-0.892,0.353670755,1030.4,1.208,1,0,10,0,0,0
2023-12-24 12:10,-0.89648643,0.443071191,-0.935456369,3.8,0,57.1,971.4,-328.003,140.403,-0.97435043,0,0,5.829,0,0.225036083,-0.826,0.35344219,1030.4,1.208,1,0,10,0,0,0
2023-12-24 12:20,-0.927183855,0.374606593,-0.964525173,2.6,0,56.1,971.2,-333.393,140.375,-0.959082046,0,0,6.017,-0.2,0.283128292,-0.577,0.263990891,1030.2,1.207,1,0,10,0,0,0
2023-12-24 12:30,0.61152704,0.791223533,-0.944536972,3.1,0,56,971,-329.528,140.38,-0.897520207,0,0,5.716,0.5,0.440973331,-0.327,0.328405098,1029.8,1.206,1,0,10,0,0,0
2023-12-24 12:40,-0.975916762,0.218143241,-0.885401739,3.3,0,55.5,970.7,-321.001,140.411,-0.730245749,0,0,3.823,0.3,0.683184562,-0.215,0.464826593,1029.5,1.205,1,0,10,0,0,0
2023-12-24 12:50,-0.974761194,0.223250116,-0.851150267,3.2,0,53.8,970.6,-317.039,140.368,-0.965921309,0,0,5.869,0.5,0.258835904,-0.342,0.524922112,1029.4,1.206,1,0,10,0,0,0
2023-12-24 13:00,-0.934825676,0.355106962,-0.906955813,2.4,0,52.3,970.5,-323.788,140.297,-0.911783548,0,0,5.819,0.3,0.410671112,-0.162,0.421225775,1029.3,1.205,1,0,10,0,0,0
2023-12-24 13:10,0.985109326,0.1719291,-0.872496007,3.6,0,52.2,970.2,-319.451,140.246,-0.933805411,0,0,6.36,0.7,0.357781293,-0.116,0.488621241,1028.9,1.205,1,0,10,0,0,0
2023-12-24 13:20,-0.576432316,0.817144898,-0.917227022,3.1,0,52,970.3,-325.219,140.158,-0.982874295,0,0,6.086,0.6,0.184277294,0.036,0.398364897,1029,1.204,1,0,10,0,0,0
2023-12-24 13:30,0.703394703,0.710799474,-0.962450499,2.8,0,51.7,970.2,-332.949,140.109,-0.914593045,0,0,6.101,0.8,0.404375521,0.199,0.271457248,1028.9,1.204,1,0,10,0,0,0
2023-12-24 13:40,-0.820151876,0.572145873,-0.918577499,2.3,0,52.3,970,-325.42,140.118,-0.924745435,0,0,5.927,0.7,0.380586233,0.317,0.395240912,1028.7,1.203,1,0,10,0,0,0
2023-12-24 13:50,-0.837718717,0.546101961,-0.917518792,3.2,0,52.5,969.9,-325.266,140.099,-0.96272952,0,0,7.965,1.1,0.270466026,0.148,0.397692427,1028.5,1.204,1,0,10,0,0,0
2023-12-24 14:00,-0.969872015,0.243615012,-0.95981019,3.1,0,52.4,969.8,-332.399,140.028,-0.954610162,0,0,6.965,1.2,0.297858084,0.195,0.280649957,1028.4,1.204,1,0,10,0,0,0
2023-12-24 14:10,-0.993767919,0.111468932,-0.962099097,2.7,0,52.8,969.7,-332.875,139.985,-0.931963582,0,0,6.561,0.9,0.362551902,0.381,0.272700068,1028.3,1.203,1,0,10,0,0,0
2023-12-24 14:20,-0.985996037,0.166768747,-0.933899046,2.8,0,52.9,969.7,-327.753,139.945,-0.96768717,0,0,7.398,0.8,0.252153806,0.384,0.357536811,1028.4,1.203,1,0,10,0,0,0
2023-12-24 14:30,-0.814115518,0.580702956,-0.955823801,3.2,0,53.9,969.6,-331.603,139.769,-0.986432123,0,0,10.012,0.6,0.16416963,0.075,0.293940233,1028.3,1.204,1,0,10,0,0,0
2023-12-24 14:40,-0.709570737,0.70463421,-0.97223122,4.7,0,54.7,969.6,-335.166,139.604,-0.9759396,0,0,9.215,0,0.218041042,0.129,0.234022339,1028.5,1.204,1,0,10,0,0,0
2023-12-24 14:50,-0.599023599,0.800731371,-0.97223122,2.1,0,54.4,969.5,-335.166,139.466,-0.971594572,0,0,8.09,0.3,0.236651618,-0.06,0.234022339,1028.3,1.205,1,0,10,0,0,0
2023-12-24 15:00,-0.997684279,0.068015291,-0.97223122,2.1,0,55.7,969.6,-335.166,139.346,-0.987230967,0,0,8.712,-0.2,0.159295381,-0.052,0.234022339,1028.5,1.205,1,0,10,0,0,0
2023-12-24 15:10,-0.921863152,-0.387515586,-0.97223122,2.4,0,55.4,969.6,-335.166,139.216,-0.976585999,0,0,7.872,0.2,0.215127371,-0.228,0.234022339,1028.4,1.205,1,0,10,0,0,0
2023-12-24 15:20,-0.999262916,-0.038387809,-0.97223122,3.4,0,55.6,969.5,-335.166,139.08,-0.991560652,0,0,9.939,-0.2,0.129643638,-0.341,0.234022339,1028.4,1.206,1,0,10,0,0,0
2023-12-24 15:30,-0.589196357,0.807989884,-0.97223122,2.1,0,56.6,969.5,-335.166,138.958,-0.993609341,0,0,8.923,-0.2,0.112873727,-0.242,0.234022339,1028.4,1.205,1,0,10,0,0,0
2023-12-24 15:40,-0.675590208,0.737277337,-0.97223122,3,0,56.4,969.3,-335.166,138.905,-0.96645233,0,0,7.879,-0.1,0.256846052,-0.152,0.234022339,1028.2,1.205,1,0,10,0,0,0
2023-12-24 15:50,0.807989884,0.589196357,-0.97223122,0.7,0,57.4,969.3,-335.166,138.841,-0.978205622,0,0,8.792,-0.5,0.207638532,-0.117,0.234022339,1028.3,1.205,1,0,10,0,0,0
2023-12-24 16:00,-0.693401828,0.720551112,-0.97223122,2.6,0,58.3,969.3,-335.166,138.767,-0.991909959,0,0,8.965,-0.6,0.126943425,-0.169,0.234022339,1028.3,1.205,1,0,10,0,0,0
2023-12-24 16:10,-0.99897057,-0.045362988,-0.97223122,2.8,0,58.2,969.3,-335.166,138.742,-0.987258754,0,0,7.136,-0.6,0.159123074,-0.331,0.234022339,1028.3,1.206,1,0,10,0,0,0
2023-12-24 16:20,-0.886203579,-0.463296035,-0.97223122,3.7,0,59.5,969.4,-335.166,138.789,-0.982152912,0,0,6.547,-0.8,0.188084177,-0.515,0.234022339,1028.5,1.207,1,0,10,0,0,0
2023-12-24 16:30,-0.35836795,0.933580426,-0.97223122,3.6,0,60.4,969.3,-335.166,138.873,-0.990614721,0,0,5.766,-0.9,0.136683849,-0.715,0.234022339,1028.4,1.208,1,0,10,0,0,0
2023-12-24 16:40,-0.870355696,0.49242356,-0.97223122,2.7,0,61.7,969.3,-335.166,138.875,-0.989753815,0,0,7.262,-1.2,0.142784406,-0.983,0.234022339,1028.4,1.209,1,0,10,0,0,0
2023-12-24 16:50,-0.830984469,0.556295616,-0.97223122,3.7,0,62.4,969.3,-335.166,138.852,-0.981137781,0,0,6.868,-1.4,0.193309737,-1.021,0.234022339,1028.4,1.209,1,0,10,0,0,0
2023-12-24 17:00,-0.758134336,0.652098404,-0.97223122,2.7,0,63.1,969.5,-335.166,138.863,-0.983969187,0,0,6.615,-1.5,0.17833855,-1.238,0.234022339,1028.7,1.21,1,0,10,0,0,0
2023-12-24 17:10,-0.987413807,0.158158067,-0.97223122,1.9,0,64,969.5,-335.166,138.847,-0.986691621,0,0,8.005,-1.7,0.162602723,-1.438,0.234022339,1028.7,1.211,1,0,10,0,0,0
2023-12-24 17:20,-0.965016494,-0.262189179,-0.97223122,2.9,0,63.8,969.4,-335.166,138.812,-0.989429831,0,0,7.697,-1.8,0.145012448,-1.646,0.234022339,1028.6,1.212,1,0,10,0,0,0
2023-12-24 17:30,-0.957822495,0.28736052,-0.97223122,2.8,0,61.2,969.6,-335.166,138.756,-0.989285077,0,0,8.673,-1.9,0.145996698,-1.652,0.234022339,1028.9,1.212,1,0,10,0,0,0
2023-12-24 17:40,-0.722967146,0.690882411,-0.97223122,2.4,0,60.4,969.6,-335.166,138.727,-0.988604501,0,0,7.081,-2.1,0.150536176,-1.748,0.234022339,1028.9,1.212,1,0,10,0,0,0
2023-12-24 17:50,-0.930417568,0.366501227,-0.97223122,2,0,59.9,969.5,-335.166,138.722,-0.966916949,0,0,7.265,-2.2,0.255091382,-1.851,0.234022339,1028.8,1.213,1,0,10,0,0,0
2023-12-24 18:00,-0.627963058,0.778243149,-0.97223122,1.3,0,60.2,969.4,-335.166,138.769,-0.954052247,0,0,5.371,-2.3,0.2996403,-2.018,0.234022339,1028.7,1.213,1,0,10,0,0,0
2023-12-24 18:10,-0.81613759,0.577857624,-0.97223122,2.5,0,60.6,969.4,-335.166,138.801,-0.98202466,0,0,6.991,-2.4,0.188752663,-2.062,0.234022339,1028.8,1.214,1,0,10,0,0,0
2023-12-24 18:20,-0.507538363,0.86162916,-0.973251097,2.9,0,59.7,969.4,-335.418,138.757,-0.996112113,0,0,8.07,-2.3,0.088094595,-2.009,0.229743993,1028.7,1.213,1,0,10,0,0,0
2023-12-24 18:30,-0.994702817,0.102792537,-0.994921195,1.1,0,61.3,969.5,-342.923,138.716,-0.995893884,0,0,6.947,-2.5,0.090528291,-2.12,0.100656918,1028.9,1.214,1,0,10,0,0,0
2023-12-24 18:40,-0.898794046,0.438371147,-0.994921195,1.8,0,62.5,969.6,-342.923,138.689,-0.999777013,0,0,8.108,-2.8,0.021116914,-2.179,0.100656918,1029.1,1.214,1,0,10,0,0,0
2023-12-24 18:50,-0.788010754,0.615661475,-0.994921195,2.3,0,63.5,969.7,-342.923,138.625,-0.998181386,0,0,8.532,-3,0.060282009,-2.226,0.100656918,1029.2,1.214,1,0,10,0,0,0
2023-12-24 19:00,-0.740804596,0.671720589,-0.994921195,1.6,0,62.7,969.8,-342.923,138.527,-0.999361863,0,0,8.329,-2.8,0.03571929,-2.37,0.100656918,1029.3,1.215,1,0,10,0,0,0
2023-12-24 19:10,-0.684547106,0.728968627,-0.994921195,2.5,0,63,969.9,-342.923,138.358,-0.99595841,0,0,8.515,-2.9,0.089815621,-2.484,0.100656918,1029.4,1.215,1,0,10,0,0,0
2023-12-24 19:20,-0.786935022,0.617035875,-0.994870121,3,0,63.4,969.9,-342.894,138.224,-0.999341757,0,0,9.263,-3,0.036277433,-2.5,0.10116048,1029.4,1.216,1,0,10,0,0,0
2023-12-24 19:30,-0.962217994,0.272280247,-0.994818791,3.1,0,63.2,969.8,-342.865,138.013,-0.996511819,0,0,9.077,-2.9,0.083451744,-2.682,0.101664016,1029.3,1.216,1,0,10,0,0,0
2023-12-24 19:40,-0.937888935,0.346935652,-0.994840062,3.8,0,64.4,969.8,-342.877,137.56,-0.995752061,0,0,9.135,-3.1,0.092075146,-2.79,0.10145566,1029.4,1.217,1,0,10,0,0,0
2023-12-24 19:50,-0.851726934,0.523985906,-0.994840062,3.3,0,65.1,969.8,-342.877,137.398,-0.994411888,0,0,8.839,-3,0.105569867,-2.759,0.10145566,1029.3,1.217,1,0,10,0,0,0
2023-12-24 20:00,-0.856267085,0.516533329,-0.994815242,4,0,66.2,969.8,-342.863,137.29,-0.997128582,0,0,9.797,-3.1,0.075727085,-2.694,0.101698742,1029.4,1.216,1,0,10,0,0,0
2023-12-24 20:10,-0.786935022,0.617035875,-0.99482766,4.5,0,65.7,969.6,-342.87,137.14,-0.995505944,0,0,9.315,-3,0.094699075,-2.759,0.101577202,1029.1,1.217,1,0,10,0,0,0
2023-12-24 20:20,-0.835807361,0.549022818,-0.994840062,2.9,0,66.5,969.7,-342.877,136.905,-0.996883005,0,0,9.543,-3.3,0.078894075,-2.967,0.10145566,1029.3,1.218,1,0,10,0,0,0
2023-12-24 20:30,-0.984807753,0.173648178,-0.994887761,3.8,0,67.3,969.7,-342.904,136.454,-0.999253507,0,0,10.328,-3.4,0.038631974,-2.969,0.100986841,1029.3,1.218,1,0,10,0,0,0
2023-12-24 20:40,-0.962691746,0.270600446,-0.994921195,3.1,0,68.3,969.7,-342.923,136.184,-0.99928486,0,0,11.537,-3.5,-0.037812269,-2.821,0.100656918,1029.4,1.217,1,0,10,0,0,0
2023-12-24 20:50,-0.948876012,0.315649037,-0.994921195,3.3,0,68.5,969.7,-342.923,135.895,-0.999686378,0,0,10.46,-3.6,-0.025042856,-2.914,0.100656918,1029.4,1.217,1,0,10,0,0,0
2023-12-24 21:00,-0.81004164,0.586372357,-0.994921195,2.2,0,69,969.7,-342.923,135.772,-0.999432719,0,0,10.646,-3.6,-0.033678485,-2.937,0.100656918,1029.4,1.217,1,0,10,0,0,0
2023-12-24 21:10,-0.733729865,0.679441304,-0.999998446,2.6,0,68.1,969.6,-348.597,135.608,-0.998267665,0,0,10.329,-3.4,-0.058835958,-2.823,0.001762782,1029.2,1.217,1,0,10,0,0,0
2023-12-24 21:20,-0.992757342,0.120136839,-0.999402345,1.2,0,71.5,969.5,-350.681,135.417,-0.999734629,0,0,9.957,-4.2,-0.023036308,-3.025,-0.034568084,1029.3,1.218,1,0,10,0,0,0
2023-12-24 21:30,-0.99955986,-0.029666244,-0.999402345,2.6,0,70.2,969.5,-350.681,135.1,-0.997747939,0,0,10.097,-4,-0.067074965,-2.817,-0.034568084,1029.3,1.217,1,0,10,0,0,0
2023-12-24 21:40,-0.923879533,-0.382683432,-0.999402345,2.2,0,70.4,969.5,-350.681,135.076,-0.998289162,0,0,9.113,-4.1,-0.058470069,-2.807,-0.034568084,1029.3,1.217,1,0,10,0,0,0
2023-12-24 21:50,-0.859852272,-0.510542918,-0.999402345,2.5,0,69.2,969.5,-350.681,135.141,-0.99865137,0,0,9.739,-3.8,-0.051917647,-2.779,-0.034568084,1029.2,1.217,1,0,10,0,0,0
2023-12-24 22:00,-0.996637387,-0.081938509,-0.999402345,1.2,0,69.9,969.6,-350.681,134.973,-0.999760883,0,0,10.286,-3.8,-0.021867232,-3.148,-0.034568084,1029.3,1.218,1,0,10,0,0,0
2023-12-24 22:10,-0.74779809,0.663926213,-0.999402345,2.9,0,69.1,969.7,-350.681,134.579,-0.999941453,0,0,11.357,-3.6,0.01082083,-3.102,-0.034568084,1029.4,1.218,1,0,10,0,0,0
2023-12-24 22:20,-0.865151421,0.501510737,-0.999402345,3.1,0,69,969.6,-350.681,134.358,-0.999900072,0,0,11.693,-3.6,-0.014136696,-3.057,-0.034568084,1029.3,1.218,1,0,10,0,0,0
2023-12-24 22:30,-0.809016994,0.587785252,-0.999402345,3.2,0,70.1,969.5,-350.681,134.025,-0.997990398,0,0,11.692,-3.7,-0.063365331,-3.404,-0.034568084,1029.2,1.22,1,0,10,0,0,0
2023-12-24 22:40,-0.892585818,0.450877541,-0.999402345,3.6,0,69.8,969.5,-350.681,133.58,-0.997842912,0,0,12.125,-3.6,-0.06564695,-3.348,-0.034568084,1029.2,1.219,1,0,10,0,0,0
2023-12-24 22:50,-0.955278362,0.29570805,-0.999402345,3.8,0,70.4,969.6,-350.681,133.358,-0.998424158,0,0,11.617,-3.6,-0.056117746,-3.422,-0.034568084,1029.3,1.22,1,0,10,0,0,0
2023-12-24 23:00,-0.987688341,0.156434465,-0.999402345,3.4,0,70.8,969.5,-350.681,133.151,-0.998014655,0,0,11.147,-3.7,-0.062982126,-3.6,-0.034568084,1029.2,1.22,1,0,10,0,0,0
2023-12-24 23:10,-0.770513243,0.63742399,-0.999402345,3.4,0,71.9,969.5,-350.681,132.851,-0.999664596,0,0,11.045,-3.8,-0.02589779,-3.531,-0.034568084,1029.2,1.22,1,0,10,0,0,0
2023-12-24 23:20,-0.862513669,0.506033764,-0.999402345,2.3,0,72.6,969.4,-350.681,132.777,-0.998868396,0,0,11.311,-3.9,-0.047559728,-3.5,-0.034568084,1029.1,1.22,1,0,10,0,0,0
2023-12-24 23:30,-0.846193166,0.532876276,-0.999402345,3,0,73.7,969.2,-350.681,132.664,-0.994162268,0,0,10.69,-4.1,-0.107895248,-3.594,-0.034568084,1029,1.22,1,0,10,0,0,0
2023-12-24 23:40,-0.803856861,0.594822787,-0.999402345,3.9,0,74.5,969.1,-350.681,132.382,-0.989962084,0,0,10.161,-4.2,-0.141333198,-3.623,-0.034568084,1028.9,1.221,1,0,10,0,0,0
2023-12-24 23:50,-0.966823389,0.255445758,-0.999402345,3.1,0,74.5,969.1,-350.681,132.335,-0.988696274,0,0,9.894,-4.2,-0.149932244,-3.654,-0.034568084,1028.9,1.221,1,0,10,0,0,0
2023-12-25 0:00,-0.975534544,0.219846204,-0.998924137,2.4,0,74.2,969.1,-351.361,132.299,-0.981750198,0,0,10.945,-4.1,-0.190175048,-3.707,-0.046374214,1028.9,1.221,1,0,10,0,0,0
2023-12-25 0:10,-0.998239828,0.059306374,-0.98614409,1.6,0,77.2,969,-358.438,132.264,-0.986640489,0,0,10.26,-5,-0.162912694,-3.381,-0.165891028,1029,1.219,1,0,10,0,0,0
2023-12-25 0:20,-0.962691746,0.270600446,-0.985591506,2,0,74.9,968.8,-358.438,132.42,-0.993280168,0,0,9.412,-4.6,-0.115734644,-3.118,-0.169143086,1028.7,1.218,1,0,10,0,0,0
2023-12-25 0:30,-0.887815385,0.460199785,-0.985591506,1.8,0,75.8,968.6,-358.438,132.448,-0.988121336,0,0,8.671,-4.9,-0.153675713,-3.235,-0.169143086,1028.5,1.219,1,0,10,0,0,0
2023-12-25 0:40,-0.988756381,0.149535343,-0.985591506,2.1,0,78,968.8,-358.438,132.703,-0.970190076,0,0,7.792,-5.4,-0.242345244,-3.242,-0.169143086,1028.9,1.219,1,0,10,0,0,0
2023-12-25 0:50,-0.848971688,0.528438335,-0.985591506,2.1,0,75.9,968.8,-358.438,133.06,-0.967775129,0,0,7.463,-4.8,-0.251816004,-3.384,-0.169143086,1028.7,1.219,1,0,10,0,0,0
2023-12-25 1:00,-0.994150964,0.107999356,-0.985591506,1.4,0,77.9,968.5,-358.438,133.399,-0.976488277,0,0,7.19,-5.3,-0.21557051,-3.539,-0.169143086,1028.5,1.22,1,0,10,0,0,0
2023-12-25 1:10,-0.99897057,0.045362988,-0.985591506,2.7,0,75.4,968.5,-358.438,133.679,-0.982136495,0,0,7.762,-4.8,-0.188169885,-3.532,-0.169143086,1028.4,1.22,1,0,10,0,0,0
2023-12-25 1:20,-0.986855716,-0.161603821,-0.985591506,2.6,0,75.1,968.4,-358.438,133.916,-0.99390721,0,0,8.25,-4.7,-0.110220039,-3.442,-0.169143086,1028.3,1.22,1,0,10,0,0,0
2023-12-25 1:30,-0.957319498,0.289031797,-0.992924117,2.1,0,73.4,968.3,-355.513,134.022,-0.999990557,0,0,9.051,-4.7,-0.004345856,-3.706,-0.118750571,1028.2,1.221,1,0,10,0,0,0
2023-12-25 1:40,-0.851726934,0.523985906,-0.999356865,2.1,0,76.6,968.3,-350.755,133.756,-0.9999826,0,0,9.811,-5.2,0.005899179,-3.826,-0.035858827,1028.3,1.221,1,0,10,0,0,0
2023-12-25 1:50,-0.836764313,0.547563223,-0.999356865,3.6,0,76.3,968.3,-350.755,133.651,-0.998182438,0,0,10.678,-4.8,0.060264588,-3.636,-0.035858827,1028.2,1.221,1,0,10,0,0,0
2023-12-25 2:00,-0.835807361,0.549022818,-0.999356865,4.2,0,73.7,968.2,-350.755,133.581,-0.999657325,0,0,10.921,-4.5,0.026176948,-3.844,-0.035858827,1028,1.222,1,0,10,0,0,0
2023-12-25 2:10,-0.959313975,0.282341457,-0.999356865,4,0,74.3,968.2,-350.755,133.233,-0.999311015,0,0,12.068,-4.5,-0.037114627,-4.126,-0.035858827,1028,1.223,1,0,10,0,0,0
2023-12-25 2:20,-0.989776231,0.142628934,-0.999356865,3.6,0,75.6,968.2,-350.755,132.926,-0.997757294,0,0,13.19,-4.9,-0.066935653,-3.872,-0.035858827,1028.1,1.222,1,0,10,0,0,0
2023-12-25 2:30,-0.998806137,0.04884977,-0.999356865,2.9,0,77.4,968.1,-350.755,132.723,-0.997858923,0,0,12.87,-5,-0.065403129,-3.819,-0.035858827,1028,1.221,1,0,10,0,0,0
2023-12-25 2:40,-0.856267085,0.516533329,-0.999356865,3.8,0,74.8,968,-350.755,132.424,-0.994239222,0,0,12.505,-4.4,-0.107183813,-3.917,-0.035858827,1027.8,1.222,1,0,10,0,0,0
2023-12-25 2:50,-0.821149209,0.570713568,-0.999356865,4,0,73.4,967.7,-350.755,132.131,-0.990367405,0,0,12.732,-4.3,-0.138464444,-3.899,-0.035858827,1027.4,1.222,1,0,10,0,0,0
2023-12-25 3:00,-0.894154237,0.447759088,-0.999356865,3.7,0,76.6,967.7,-350.755,131.907,-0.986115122,0,0,13.502,-4.8,-0.16606314,-3.877,-0.035858827,1027.6,1.222,1,0,10,0,0,0
2023-12-25 3:10,-0.907044014,0.421035813,-0.999356865,3,0,76.3,967.7,-350.755,131.668,-0.991153106,0,0,13.231,-4.9,-0.132723475,-3.744,-0.035858827,1027.6,1.221,1,0,10,0,0,0
2023-12-25 3:20,-0.960293686,0.278991106,-0.999356865,5,0,73.3,967.9,-350.755,131.484,-0.991519875,0,0,12.581,-4.2,-0.129955139,-3.932,-0.035858827,1027.6,1.222,1,0,10,0,0,0
2023-12-25 3:30,-0.975149354,0.221548498,-0.999356865,3.4,0,73.6,967.9,-350.755,131.249,-0.988959036,0,0,12.121,-4.4,-0.148189155,-4.16,-0.035858827,1027.7,1.223,1,0,10,0,0,0
2023-12-25 3:40,-0.951056516,0.309016994,-0.999356865,2.1,0,76.1,967.9,-350.755,130.989,-0.99231467,0,0,12.545,-4.8,-0.123740031,-4.072,-0.035858827,1027.8,1.223,1,0,10,0,0,0
2023-12-25 3:50,-0.97236992,0.233445364,-0.999356865,4.1,0,77.7,967.9,-350.755,130.834,-0.985205196,0,0,12.813,-4.8,-0.171378885,-3.984,-0.035858827,1027.8,1.222,1,0,10,0,0,0
2023-12-25 4:00,-0.970295726,0.241921896,-0.993951376,4.8,0,76.2,967.8,-355.002,130.669,-0.976705997,0,0,11.674,-4.4,-0.214581909,-3.856,-0.10982105,1027.6,1.222,1,0,10,0,0,0
2023-12-25 4:10,-0.94437637,0.328866647,-0.985151307,3.5,0,74.1,967.6,-358.586,130.744,-0.953390997,0,0,9.472,-4.3,-0.301737644,-3.956,-0.171688388,1027.3,1.222,1,0,10,0,0,0
2023-12-25 4:20,-0.974370065,0.224951054,-0.970426477,3.2,0,74.8,967.6,-362.669,130.978,-0.954365507,0,0,9.752,-4.4,-0.298641055,-3.983,-0.24139688,1027.4,1.222,1,0,10,0,0,0
2023-12-25 4:30,-0.999847695,0.017452406,-0.952963473,3.7,0,75.2,967.7,-366.343,131.064,-0.968899228,0,0,10.454,-4.5,-0.247455623,-4.253,-0.303085167,1027.5,1.223,1,0,10,0,0,0
2023-12-25 4:40,-0.999815712,-0.019197442,-0.952963473,3.6,0,75.8,967.6,-366.343,131.002,-0.977308808,0,0,11.579,-4.6,-0.211819484,-3.823,-0.303085167,1027.4,1.221,1,0,10,0,0,0
2023-12-25 4:50,-0.951056516,0.309016994,-0.952963473,3.7,0,74.9,967.6,-366.343,131.109,-0.984539887,0,0,13.131,-4.2,-0.175160528,-3.586,-0.303085167,1027.3,1.22,1,0,10,0,0,0
2023-12-25 5:00,-0.892585818,0.450877541,-0.952963473,4.1,0,75.4,967.7,-366.343,130.959,-0.984527656,0,0,13.785,-4.4,-0.175229262,-3.695,-0.303085167,1027.5,1.221,1,0,10,0,0,0
2023-12-25 5:10,-0.921863152,0.387515586,-0.952963473,4.2,0,75.8,967.7,-366.343,130.877,-0.98559741,0,0,13.881,-4.4,-0.169108682,-3.316,-0.303085167,1027.5,1.219,1,0,10,0,0,0
2023-12-25 5:20,-0.97154912,0.236838146,-0.952963473,5.1,0,75.4,967.8,-366.343,130.98,-0.971046788,0,0,13.684,-4.2,-0.238889381,-3.092,-0.303085167,1027.5,1.218,1,5.067,4.933,0,0,0
2023-12-25 5:30,-0.995884399,-0.09063258,-0.952963473,4.3,0,75.8,968,-366.343,131.244,-0.95020075,0,0,13.467,-4.3,-0.311638469,-3.035,-0.303085167,1027.8,1.218,0,10,0,0,0,0
2023-12-25 5:40,-0.992331938,-0.123601477,-0.952963473,3.9,0,76.3,968.1,-366.343,131.554,-0.952836434,0,0,13.015,-4.3,-0.303484317,-3.155,-0.303085167,1027.9,1.218,0,10,0,0,0,0
2023-12-25 5:50,-0.975916762,-0.218143241,-0.953921414,3.5,0,75.9,968.1,-366.343,131.701,-0.965176477,0,0,12.191,-4.3,-0.261599635,-3.491,-0.300056555,1027.9,1.22,0,10,0,0,0,0
2023-12-25 6:00,-0.937281989,0.348572047,-0.952963473,4,0,76.4,968,-366.343,131.783,-0.963919069,0,0,11.47,-4.3,-0.266195471,-3.77,-0.303085167,1027.8,1.221,0,10,0,0,0,0
2023-12-25 6:10,-0.96770917,0.252069358,-0.952963473,3.1,0,76.5,968.1,-366.343,131.822,-0.960900064,0,0,10.892,-4.4,-0.276895408,-3.834,-0.303085167,1027.9,1.222,0,10,0,0,0,0
2023-12-25 6:20,-0.957822495,0.28736052,-0.952963473,3.6,0,76.3,968.1,-366.343,131.835,-0.95639656,0,0,10.574,-4.6,-0.292071258,-3.986,-0.303085167,1027.9,1.222,0,10,0,0,0,0
2023-12-25 6:30,-0.990509463,0.137444546,-0.952963473,4.4,0,77.3,968.1,-366.343,131.83,-0.962918106,0,0,10.796,-4.5,-0.269793848,-3.977,-0.303085167,1027.9,1.222,0,10,0,0,0,0
2023-12-25 6:40,-0.984195608,-0.17708474,-0.952963473,4.6,0,74.4,968.2,-366.343,131.804,-0.964856152,0,0,10.785,-4.2,-0.262778625,-4.046,-0.303085167,1027.9,1.222,0,10,0,0,0,0
2023-12-25 6:50,-0.991671162,-0.128795597,-0.952963473,4.9,0,74.1,968.2,-366.343,131.743,-0.967050382,0,0,11.383,-4.2,-0.25458507,-4.098,-0.303085167,1027.9,1.223,0,10,0,0,0,0
2023-12-25 7:00,-0.989272333,0.146083029,-0.952963473,4.9,0,74.7,968.2,-366.343,131.645,-0.970624169,0,0,11.973,-4.2,-0.240600753,-4.07,-0.303085167,1027.9,1.223,0,10,0,0,0,0
2023-12-25 7:10,-0.951594404,0.307356618,-0.952963473,6.6,0,74.7,968.2,-366.343,131.533,-0.964621866,0,0,11.406,-4.2,-0.263637356,-4.046,-0.303085167,1027.9,1.222,0,10,0,0,0,0
2023-12-25 7:20,-0.994702817,0.102792537,-0.952963473,3.6,0,74.3,968.3,-366.343,131.432,-0.971956896,0,0,11.222,-4.3,-0.235159077,-4.045,-0.303085167,1028.1,1.222,0,10,0,0,0,0
2023-12-25 7:30,-0.796529918,0.604599115,-0.952963473,3.1,0,75,968.3,-366.343,137.632,-0.965821852,0,0,10.732,-4.4,-0.259206772,-4.023,-0.303085167,1028.1,1.222,1,7.533,0.5,0,0,1.933
2023-12-25 7:40,-0.921185406,0.38912395,-0.952963473,2.3,0,74.1,968.3,-366.343,137.915,-0.961683911,0,0,11.115,-4.2,-0.274160639,-3.729,-0.303085167,1028,1.221,0,10,0,0,0,0
2023-12-25 7:50,-0.990509463,0.137444546,-0.952963473,3.5,0,74.6,968.5,-366.343,137.204,-0.964534388,0,0,10.671,-4.3,-0.263957222,-3.787,-0.303085167,1028.3,1.221,1,9.7,0.033,0,0,0.267
2023-12-25 8:00,-0.999262916,-0.038387809,-0.952963473,3.5,0,75.7,968.6,-366.343,136.647,-0.98176679,0,0,10.058,-4.4,-0.190089374,-3.728,-0.303085167,1028.4,1.221,0,10,0,0,0,0
2023-12-25 8:10,-0.932323801,0.36162457,-0.952963473,4,0,73.8,968.7,-366.343,136.196,-0.967201286,0,0,10.187,-4.1,-0.254011166,-3.585,-0.303085167,1028.4,1.22,0,10,0,0,0,0
2023-12-25 8:20,-0.970716482,0.240228042,-0.952963473,4.5,0,73.3,968.8,-366.343,135.891,-0.949178576,0,0,9.621,-4,-0.314738036,-3.608,-0.303085167,1028.5,1.22,0,10,0,0,0,0
2023-12-25 8:30,-0.978147601,0.207911691,-0.952963473,3,0,73.5,968.8,-366.343,135.65,-0.952831137,0,0,9.69,-4,-0.303500947,-3.609,-0.303085167,1028.5,1.221,0,10,0,0,0,0
2023-12-25 8:40,-0.974370065,0.224951054,-0.952963473,3.4,0,73.5,968.9,-366.343,135.444,-0.948284882,0,0,10.079,-3.9,-0.317420514,-3.537,-0.303085167,1028.6,1.22,0,10,0,0,0,0
2023-12-25 8:50,-0.992757342,-0.120136839,-0.952963473,4.5,0,74.8,969,-366.343,135.289,-0.958202822,0,0,9.645,-4,-0.286089764,-3.431,-0.303085167,1028.7,1.22,0,4.467,0,5.533,0,0
2023-12-25 9:00,-0.999328394,-0.036643709,-0.952963473,4.1,0,75.1,969.1,-366.343,134.195,-0.965531713,0,0,9.534,-4,-0.260285443,-3.358,-0.303085167,1028.8,1.219,0,0,0,10,0,0
2023-12-25 9:10,-0.974761194,0.223250116,-0.952963473,3.7,0,73.7,969.2,-366.343,108.972,-0.978609639,0,0,8.994,-3.7,-0.205725971,-3.306,-0.303085167,1028.9,1.219,0,0,0,10,0,0
2023-12-25 9:20,-0.81004164,0.586372357,-0.952963473,3.3,0,72.2,969.2,-366.343,94.212,-0.975947211,0,0,8.742,-3.5,-0.218006976,-3.202,-0.303085167,1028.8,1.219,0,0,0,10,0,0
2023-12-25 9:30,-0.86949493,0.493941867,-0.952963473,2.3,0,72,969.2,-366.343,84.404,-0.981339677,0,0,7.931,-3.4,-0.192282186,-3.218,-0.303085167,1028.8,1.219,0,0,0,10,0,0
2023-12-25 9:40,-0.760405966,0.649448048,-0.952963473,4,0,71.8,969.2,-366.343,77.174,-0.989419705,0,0,8.267,-3.2,-0.145081522,-3.105,-0.303085167,1028.8,1.218,0,0,0,10,0,0
2023-12-25 9:50,-0.857167301,0.515038075,-0.952963473,4.3,0,71.1,969.3,-366.343,71.476,-0.987504735,0,0,8.58,-2.9,-0.157589332,-3.045,-0.303085167,1028.8,1.218,0,0,0,10,0,0
2023-12-25 10:00,-0.986572162,0.163325962,-0.952963473,4.1,0,70.2,969.5,-366.343,66.868,-0.991122966,0,0,9.218,-2.6,-0.132948357,-2.91,-0.303085167,1028.9,1.217,0,0,0,10,0,0
2023-12-25 10:10,-0.986855716,0.161603821,-0.952963473,5.2,0,70.1,969.6,-366.343,63.417,-0.99895866,0,0,8.823,-2.4,-0.045624516,-2.754,-0.303085167,1029,1.217,0,0,0,10,0,0
2023-12-25 10:20,-0.79863551,0.601815023,-0.952963473,5.2,0,68.7,969.5,-366.343,61.019,-0.999506012,0,0,8.434,-2,-0.031428204,-2.577,-0.303085167,1028.8,1.216,0,0,0,10,0,0
2023-12-25 10:30,-0.849892693,0.526955795,-0.952963473,4.1,0,67,969.6,-366.343,59.183,-0.999350592,0,0,7.946,-1.6,0.036033247,-2.334,-0.303085167,1028.8,1.215,0,0,0,10,0,0
2023-12-25 10:40,-0.920504853,0.390731128,-0.952963473,3.7,0,65.7,969.5,-366.343,57.691,-0.998598302,0,0,8.315,-1.3,0.052928546,-2.1,-0.303085167,1028.6,1.214,0,0.033,0,9.967,0,0
2023-12-25 10:50,-0.926528631,0.376224263,-0.952963473,5.1,0,63.9,969.5,-366.343,56.431,-0.992264918,0,0,7.403,-0.9,0.124138362,-1.86,-0.303085167,1028.6,1.213,0,0,0,10,0,0
2023-12-25 11:00,-0.921185406,0.38912395,-0.952963473,3.9,0,61.9,969.5,-366.343,55.345,-0.998032204,0,0,7.121,-0.7,0.062703425,-1.568,-0.303085167,1028.5,1.211,0,0,0,10,0,0
2023-12-25 11:10,-0.987413807,-0.158158067,-0.952963473,3.6,0,60.8,969.5,-366.343,54.398,-0.983753705,0,0,5.879,-0.7,0.179523392,-1.239,-0.303085167,1028.5,1.21,0,0,0,10,0,0
2023-12-25 11:20,-0.998629535,-0.052335956,-0.952963473,4.1,0,58.9,969.5,-366.343,53.51,-0.99492822,0,0,6.282,-0.5,0.100587459,-1.062,-0.303085167,1028.5,1.209,0,0,0,10,0,0
2023-12-25 11:30,0.910683661,-0.41310443,-0.952963473,4,0,58.3,969.4,-366.343,52.675,-0.997655701,0,0,7.626,-0.2,-0.068433194,-1.127,-0.303085167,1028.3,1.209,0,0,0,10,0,0
2023-12-25 11:40,-0.753563392,0.657375246,-0.990581293,4.5,0,56.6,969.4,-356.569,105.13,-0.997448265,0,0,7.791,-0.3,0.071392992,-1.09,-0.136925898,1028.3,1.209,1,0.833,4.033,3.267,0,1.833
2023-12-25 11:50,-0.874619707,0.48480962,-0.999158993,4.4,0,56.9,969.3,-351.05,133.594,-0.99828712,0,0,9.122,-0.1,0.058504916,-0.89,-0.041003739,1028.2,1.208,1,0,10,0,0,0
2023-12-25 12:00,-0.899557779,0.436801788,-0.999892789,5.4,0,57,969.2,-349.537,131.972,-0.989676416,0,0,9.724,-0.2,0.143319893,-0.712,-0.014642789,1028.1,1.208,1,0,10,0,0,0
2023-12-25 12:10,-0.980955155,0.194234351,-0.996249263,3.5,0,56.6,969,-343.736,130.881,-0.99988098,0,0,11.101,0.2,0.015428098,-0.709,0.086529798,1027.8,1.208,1,0,10,0,0,0
2023-12-25 12:20,-0.981958713,0.189095443,-0.996249263,6.2,0,56.3,968.9,-343.736,130.089,-0.999111833,0,0,12.223,0.1,-0.042137222,-0.644,0.086529798,1027.7,1.207,1,0,10,0,0,0
2023-12-25 12:30,-0.858959897,0.512042865,-0.999946079,5.5,0,56.7,968.7,-348.104,129.548,-0.989656395,0,0,13.374,0.3,-0.143458077,-0.633,0.010384522,1027.4,1.207,1,0,10,0,0,0
2023-12-25 12:40,-0.962217994,0.272280247,-0.994607306,3.4,0,54,968.4,-354.654,129.112,-0.975680137,0,0,15.003,0.4,-0.219199157,-0.536,-0.103712617,1027.1,1.207,1,0,10,0,0,0
2023-12-25 12:50,-0.875464527,0.483282383,-0.983327982,5,0,53,968.2,-359.177,128.833,-0.987294832,0,0,14.964,0.5,-0.158899068,-0.303,-0.181840807,1026.8,1.206,1,0,10,0,0,0
2023-12-25 13:00,-0.919821497,0.392337117,-0.983327982,3.2,0,53,968,-359.177,128.766,-0.976492039,0,0,15.657,0.5,-0.215553467,-0.169,-0.181840807,1026.6,1.205,1,0,4.867,0,0,0
2023-12-25 13:10,-0.75011107,0.661311865,-0.983327982,4.5,0,54.1,967.9,-359.177,128.789,-0.992299545,0,0,14.065,0.8,-0.123861264,-0.003,-0.181840807,1026.4,1.204,1,0,10,0,0,0
2023-12-25 13:20,-0.98450318,-0.175366726,-0.983327982,3.4,0,51.5,967.9,-359.177,128.837,-0.986190377,0,0,12.956,1.3,-0.165615638,0.077,-0.181840807,1026.3,1.204,1,0,10,0,0,0
2023-12-25 13:30,-0.989272333,-0.146083029,-0.991940948,3.3,0,49.6,967.8,-355.978,129.03,-0.999988482,0,0,12.172,1.2,-0.004799637,0.294,-0.126701052,1026.2,1.203,1,0,10,0,0,0
2023-12-25 13:40,-0.67687597,0.736097087,-0.998748331,5,0,47.5,967.9,-351.567,129.21,-0.996112113,0,0,12.022,0.8,0.088094595,0.247,-0.050017711,1026.4,1.203,1,0,10,0,0,0
2023-12-25 13:50,-0.81613759,0.577857624,-0.996416505,6.4,0,49,968,-343.842,129.27,-0.988137424,0,0,11.218,0.9,0.153572236,0.279,0.084582197,1026.5,1.203,1,0,10,0,0,0
2023-12-25 14:00,-0.996917334,0.078459096,-0.995788942,5.3,0,49.7,967.9,-343.44,129.281,-0.995376103,0,0,11.24,1.3,0.096054226,0.356,0.091675418,1026.3,1.203,1,0,10,0,0,0
2023-12-25 14:10,-0.778243149,0.627963058,-0.995788942,5.8,0,47.8,968,-343.44,129.347,-0.997157585,0,0,10.48,1.2,0.075344209,0.461,0.091675418,1026.4,1.202,1,0,10,0,0,0
2023-12-25 14:20,-0.99756405,-0.069756474,-0.995788942,3.1,0,47.6,967.8,-343.44,129.52,-0.993123735,0,0,9.444,0.8,0.117069412,0.519,0.091675418,1026.3,1.202,1,0,10,0,0,0
2023-12-25 14:30,-0.986855716,0.161603821,-0.995790542,4.1,0,46.9,967.9,-343.441,129.659,-0.991967462,0,0,10.945,1.2,0.126493297,0.488,0.091658038,1026.3,1.202,1,0,10,0,0,0
2023-12-25 14:40,-0.994880709,0.101056297,-0.995788942,3.2,0,46.7,967.9,-343.44,129.775,-0.99992622,0,0,10.314,1.5,-0.012147193,0.539,0.091675418,1026.3,1.202,1,0,10,0,0,0
2023-12-25 14:50,-0.908508178,0.417867074,-0.995788942,5,0,47.6,968.1,-343.44,129.976,-0.996572725,0,0,10.452,1.2,0.08272124,0.536,0.091675418,1026.6,1.202,1,0,10,0,0,0
2023-12-25 15:00,-0.592013179,0.805928282,-0.995788942,1.7,0,48.3,968.1,-343.44,130.16,-0.999851629,0,0,11.169,1.5,0.017225548,0.399,0.091675418,1026.5,1.203,1,0,10,0,0,0
2023-12-25 15:10,-0.898794046,0.438371147,-0.995788942,2.9,0,48.1,968.1,-343.44,130.275,-0.998615799,0,0,9.746,1.3,-0.052597395,0.453,0.091675418,1026.5,1.202,1,0,10,0,0,0
2023-12-25 15:20,-0.841510782,0.54024032,-0.999919944,3.7,0,48.9,968.2,-349.43,130.289,-0.994499981,0,0,12.68,1.2,-0.104736753,0.191,-0.012653299,1026.7,1.204,1,0,10,0,0,0
2023-12-25 15:30,-0.892585818,-0.450877541,-0.999049744,2.7,0,49.2,968.3,-351.198,130.179,-0.999742213,0,0,11.449,0.9,-0.022704782,0.033,-0.043584514,1026.8,1.204,1,0,10,0,0,0
2023-12-25 15:40,-0.866896749,-0.49848774,-0.999049744,5.1,0,50.2,968.3,-351.198,130.036,-0.994922952,0,0,10.909,0.8,-0.100639554,0.142,-0.043584514,1026.9,1.204,1,0,10,0,0,0
2023-12-25 15:50,-0.795473481,0.6059884,-0.999049744,4.4,0,51.1,968.4,-351.198,130.093,-0.989576119,0,0,10.629,0.5,-0.144010783,0.205,-0.043584514,1027.1,1.203,1,0,10,0,0,0
2023-12-25 16:00,-0.64678978,0.76266833,-0.999049744,5.6,0,51.3,968.5,-351.198,130.159,-0.989057101,0,0,10.588,0.5,-0.14753322,0.143,-0.043584514,1027.2,1.204,1,0,10,0,0,0
2023-12-25 16:10,-0.917060074,0.398749069,-0.999049744,3.9,0,51.9,968.8,-351.198,130.366,-0.999246071,0,0,7.245,0.4,0.038823816,0.239,-0.043584514,1027.5,1.203,1,0,10,0,0,0
2023-12-25 16:20,-0.953190668,0.302369891,-0.999049744,2,0,52.9,968.7,-351.198,130.753,-0.999995752,0,0,6.348,0.2,-0.002914696,0.216,-0.043584514,1027.5,1.203,1,0,10,0,0,0
2023-12-25 16:30,-0.987136265,-0.159881188,-0.999049744,3.4,0,52.8,968.8,-351.198,131.156,-0.99992537,0,0,7.695,0.1,0.012217001,0.168,-0.043584514,1027.6,1.204,1,0,10,0,0,0
2023-12-25 16:40,-0.990268069,0.139173101,-0.999049744,4.3,0,53.3,968.9,-351.198,131.468,-0.999974522,0,0,8.85,-0.1,0.007138336,0.1,-0.043584514,1027.7,1.204,1,0,10,0,0,0
2023-12-25 16:50,-0.983885038,0.178802215,-0.999049744,3.9,0,54,969,-351.198,131.546,-0.995857464,0,0,9.282,-0.2,-0.090928061,-0.205,-0.043584514,1027.9,1.205,1,0,10,0,0,0
2023-12-25 17:00,-0.81613759,0.577857624,-0.999049744,3.9,0,54.9,969.1,-351.198,131.444,-0.999316833,0,0,8.972,-0.4,-0.036957655,-0.244,-0.043584514,1028,1.205,1,0,10,0,0,0
2023-12-25 17:10,-0.755853469,0.654740814,-0.999954428,4.7,0,55.3,969.2,-348.152,131.574,-0.98929272,0,0,8.203,-0.5,0.145944899,-0.47,0.009546806,1028.2,1.206,1,0,10,0,0,0
2023-12-25 17:20,-0.848971688,0.528438335,-0.995669709,2.5,0,56.9,969.4,-343.367,131.747,-0.992182368,0,0,7.795,-0.9,0.12479643,-0.68,0.092961446,1028.5,1.207,1,0,10,0,0,0
2023-12-25 17:30,-0.830012285,0.557745109,-0.995669709,2,0,58.1,969.3,-343.367,131.962,-0.990136461,0,0,7.583,-1.1,0.140106345,-0.75,0.092961446,1028.4,1.208,1,0,10,0,0,0
2023-12-25 17:40,-0.898794046,0.438371147,-0.995669709,2.9,0,58.8,969.5,-343.367,132.184,-0.981560519,0,0,6.629,-1.1,0.191151636,-0.935,0.092961446,1028.6,1.209,1,0,10,0,0,0
2023-12-25 17:50,-0.97957525,0.201077921,-0.995669709,3.1,0,58.8,969.6,-343.367,132.342,-0.988593989,0,0,7.481,-1.2,0.150605193,-0.965,0.092961446,1028.7,1.209,1,0,10,0,0,0
2023-12-25 18:00,-0.866025404,0.5,-0.995614369,3.6,0,57.8,969.5,-343.332,132.481,-0.990023658,0,0,8.348,-1.1,0.140901232,-1.012,0.093552272,1028.6,1.209,1,0,10,0,0,0
2023-12-25 18:10,-0.836764313,0.547563223,-0.995669709,4.6,0,58.1,969.6,-343.367,132.527,-0.998006953,0,0,9.014,-1.2,0.063104056,-1.019,0.092961446,1028.7,1.209,1,0,10,0,0,0
2023-12-25 18:20,-0.885393626,0.464842046,-0.995669709,4.8,0,58.3,969.6,-343.367,132.489,-0.999995494,0,0,10.887,-1.3,-0.003001962,-1.132,0.092961446,1028.7,1.209,1,0,10,0,0,0
2023-12-25 18:30,-0.929132572,0.369746757,-0.995669709,2.3,0,58,969.8,-343.367,132.059,-0.999541552,0,0,10.378,-1.2,-0.030276835,-1.238,0.092961446,1028.9,1.21,1,0,10,0,0,0
2023-12-25 18:40,-0.90408255,0.427357863,-0.995669709,3.2,0,59.4,969.8,-343.367,131.816,-0.999487745,0,0,10.436,-1.5,-0.032003873,-1.176,0.092961446,1029,1.21,1,0,10,0,0,0
2023-12-25 18:50,-0.995396198,-0.095845753,-0.995669709,1.8,0,60.4,970,-343.367,131.718,-0.999605227,0,0,9.167,-1.7,-0.028096103,-1.171,0.092961446,1029.2,1.21,1,0,10,0,0,0
2023-12-25 19:00,-0.983254908,0.182235525,-0.999762788,3.4,0,60.8,969.9,-349.946,131.672,-0.990980861,0,0,10.027,-1.5,-0.134003481,-1.113,-0.021779987,1029.1,1.209,1,0,10,0,0,0
2023-12-25 19:10,-0.858959897,0.512042865,-0.99912283,2.5,0,59.6,970.1,-351.1,131.702,-0.993802889,0,0,8.359,-1.3,-0.111156725,-1.122,-0.041875654,1029.2,1.209,1,0,10,0,0,0
2023-12-25 19:20,-0.802817475,0.596224875,-0.999105202,4.2,0,59.8,970.1,-351.124,131.77,-0.994643448,0,0,9.969,-1.4,-0.103365427,-1.145,-0.042294162,1029.3,1.209,1,0,10,0,0,0
2023-12-25 19:30,-0.892585818,0.450877541,-0.999105202,1.6,0,60.1,970.3,-351.124,131.757,-0.992907526,0,0,10.491,-1.5,-0.118889209,-1.305,-0.042294162,1029.5,1.21,1,0,10,0,0,0
2023-12-25 19:40,-0.900318771,0.435231099,-0.999105202,2.6,0,62,970.3,-351.124,131.396,-0.991996137,0,0,11.366,-1.9,-0.126268224,-1.481,-0.042294162,1029.6,1.211,1,0,10,0,0,0
2023-12-25 19:50,-0.987688341,-0.156434465,-0.999105202,3.3,0,61.5,970.2,-351.124,131.138,-0.992550405,0,0,11.596,-1.8,-0.121834697,-1.468,-0.042294162,1029.5,1.211,1,0,10,0,0,0
2023-12-25 20:00,-0.961261696,-0.275637356,-0.999105202,1.6,0,62.5,970.2,-351.124,130.941,-0.994594628,0,0,11.358,-2.1,-0.103834131,-1.484,-0.042294162,1029.5,1.211,1,0,10,0,0,0
2023-12-25 20:10,-0.995561965,0.094108313,-0.999105202,2.5,0,61.7,970.3,-351.124,130.824,-0.999609628,0,0,9.459,-1.9,-0.027939085,-1.685,-0.042294162,1029.6,1.212,1,0,10,0,0,0
2023-12-25 20:20,-0.969015731,-0.246999013,-0.999105202,2.3,0,62.3,970.2,-351.124,130.595,-0.992529126,0,0,10.632,-2,-0.122007928,-1.708,-0.042294162,1029.5,1.212,1,0,10,0,0,0
2023-12-25 20:30,-0.988228381,0.152985836,-0.999105202,1.3,0,64,970.3,-351.124,130.408,-0.987712901,0,0,10.697,-2.2,-0.156279317,-1.632,-0.042294162,1029.7,1.212,1,0,10,0,0,0
2023-12-25 20:40,-0.984807753,0.173648178,-0.999105202,2.7,0,64.5,970.4,-351.124,130.2,-0.983728629,0,0,11.535,-2.3,-0.179660749,-1.692,-0.042294162,1029.8,1.212,1,0,10,0,0,0
2023-12-25 20:50,-0.910683661,0.41310443,-0.999105202,2.4,0,65.3,970.4,-351.124,129.954,-0.988316331,0,0,12.576,-2.3,-0.152416632,-1.724,-0.042294162,1029.8,1.212,1,0,10,0,0,0
2023-12-25 21:00,-0.9952274,0.0975829,-0.999105202,2.8,0,65.2,970.3,-351.124,129.71,-0.993045873,0,0,12.457,-2.3,-0.117728051,-1.844,-0.042294162,1029.7,1.213,1,0,10,0,0,0
2023-12-25 21:10,-0.991444861,-0.130526192,-0.999105202,4.5,0,67.6,970.3,-351.124,129.501,-0.992780388,0,0,12.484,-2.7,-0.119946241,-1.961,-0.042294162,1029.8,1.213,1,0,10,0,0,0
2023-12-25 21:20,-0.909961271,0.414693243,-0.999105202,4.2,0,66.6,970.1,-351.124,129.218,-0.99150853,0,0,13.195,-2.4,-0.130041665,-2.018,-0.042294162,1029.5,1.213,1,0,10,0,0,0
2023-12-25 21:30,-0.935444031,0.353474844,-0.999105202,3.5,0,66.4,969.9,-351.124,129.002,-0.991745179,0,0,14.441,-2.4,-0.128224414,-1.952,-0.042294162,1029.3,1.213,1,0,10,0,0,0
2023-12-25 21:40,-0.917060074,0.398749069,-0.999105202,5.1,0,65.6,969.7,-351.124,128.849,-0.984096552,0,0,15.827,-2.3,-0.177634391,-1.725,-0.042294162,1029.1,1.212,1,0,10,0,0,0
2023-12-25 21:50,-0.999328394,0.036643709,-0.999105202,3,0,67.7,969.7,-351.124,128.682,-0.985019169,0,0,15.438,-2.8,-0.172444879,-1.715,-0.042294162,1029.2,1.212,1,0,10,0,0,0
2023-12-25 22:00,-0.982935349,-0.183951351,-0.999105202,3.4,0,69,969.8,-351.124,128.443,-0.986403455,0,0,15.331,-2.9,-0.164341792,-1.937,-0.042294162,1029.3,1.213,1,0,10,0,0,0
2023-12-25 22:10,-0.907777479,-0.419452082,-0.998288141,4.2,0,69,969.7,-352.055,128.234,-0.979445195,0,0,15.084,-2.7,-0.201710461,-1.851,-0.058487493,1029.2,1.213,1,0,10,0,0,0
2023-12-25 22:20,-0.980955155,-0.194234351,-0.984254277,4.5,0,66.4,969.6,-358.881,128.13,-0.983009113,0,0,15.025,-2.2,-0.18355676,-1.614,-0.176758359,1028.9,1.212,1,0,10,0,0,0
2023-12-25 22:30,-0.993767919,0.111468932,-0.984254277,6.7,0,66.6,969.5,-358.881,128.078,-0.98566227,0,0,14.467,-2.2,-0.168730227,-1.837,-0.176758359,1028.8,1.213,1,0,10,0,0,0
2023-12-25 22:40,-0.99950656,0.031410759,-0.984254277,5.4,0,66.4,969.5,-358.881,127.963,-0.987778277,0,0,14.133,-2.1,-0.155865571,-1.846,-0.176758359,1028.8,1.213,1,0,10,0,0,0
2023-12-25 22:50,-0.999780683,0.02094242,-0.984254277,5.2,0,67.1,969.4,-358.881,128.089,-0.987663756,0,0,14.122,-2.3,-0.156589609,-1.786,-0.176758359,1028.7,1.212,1,0,10,0,0,0
2023-12-25 23:00,-0.975916762,0.218143241,-0.984254277,3.4,0,68.7,969.2,-358.881,128.159,-0.982793795,0,0,14.196,-2.6,-0.184706136,-2.044,-0.176758359,1028.6,1.213,1,0,10,0,0,0
2023-12-25 23:10,-0.998341817,-0.057564027,-0.984254277,3.4,0,69,969.4,-358.881,128.041,-0.99828712,0,0,13.583,-2.6,-0.058504916,-2.072,-0.176758359,1028.8,1.214,1,0,10,0,0,0
2023-12-25 23:20,-0.960293686,-0.278991106,-0.997263104,4.3,0,70.4,969.5,-352.942,128.313,-0.999258891,0,0,13.162,-2.7,-0.038492451,-2.158,-0.073934436,1029,1.214,1,0,10,0,0,0
2023-12-25 23:30,-0.99074784,-0.135715572,-0.998933828,3.1,0,71,969.6,-351.346,128.452,-0.994201747,0,0,14.746,-3,-0.107530861,-2.114,-0.046164998,1029.1,1.214,1,0,10,0,0,0
2023-12-25 23:40,-0.996041065,0.088894297,-0.998933828,4.1,0,73.2,969.5,-351.346,128.226,-0.987693801,0,0,15.841,-3.3,-0.156399988,-2.287,-0.046164998,1029.1,1.215,1,0,10,0,0,0
2023-12-25 23:50,-0.998719357,0.05059294,-0.993231602,6.4,0,72.5,969.3,-355.37,127.997,-0.971321324,0,0,16.509,-2.9,-0.237770657,-1.99,-0.116150698,1028.8,1.213,1,0,10,0,0,0
2023-12-26 0:00,-0.978147601,0.207911691,-0.983562018,5.3,0,72.1,969.3,-359.103,127.932,-0.985103324,0,0,15.576,-2.7,-0.171963487,-1.748,-0.180570645,1028.7,1.212,1,0,10,0,0,0
2023-12-26 0:10,-0.999742609,-0.022687334,-0.983562018,5.1,0,73.2,969.3,-359.103,127.963,-0.995220585,0,0,14.263,-2.9,-0.09765238,-2.217,-0.180570645,1028.8,1.214,1,0,10,0,0,0
2023-12-26 0:20,-0.912834177,-0.40833046,-0.98358722,3.6,0,73.1,969.3,-359.095,127.936,-0.993326547,0,0,14.065,-2.9,-0.115335907,-2.107,-0.180433312,1028.8,1.214,1,0,10,0,0,0
2023-12-26 0:30,-0.986285602,-0.165047606,-0.983562018,3.6,0,74.7,969.3,-359.103,128.123,-0.984392799,0,0,14.345,-3.2,-0.175985273,-1.774,-0.180570645,1028.9,1.212,1,0,10,0,0,0
2023-12-26 0:40,-0.982287251,0.187381315,-0.983562018,4.1,0,75.1,969.3,-359.103,128.242,-0.98409035,0,0,13.479,-3.1,-0.177668743,-2.048,-0.180570645,1028.8,1.213,1,0,9.967,0,0,0
2023-12-26 0:50,-0.988228381,0.152985836,-0.983562018,3.4,0,75,969.3,-359.103,128.086,-0.991885569,0,0,13.942,-3.1,-0.127133856,-2.16,-0.180570645,1028.8,1.214,1,0,10,0,0,0
2023-12-26 1:00,-0.999998477,0.001745328,-0.983562018,2.7,0,74.6,969.3,-359.103,128.236,-0.995344195,0,0,13.6,-3.1,-0.0963843,-1.898,-0.180570645,1028.8,1.213,1,0,10,0,0,0
2023-12-26 1:10,-0.996345296,-0.085416923,-0.983562018,4.7,0,76.2,969.3,-359.103,128.516,-0.998669431,0,0,12.662,-3.2,-0.051569048,-1.954,-0.180570645,1028.9,1.213,1,0,10,0,0,0
2023-12-26 1:20,-0.999876632,-0.015707317,-0.99712726,2.3,0,75,969.3,-353.046,128.791,-0.999668202,0,0,13.611,-3.1,-0.025758211,-2.087,-0.075744488,1028.8,1.214,1,0,10,0,0,0
2023-12-26 1:30,-0.97154912,-0.236838146,-0.998874199,2.2,0,75.9,969.2,-351.42,128.539,-0.998713169,0,0,13.654,-3.3,-0.050714956,-2.357,-0.047437693,1028.8,1.215,1,0,10,0,0,0
2023-12-26 1:40,-0.985407898,0.170209499,-0.998874199,2.9,0,77.3,969.4,-351.42,128.413,-0.996316916,0,0,12.947,-3.5,-0.085747319,-2.473,-0.047437693,1029,1.215,1,0,10,0,0,0
2023-12-26 1:50,-0.992331938,0.123601477,-0.998830734,1.2,0,77.6,969.4,-351.471,128.347,-0.9796874,0,0,12.021,-3.7,-0.200530792,-2.503,-0.048344222,1029.1,1.216,1,0,10,0,0,0
2023-12-26 2:00,-0.817144898,0.576432316,-0.983092307,4.9,0,75.2,969.6,-359.251,128.323,-0.973956185,0,0,11.471,-2.8,-0.226736302,-2.518,-0.183110666,1029.1,1.216,1,0,10,0,0,0
2023-12-26 2:10,-1,-1.84E-16,-0.983092307,3.8,0,75.7,969.7,-359.251,128.188,-0.985556059,0,0,10.563,-3.2,-0.169349504,-2.689,-0.183110666,1029.3,1.216,1,0,10,0,0,0
2023-12-26 2:20,-0.965016494,0.262189179,-0.983092307,2,0,75.8,969.5,-359.251,128.314,-0.958352486,0,0,10.382,-3.1,-0.285588011,-2.62,-0.183110666,1029,1.216,1,0,10,0,0,0
2023-12-26 2:30,-0.940288127,0.34037955,-0.983092307,2.4,0,77.7,969.4,-359.251,128.511,-0.981756836,0,0,9.58,-3.3,-0.190140779,-2.623,-0.183110666,1029,1.216,1,0,10,0,0,0
2023-12-26 2:40,-0.970716482,0.240228042,-0.983092307,4,0,76.8,969.4,-359.251,128.672,-0.997533518,0,0,11.182,-3.2,-0.070191737,-2.754,-0.183110666,1029,1.217,1,0,10,0,0,0
2023-12-26 2:50,-0.976672278,0.214735327,-0.996977292,3.6,0,76.3,969.4,-353.158,128.442,-0.997032633,0,0,13.715,-3.2,-0.076980053,-2.693,-0.077693495,1029,1.216,1,0,10,0,0,0
2023-12-26 3:00,-0.979924705,0.199367934,-0.998615799,2.8,0,77.7,969.5,-351.715,128.199,-0.990285065,0,0,14.821,-3.4,-0.139052116,-2.513,-0.052597395,1029.1,1.216,1,0,10,0,0,0
2023-12-26 3:10,-0.988756381,0.149535343,-0.998615799,5,0,77.7,969.4,-351.715,127.986,-0.98259659,0,0,14.53,-3.3,-0.185752364,-2.504,-0.052597395,1029,1.216,1,0,10,0,0,0
2023-12-26 3:20,-0.97154912,0.236838146,-0.998615799,3.2,0,77,969.3,-351.715,127.801,-0.991481273,0,0,13.653,-3.5,-0.130249323,-2.626,-0.052597395,1028.9,1.216,1,0,10,0,0,0
2023-12-26 3:30,-0.989272333,0.146083029,-0.998615799,2.9,0,77,969.3,-351.715,127.623,-0.999759737,0,0,11.852,-3.3,-0.02191958,-3.013,-0.052597395,1028.9,1.218,1,0,10,0,0,0
2023-12-26 3:40,-0.914253955,0.405141587,-0.998615799,5.2,0,76.9,969.2,-351.715,127.694,-0.99733489,0,0,13.562,-3.1,0.072959692,-2.564,-0.052597395,1028.7,1.216,1,0,10,0,0,0
2023-12-26 3:50,-0.970716482,0.240228042,-0.998615799,5,0,75.5,969.2,-351.715,128.011,-0.996990837,0,0,15.399,-3,0.077519489,-2.087,-0.052597395,1028.7,1.214,1,0,10,0,0,0
2023-12-26 4:00,-0.992965508,0.118403968,-0.999998256,3.9,0,76.2,969.2,-348.805,128.408,-0.996822124,0,0,17.022,-3.1,0.079659603,-2.146,-0.001867501,1028.7,1.214,1,0,10,0,0,0
2023-12-26 4:10,-0.86162916,0.507538363,-0.996481166,5.7,0,77.3,969,-343.892,128.486,-0.999402948,0,0,17.979,-3.2,0.034550641,-2.272,0.083816979,1028.5,1.214,1,0,10,0,0,0
2023-12-26 4:20,-0.836764313,0.547563223,-0.996469453,3.7,0,77.5,968.7,-343.884,128.243,-0.998916028,0,0,17.628,-3.2,0.046548558,-2.526,0.083956113,1028.2,1.216,1,0,10,0,0,0
2023-12-26 4:30,-0.927836254,0.372987783,-0.996469453,5,0,77.9,968.6,-343.884,128.184,-0.99534083,0,0,15.179,-3.3,0.096419044,-2.666,0.083956113,1028.1,1.216,1,0,10,0,0,0
2023-12-26 4:40,-0.848048096,0.529919264,-0.996469453,4.1,0,78.5,968.5,-343.884,128.177,-0.998067069,0,0,15.902,-3.4,0.062146009,-2.688,0.083956113,1028.1,1.216,1,0,10,0,0,0
2023-12-26 4:50,-0.988493887,0.15126082,-0.996469453,4.4,0,78,968.6,-343.884,128.051,-0.99896502,0,0,17.705,-3.3,0.045485035,-2.666,0.083956113,1028.1,1.216,1,0,10,0,0,0
2023-12-26 5:00,-0.986855716,0.161603821,-0.996469453,3.9,0,76.8,968.7,-343.884,127.912,-0.99986485,0,0,17.168,-3.1,0.016440261,-2.495,0.083956113,1028.2,1.215,1,0,10,0,0,0
2023-12-26 5:10,-0.776046407,0.630675807,-0.996469453,4.6,0,76.7,968.8,-343.884,127.861,-0.999953085,0,0,16.836,-3.2,0.009686426,-2.516,0.083956113,1028.3,1.216,1,0,10,0,0,0
2023-12-26 5:20,-0.739631095,0.673012514,-0.996469453,4.6,0,76.7,968.8,-343.884,127.764,-0.999841542,0,0,16.991,-3.3,-0.017801418,-2.588,0.083956113,1028.4,1.216,1,0,10,0,0,0
2023-12-26 5:30,-0.943222658,0.332161132,-0.996469453,3.2,0,76.7,968.8,-343.884,127.593,-0.999750468,0,0,16.588,-3.3,-0.022338356,-2.485,0.083956113,1028.4,1.215,1,0,10,0,0,0
2023-12-26 5:40,-0.858064906,0.513541252,-0.996469453,3.1,0,74.9,968.8,-343.884,127.557,-0.999969839,0,0,15.256,-3.1,0.007766637,-2.539,0.083956113,1028.3,1.216,1,0,10,0,0,0
2023-12-26 5:50,-0.993960955,0.109734311,-0.996469453,2.5,0,76.1,968.8,-343.884,127.543,-0.999963877,0,0,14.939,-3.2,0.008499651,-2.549,0.083956113,1028.3,1.216,1,0,10,0,0,0
2023-12-26 6:00,-0.997915618,0.064532308,-0.996469453,3.6,0,76.7,968.7,-343.884,127.383,-0.999622683,0,0,14.233,-3.2,0.027468027,-2.498,0.083956113,1028.2,1.215,1,0,10,0,0,0
2023-12-26 6:10,-0.941470545,0.337095258,-0.996469453,4.2,0,76,968.6,-343.884,127.406,-0.999376737,0,0,12.756,-3.1,-0.035300675,-2.702,0.083956113,1028.1,1.216,1,0,10,0,0,0
2023-12-26 6:20,-0.901077021,0.433659085,-0.999263586,2.9,0,76.4,968.6,-346.502,127.401,-0.995798537,0,0,13.404,-3.2,-0.091571139,-2.592,0.038370369,1028.1,1.216,1,0,10,0,0,0
2023-12-26 6:30,-0.752414909,0.65868946,-0.998748331,3.6,0,75.6,968.8,-351.567,127.359,-0.991760837,0,0,13.42,-2.9,-0.128103248,-2.523,-0.050017711,1028.3,1.216,1,0,10,0,0,0
2023-12-26 6:40,-0.858064906,0.513541252,-0.998748331,1.9,0,78.6,969,-351.567,127.161,-0.98743588,0,0,13.416,-3.4,-0.158020197,-2.369,-0.050017711,1028.6,1.215,1,0,10,0,0,0
2023-12-26 6:50,-0.978147601,0.207911691,-0.998748331,4.1,0,77.1,969.1,-351.567,127.109,-0.989803595,0,0,13.811,-3.4,-0.142438908,-1.947,-0.050017711,1028.7,1.213,1,0,10,0,0,0
2023-12-26 7:00,-0.997185134,-0.074978727,-0.998748331,2.6,0,77,969.2,-351.567,127.151,-0.991250131,0,0,12.447,-3.3,-0.131996886,-2.124,-0.050017711,1028.8,1.214,1,0,10,0,0,0
2023-12-26 7:10,-0.994337944,-0.106264071,-0.998734324,2.7,0,76,969.2,-351.583,127.073,-0.991980703,0,0,12.699,-3,-0.126389418,-2.045,-0.050296612,1028.7,1.213,1,0,10,0,0,0
2023-12-26 7:20,-0.937888935,-0.346935652,-0.99775963,2.7,0,76.7,969,-352.538,127.06,-0.977710007,0,0,14.835,-3,-0.209959861,-1.581,-0.066900824,1028.5,1.211,1,0,10,0,0,0
2023-12-26 7:30,-0.9909832,0.133986185,-0.982378705,4.6,0,75.6,969,-359.472,127.119,-0.963490395,0,0,12.676,-2.7,-0.267742895,-1.479,-0.186901256,1028.4,1.211,1,0,10,0,0,0
2023-12-26 7:40,-0.933580426,0.35836795,-0.982378705,2.9,0,74.9,969,-359.472,127.053,-0.946040122,0,0,12.426,-2.5,-0.324049513,-1.751,-0.186901256,1028.4,1.212,1,0,10,0,0,0
2023-12-26 7:50,-0.907777479,0.419452082,-0.95314844,3.7,0,74.5,968.9,-366.306,127.027,-0.944410804,0,0,11.784,-2.4,-0.32876775,-1.677,-0.302502978,1028.2,1.212,1,0,10,0,0,0
2023-12-26 8:00,-0.965016494,0.262189179,-0.948157385,4.3,0,75.1,969,-367.23,127.199,-0.968635225,0,0,11.419,-2.6,-0.248487022,-1.574,-0.317801154,1028.4,1.211,1,0,9.933,0,0,0
2023-12-26 8:10,-0.973578903,-0.22835087,-0.948157385,2.6,0,75,969.1,-367.23,127.26,-0.982903229,0,0,12.091,-2.7,-0.184122902,-1.74,-0.317801154,1028.5,1.212,1,0,10,0,0,0
2023-12-26 8:20,-0.999975631,-0.00698126,-0.981393334,3.5,0,75.7,969.3,-359.77,127.255,-0.984958915,0,0,12.576,-2.7,-0.172788705,-1.477,-0.192008137,1028.7,1.211,1,0,10,0,0,0
2023-12-26 8:30,-0.977045574,0.213030386,-0.982136495,3.6,0,74.9,969.3,-359.546,127.291,-0.987731987,0,0,13.371,-2.4,-0.156158644,-1.29,-0.188169885,1028.7,1.21,1,0,10,0,0,0
2023-12-26 8:40,-0.958322574,0.285688367,-0.982136495,4,0,74.2,969.5,-359.546,127.207,-0.986580712,0,0,12.876,-2.2,-0.163274305,-1.455,-0.188169885,1028.8,1.211,1,0,10,0,0,0
2023-12-26 8:50,-0.942641491,0.333806859,-0.982136495,4.4,0,73.5,969.6,-359.546,127.177,-0.989878041,0,0,13.152,-2.1,-0.141920628,-1.096,-0.188169885,1028.9,1.209,1,0,10,0,0,0
2023-12-26 9:00,-0.967156327,0.231301228,-0.982136495,3.9,0,73.1,969.85,-359.546,127.2595,-0.989775978,0,0,12.2875,-2,-0.142628897,-1.2125,-0.188169885,1029.15,1.2095,1,0,9.7665,0,0,0
2023-12-26 9:10,-0.991671162,0.128795597,-0.982136495,3.4,0,72.7,970.1,-359.546,127.342,-0.989673914,0,0,11.423,-1.9,-0.143337166,-1.329,-0.188169885,1029.4,1.21,1,0,9.533,0,0,0
2023-12-26 9:20,-0.991894443,-0.127064609,-0.982136495,1.4,0,72.7,970.1,-359.546,127.385,-0.990195062,0,0,10.739,-1.9,-0.139691585,-1.108,-0.188169885,1029.4,1.209,1,0,10,0,0,0
2023-12-26 9:30,-0.940880769,-0.33873792,-0.982136495,1.6,0,72.2,970.2,-359.546,127.674,-0.984527656,0,0,10.8,-1.6,-0.175229262,-0.893,-0.188169885,1029.4,1.208,1,0,10,0,0,0
2023-12-26 9:40,-0.989015863,0.147809411,-0.982136495,1.6,0,71.1,970.2,-359.546,127.761,-0.977323593,0,0,11.019,-1.3,-0.211751254,-1.035,-0.188169885,1029.3,1.209,1,0,10,0,0,0
2023-12-26 9:50,-0.960293686,0.278991106,-0.982136495,3.9,0,70.2,970.2,-359.546,127.754,-0.966881323,0,0,11.29,-1,-0.255226386,-0.86,-0.188169885,1029.4,1.208,1,0,10,0,0,0
2023-12-26 10:00,-0.986285602,0.165047606,-0.982136495,2.2,0,69.2,970.3,-359.546,127.825,-0.957223598,0,0,11.415,-0.5,-0.28934924,-0.747,-0.188169885,1029.3,1.208,1,0,10,0,0,0
2023-12-26 10:10,-0.983885038,0.178802215,-0.982136495,3.7,0,68.2,970.3,-359.546,127.88,-0.961290555,0,0,11.665,-0.1,-0.275536691,-0.54,-0.188169885,1029.2,1.207,1,0,10,0,0,0
2023-12-26 10:20,-0.997801468,-0.0662739,-0.982136495,2.7,0,67.4,970.4,-359.546,127.901,-0.968920819,0,0,11.5,-0.1,-0.24737107,-0.545,-0.188169885,1029.3,1.207,1,0,10,0,0,0
2023-12-26 10:30,-0.934204474,-0.356737999,-0.982136495,3.7,0,66.3,970.4,-359.546,127.862,-0.955133738,0,0,11.324,0.1,-0.296174852,-0.287,-0.188169885,1029.3,1.206,1,0,10,0,0,0
2023-12-26 10:40,-0.965016494,-0.262189179,-0.982136495,3.8,0,64.9,970.3,-359.546,127.966,-0.948688535,0,0,11.155,0.3,-0.316212056,-0.106,-0.188169885,1029.1,1.205,1,0,10,0,0,0
2023-12-26 10:50,-0.978508985,0.206204185,-0.963672419,1.4,0,63.2,970.3,-364.19,128.056,-0.946598627,0,0,11.466,0.9,-0.322414391,0.01,-0.267087006,1029,1.204,1,0,10,0,0,0
2023-12-26 11:00,-0.829037573,0.559192903,-0.94774614,2.5,0,62.2,970.2,-367.304,128.21,-0.956864307,0,0,11.108,1.1,-0.290535194,0.17,-0.319025475,1028.8,1.204,1,0,10,0,0,0
2023-12-26 11:10,-0.991671162,0.128795597,-0.94774614,1.7,0,61,970.2,-367.304,128.219,-0.950748624,0,0,11.004,1.6,-0.309962988,0.244,-0.319025475,1028.7,1.203,1,0,10,0,0,0
2023-12-26 11:20,-0.999742609,0.022687334,-0.94774614,3.6,0,58.9,970.1,-367.304,128.349,-0.964805685,0,0,10.69,1.8,-0.262963859,0.631,-0.319025475,1028.5,1.202,1,0,10,0,0,0
2023-12-26 11:30,-0.999902524,0.01396218,-0.94774614,3.1,0,59,970,-367.304,128.589,-0.974819608,0,0,10.258,2,-0.222994916,0.804,-0.319025475,1028.4,1.201,1,0,10,0,0,0
2023-12-26 11:40,-0.929776486,-0.368124553,-0.976284673,4.5,0,58.6,969.9,-361.205,128.715,-0.993510461,0,0,9.376,2.3,-0.113740771,0.838,-0.216490732,1028.2,1.201,1,0,10,0,0,0
2023-12-26 11:50,-0.921863152,0.387515586,-0.981892646,4.6,0,57.1,969.7,-359.62,128.84,-0.959903205,0,0,11.079,2.3,-0.280331657,1.022,-0.1894382,1028,1.2,1,0,10,0,0,0
2023-12-26 12:00,-0.905568799,0.424199423,-0.981892646,2.2,0,55.8,969.6,-359.62,128.948,-0.968518021,0,0,10.478,2.5,-0.248943453,1.151,-0.1894382,1027.8,1.199,1,0,10,0,0,0
2023-12-26 12:10,-0.999986292,0.005235964,-0.979159055,4.5,0,54.2,969.6,-360.42,129.126,-0.926015597,0,0,11,2.9,-0.37748525,1.366,-0.203094917,1027.7,1.198,1,0,10,0,0,0
2023-12-26 12:20,-0.930417568,0.366501227,-0.94774614,3.8,0,53.4,969.4,-367.304,129.281,-0.951594404,0,0,9.869,3.1,-0.307356618,1.602,-0.319025475,1027.4,1.197,1,0,10,0,0,0
2023-12-26 12:30,-0.999610115,-0.027921639,-0.94774614,3.2,0,53.1,969.4,-367.304,129.547,-0.96959929,0,0,9.684,3.2,-0.244698217,1.706,-0.319025475,1027.4,1.197,1,0,10,0,0,0
2023-12-26 12:40,-0.999742609,0.022687334,-0.94774614,2.1,0,51.6,969.3,-367.304,129.632,-0.936776057,0,0,9.944,3.6,-0.34992945,1.839,-0.319025475,1027.2,1.196,1,0,10,0,0,0
2023-12-26 12:50,-0.9952274,-0.0975829,-0.94774614,3.7,0,51.2,969.1,-367.304,129.825,-0.945291056,0,0,10.025,3.8,-0.326228172,2.117,-0.319025475,1026.9,1.195,1,0,10,0,0,0
2023-12-26 13:00,-0.665230355,0.746638182,-0.94774614,3.4,0,50.9,968.9,-367.304,130.036,-0.963858646,0,0,10.34,3.9,-0.266414171,2.175,-0.319025475,1026.9,1.195,1,0,10,0,0,0
2023-12-26 13:10,-0.992114701,0.125333234,-0.94774614,2.9,0,50,968.9,-367.304,130.198,-0.969582204,0,0,9.681,4.1,-0.244765907,2.38,-0.319025475,1026.8,1.194,1,0,10,0,0,0
2023-12-26 13:20,0.353474844,-0.935444031,-0.968248071,2.6,0,50.8,968.8,-363.177,130.28,-0.98345153,0,0,9.456,4,-0.181171435,2.468,-0.249991345,1026.7,1.194,1,0,10,0,0,0
2023-12-26 13:30,-0.985407898,0.170209499,-0.98164716,3.3,0,49.2,968.7,-359.694,130.406,-0.978480184,0,0,8.866,4,-0.206340809,2.827,-0.190706199,1026.6,1.192,1,0,10,0,0,0
2023-12-26 13:40,-0.852640164,-0.522498565,-0.98164716,1.4,0,49.6,968.7,-359.694,130.645,-0.972884979,0,0,8.272,3.9,-0.231289468,2.936,-0.190706199,1026.7,1.192,1,0,10,0,0,0
2023-12-26 13:50,-0.997052752,0.076719028,-0.990776243,3,0,48.5,968.7,-356.487,131.056,-0.98079209,0,0,6.206,4.3,0.195056086,3.527,-0.135508068,1026.5,1.189,1,0,10,0,0,0
2023-12-26 14:00,-0.814115518,0.580702956,-0.99324376,4.9,0,49.1,968.7,-341.984,131.657,-0.932342735,0,0,5.886,4.1,0.361575753,3.861,0.116046687,1026.6,1.188,1,0,10,0,0,0
2023-12-26 14:10,-0.940880769,0.33873792,-0.919554229,2.9,0,49.1,968.6,-325.561,132.138,-0.945541302,0,0,6.128,4.2,0.325502144,3.894,0.392963128,1026.5,1.187,1,0,10,0,0,0
2023-12-26 14:20,-0.718126298,0.695912797,-0.919554229,3.2,0,47.7,968.7,-325.561,132.519,-0.978169368,0,0,5.348,4.4,0.207809258,4.035,0.392963128,1026.5,1.187,1,0,10,0,0,0
2023-12-26 14:30,-0.927836254,0.372987783,-0.96112206,2.1,0,47.8,968.7,-332.669,132.78,-0.998832421,0,0,7.193,4.6,-0.048309357,3.998,0.276123859,1026.5,1.187,1,0,10,0,0,0
2023-12-26 14:40,-0.994702817,0.102792537,-0.999995228,2.5,0,46.7,968.7,-348.506,133.016,-0.999788651,0,0,6.439,5,0.02055853,3.968,0.003089228,1026.4,1.187,1,0,10,0,0,0
2023-12-26 14:50,-0.996917334,-0.078459096,-0.998845035,2.5,0,47.9,968.9,-345.947,133.394,-0.972431003,0,0,4.704,4.3,0.23319079,4.146,0.048047861,1026.8,1.186,1,0,10,0,0,0
2023-12-26 15:00,-0.94664926,0.322265695,-0.994525543,2.5,0,46,968.9,-342.702,133.797,-0.991120646,0,0,5.164,4.7,0.132965655,4.214,0.104493748,1026.7,1.186,1,0,10,0,0,0
2023-12-26 15:10,0.376224263,0.926528631,-0.994525543,2.3,0,47.7,969,-342.702,134.186,-0.97948742,0,0,4.338,4.3,0.201505322,4.41,0.104493748,1026.9,1.185,1,0,10,0,0,0
2023-12-26 15:20,-0.951056516,0.309016994,-0.994525543,1.3,0,47.9,969.1,-342.702,134.57,-0.9933868,0,0,4.655,4.5,0.114815786,4.36,0.104493748,1026.9,1.185,1,0,10,0,0,0
2023-12-26 15:30,-0.800731371,0.599023599,-0.987908508,2,0,48.1,969.3,-339.777,134.932,-0.939483517,0,0,4.49,4.2,0.342594105,4.327,0.155037998,1027.2,1.186,1,0,10,0,0,0
2023-12-26 15:40,-0.993571856,0.113203214,-0.971623477,3.2,0,49.1,969.4,-335.018,135.236,-0.963485722,0,0,4.944,3.9,0.267759711,4.033,0.236532913,1027.4,1.187,1,0,10,0,0,0
2023-12-26 15:50,-0.983571471,0.180519145,-0.971623477,3,0,50.3,969.5,-335.018,135.49,-0.987383424,0,0,5.445,3.5,0.158347634,3.897,0.236532913,1027.4,1.187,1,0,10,0,0,0
2023-12-26 16:00,-0.998134798,0.06104854,-0.971623477,3,0,50.5,969.6,-335.018,135.7,-0.996520553,0,0,6.144,3.7,0.083347389,3.911,0.236532913,1027.5,1.187,1,0,10,0,0,0
2023-12-26 16:10,-0.833885822,0.551936985,-0.993330572,2.6,0,50.9,969.5,-342.078,135.869,-0.998361849,0,0,6.797,3.7,0.057215536,3.829,0.115301233,1027.4,1.188,1,0,10,0,0,0
2023-12-26 16:20,-0.957319498,0.289031797,-0.994525543,2.7,0,51.9,969.7,-342.702,136.027,-0.997659283,0,0,6.118,3.4,0.068380956,3.819,0.104493748,1027.7,1.188,1,0,10,0,0,0
2023-12-26 16:30,-0.857167301,0.515038075,-0.994525543,1,0,52.4,969.7,-342.702,136.167,-0.999379199,0,0,6.044,3.4,0.035230905,3.741,0.104493748,1027.7,1.188,1,0,10,0,0,0
2023-12-26 16:40,-0.872069272,0.489382452,-0.994525543,2.6,0,53.6,970,-342.702,136.268,-0.99999997,0,0,7.114,3.1,0.000244346,3.584,0.104493748,1028.1,1.189,1,0,10,0,0,0
2023-12-26 16:50,-0.952661481,-0.304033061,-0.997164157,1.9,0,54.3,970,-344.386,136.307,-0.99969764,0,0,7.68,2.8,-0.024589211,3.548,0.075257191,1028.2,1.189,1,0,10,0,0,0
2023-12-26 17:00,-0.949972052,-0.312334919,-0.999567592,2.7,0,55.2,970.1,-350.385,136.242,-0.995530702,0,0,8.751,2.6,-0.094438449,3.438,-0.029404559,1028.3,1.189,1,0,10,0,0,0
2023-12-26 17:10,-0.989525789,0.144356201,-0.999567592,3.2,0,55.6,970.1,-350.385,136.112,-0.996443028,0,0,9.028,2.4,-0.084269159,3.34,-0.029404559,1028.4,1.19,1,0,10,0,0,0
2023-12-26 17:20,-0.973975967,0.226651307,-0.999567592,1,0,55.7,970.2,-350.385,135.927,-0.993617218,0,0,8.754,2.2,-0.112804359,3.28,-0.029404559,1028.5,1.19,1,0,10,0,0,0
2023-12-26 17:30,-0.963162567,0.268919821,-0.999567592,1.8,0,57.3,970.2,-350.385,135.738,-0.993528316,0,0,8.457,1.8,-0.11358471,3.248,-0.029404559,1028.6,1.19,1,0,10,0,0,0
2023-12-26 17:40,-0.940288127,0.34037955,-0.999567592,1.6,0,57.6,970.3,-350.385,135.589,-0.990976183,0,0,8.139,1.8,-0.134038073,3.21,-0.029404559,1028.7,1.19,1,0,10,0,0,0
2023-12-26 17:50,-0.980271175,-0.19765734,-0.997643742,1.4,0,57,970.4,-352.636,135.475,-0.981141155,0,0,7.966,2,-0.193292613,3.118,-0.068607316,1028.8,1.191,1,0,10,0,0,0
2023-12-26 18:00,-0.99074784,-0.135715572,-0.986660385,2.6,0,59.3,970.4,-358.069,135.401,-0.981406736,0,0,8.249,1.7,-0.191939622,3.111,-0.162792151,1028.9,1.191,1,0,10,0,0,0
2023-12-26 18:10,-0.986285602,-0.165047606,-0.986660385,3.1,0,57,970.5,-358.069,135.352,-0.992223697,0,0,7.112,2.1,-0.124467403,3.061,-0.162792151,1028.9,1.191,1,0,10,0,0,0
2023-12-26 18:20,-0.784776371,0.619779032,-0.986660385,2.2,0,57.5,970.5,-358.069,135.44,-0.982761543,0,0,6.262,2,-0.184877664,2.966,-0.162792151,1028.9,1.191,1,0,10,0,0,0
2023-12-26 18:30,-0.68199836,0.731353702,-0.986660385,0.9,0,56.7,970.6,-358.069,135.564,-0.998395626,0,0,5.899,2.3,-0.056623087,2.935,-0.162792151,1028.9,1.192,1,0,10,0,0,0
2023-12-26 18:40,-0.81004164,0.586372357,-0.998750949,3.4,0,56.7,970.7,-351.566,135.671,-0.997833737,0,0,5.852,2.4,0.065786275,2.923,-0.049965416,1029,1.192,1,0,10,0,0,0
2023-12-26 18:50,-0.89571176,0.444635179,-0.999567592,1.5,0,57.3,970.7,-350.385,135.794,-0.999347443,0,0,5.573,2.2,0.036120457,2.713,-0.029404559,1029,1.193,1,0,10,0,0,0
2023-12-26 19:00,-0.958322574,0.285688367,-0.999567592,1.7,0,58.7,970.8,-350.385,135.925,-0.997513878,0,0,6.411,1.9,0.070470298,2.652,-0.029404559,1029.2,1.193,1,0,10,0,0,0
2023-12-26 19:10,-0.987136265,0.159881188,-0.999567592,2,0,59,971,-350.385,136.002,-0.99637802,0,0,7.252,1.7,0.085034348,2.666,-0.029404559,1029.5,1.193,1,0,10,0,0,0
2023-12-26 19:20,-0.933580426,0.35836795,-0.999567592,2.6,0,59.8,971,-350.385,136.039,-0.997868046,0,0,7.847,1.7,0.065263801,2.624,-0.029404559,1029.5,1.193,1,0,10,0,0,0
2023-12-26 19:30,-0.915662593,0.401947777,-0.999567592,2.8,0,60.1,971,-350.385,136.062,-0.99853667,0,0,6.796,1.7,0.054078813,2.471,-0.029404559,1029.5,1.194,1,0,10,0,0,0
2023-12-26 19:40,-0.927183855,0.374606593,-0.999567592,2.1,0,62.6,970.9,-350.385,136.13,-0.999246749,0,0,6.878,1.2,-0.038806376,2.395,-0.029404559,1029.5,1.194,1,0,10,0,0,0
2023-12-26 19:50,-0.856267085,0.516533329,-0.999567592,2.6,0,61.4,971,-350.385,136.185,-0.999904222,0,0,8.1,1.5,0.013840019,2.348,-0.029404559,1029.5,1.194,1,0,10,0,0,0
2023-12-26 20:00,-0.685818353,0.727772758,-0.999893299,3.6,0,61.2,971,-347.862,136.134,-0.990600402,0,0,8.389,1.6,0.136787585,2.075,0.014607886,1029.5,1.195,1,0,10,0,0,0
2023-12-26 20:10,-0.999742609,0.022687334,-0.994657871,2.5,0,61.4,971.1,-342.775,135.881,-0.997561615,0,0,8.317,1.6,0.069791295,1.804,0.103226548,1029.6,1.196,1,0,10,0,0,0
2023-12-26 20:20,-0.988756381,0.149535343,-0.994657871,4.2,0,63.4,971,-342.775,135.758,-0.997463195,0,0,10.534,1.4,0.071184086,1.87,0.103226548,1029.6,1.196,1,0,10,0,0,0
2023-12-26 20:30,-0.846193166,0.532876276,-0.994657871,3.3,0,64.4,971.1,-342.775,135.44,-0.997086132,0,0,12.997,1.2,0.076283975,1.848,0.103226548,1029.7,1.196,1,0,10,0,0,0
2023-12-26 20:40,-0.877146164,0.480223497,-0.994657871,5.6,0,63.8,971,-342.775,134.772,-0.999816047,0,0,14.975,1.5,0.019179992,1.607,0.103226548,1029.5,1.197,1,0,10,0,0,0
2023-12-26 20:50,-0.957822495,0.28736052,-0.998223228,5.4,0,63.6,970.9,-345.285,134.123,-0.99763895,0,0,16.355,1.5,-0.068676965,1.887,0.059585132,1029.4,1.196,1,0,10,0,0,0
2023-12-26 21:00,-0.909236109,0.416280792,-0.999528782,4.1,0,64.8,970.6,-350.459,133.714,-0.996453316,0,0,16.754,1.4,-0.08414742,2.14,-0.030695519,1029.2,1.195,1,0,10,0,0,0
2023-12-26 21:10,-0.994521895,0.104528463,-0.999528782,5.7,0,63.3,970.6,-350.459,133.367,-0.999999588,0,0,16.295,1.7,-0.000907571,1.718,-0.030695519,1029.1,1.197,1,0,10,0,0,0
2023-12-26 21:20,-0.965925826,0.258819045,-0.999528782,6.7,0,64.4,970.6,-350.459,133.009,-0.999663239,0,0,14.813,1.5,-0.025950133,1.657,-0.030695519,1029.1,1.197,1,0,10,0,0,0
2023-12-26 21:30,-0.966376079,0.257132793,-0.999528782,4.7,0,65,970.9,-350.459,132.952,-0.995922275,0,0,12.329,1.4,0.090215417,1.546,-0.030695519,1029.5,1.198,1,0,10,0,0,0
2023-12-26 21:40,-0.878817113,0.47715876,-0.999015204,2.5,0,67,971.1,-346.158,132.961,-0.982826017,0,0,10.482,1,0.184534604,1.247,0.044369152,1029.8,1.199,1,0,10,0,0,0
2023-12-26 21:50,-0.923879533,0.382683432,-0.994389756,1.5,0,66.9,971.2,-342.628,132.654,-0.995194986,0,0,12.363,1.1,0.097912924,1.112,0.105778133,1029.9,1.199,1,0,10,0,0,0
2023-12-26 22:00,-0.86162916,0.507538363,-0.994387909,5.2,0,67.5,971.1,-342.627,132.3,-0.999226979,0,0,14.172,1.1,0.039312135,1.138,0.105795489,1029.8,1.199,1,0,10,0,0,0
2023-12-26 22:10,-0.88376563,0.467929814,-0.994387909,4.5,0,66.6,971.3,-342.627,132.076,-0.998145438,0,0,13.678,1.3,0.060874331,1.174,0.105795489,1029.9,1.199,1,0,10,0,0,0
2023-12-26 22:20,-0.996041065,0.088894297,-0.994389756,4.6,0,67.7,971.1,-342.628,131.734,-0.992186724,0,0,13.118,1.1,0.124761796,0.964,0.105778133,1029.8,1.2,1,0,10,0,0,0
2023-12-26 22:30,-0.956304756,0.292371705,-0.994389756,6.6,0,67.7,971.2,-342.628,131.556,-0.990659993,0,0,10.302,1.2,0.136355341,1.045,0.105778133,1029.8,1.2,1,0,10,0,0,0
2023-12-26 22:40,-0.970295726,0.241921896,-0.994389756,2.8,0,67.9,971.2,-342.628,131.599,-0.986386239,0,0,8.816,1.1,0.164445088,1.131,0.105778133,1029.9,1.199,1,0,10,0,0,0
2023-12-26 22:50,-0.817144898,0.576432316,-0.994389756,2.2,0,68.2,971.5,-342.628,131.788,-0.99075968,0,0,9.212,1.1,0.135629113,1.248,0.105778133,1030.2,1.199,1,0,10,0,0,0
2023-12-26 23:00,-0.532876276,0.846193166,-0.992435138,3.5,0,68.8,971.7,-341.646,131.872,-0.967108121,0,0,10.055,1.1,0.254365647,1.11,0.122770099,1030.4,1.2,1,0,10,0,0,0
2023-12-26 23:10,-0.619779032,0.784776371,-0.971714227,3.4,0,68.6,971.9,-335.04,131.84,-0.95106191,0,0,10.927,1.3,0.309000395,1.258,0.236159819,1030.6,1.199,1,0,10,0,0,0
2023-12-26 23:20,0.583541211,0.812083527,-0.971623477,3.1,0,69.2,971.9,-335.018,131.915,-0.967404907,0,0,12.89,1.2,0.253234565,1.539,0.236532913,1030.6,1.198,1,0,10,0,0,0
2023-12-26 23:30,-0.99505557,0.09931975,-0.983419894,5.8,0,70.5,971.6,-338.253,131.759,-0.999863411,0,0,15.892,1.1,0.016527515,1.388,0.181343077,1030.3,1.198,1,0,10,0,0,0
2023-12-26 23:40,-0.996345296,0.085416923,-0.994603685,6.1,0,69.7,971.6,-342.745,131.431,-0.996250773,0,0,12.93,1.3,0.08651241,1.177,0.103747335,1030.2,1.199,1,0,10,0,0,0
2023-12-26 23:50,-0.892585818,0.450877541,-0.994621777,3.6,0,69.7,971.7,-342.755,131.284,-0.995464529,0,0,11.972,1.2,0.095133437,1.219,0.103573743,1030.4,1.199,1,0,10,0,0,0
2023-12-27 0:00,-0.874619707,0.48480962,-0.99456014,6,0,69.7,971.6,-342.721,131.193,-0.998416312,0,0,11.689,1.2,0.056257152,1.25,0.104163945,1030.3,1.199,1,0,10,0,0,0
2023-12-27 0:10,-0.922538089,0.385906042,-0.994657871,3.7,0,69.7,971.7,-342.775,130.982,-0.999504365,0,0,12.474,1.2,0.031480538,1.084,0.103226548,1030.4,1.2,1,0,10,0,0,0
2023-12-27 0:20,-0.940880769,0.33873792,-0.99456741,5.8,0,69.6,971.7,-342.725,130.8,-0.999995174,0,0,13.095,1.2,-0.003106681,1.162,0.104094511,1030.4,1.199,1,0,10,0,0,0
2023-12-27 0:30,-0.994880709,0.101056297,-0.994525543,5.3,0,68.8,971.6,-342.702,130.701,-0.999710377,0,0,12.668,1.4,0.024065767,1.161,0.104493748,1030.2,1.199,1,0,10,0,0,0
2023-12-27 0:40,-0.999902524,-0.01396218,-0.994525543,5.2,0,69.5,971.5,-342.702,130.626,-0.998080063,0,0,12.827,1.2,0.061936973,1.021,0.104493748,1030.2,1.2,1,0,10,0,0,0
2023-12-27 0:50,-0.992546152,-0.121869343,-0.994525543,4.3,0,70.3,971.5,-342.702,130.409,-0.999400534,0,0,13.299,1,0.034620413,0.973,0.104493748,1030.2,1.2,1,0,10,0,0,0
2023-12-27 1:00,-0.911403277,0.411514359,-0.994581934,4.8,0,70.7,971.7,-342.733,130.294,-0.999677576,0,0,12.944,1,0.025391811,1.032,0.103955642,1030.4,1.2,1,0,10,0,0,0
2023-12-27 1:10,-0.925870585,0.377840787,-0.994578305,5.6,0,70.7,971.6,-342.731,130.19,-0.999069419,0,0,12.491,1.1,0.043131155,0.85,0.10399036,1030.3,1.201,1,0,10,0,0,0
2023-12-27 1:20,-0.911403277,0.411514359,-0.994627199,5.4,0,71.6,971.5,-342.758,129.996,-0.999363109,0,0,12.259,0.9,0.035684406,0.808,0.103521664,1030.2,1.201,1,0,10,0,0,0
2023-12-27 1:30,-0.962691746,0.270600446,-0.994581934,4.9,0,71.9,971.4,-342.733,129.907,-0.999988897,0,0,12.981,0.9,0.004712372,0.891,0.103955642,1030.1,1.2,1,0,10,0,0,0
2023-12-27 1:40,-0.99912283,-0.041875654,-0.994657871,4.6,0,71.8,971.4,-342.775,129.845,-0.995141864,0,0,13.219,0.8,0.098451362,0.889,0.103226548,1030.2,1.2,1,0,10,0,0,0
2023-12-27 1:50,-0.981292664,-0.192521967,-0.994627199,3.9,0,71.9,971.4,-342.758,129.643,-0.994543766,0,0,13.678,0.9,0.104320169,0.888,0.103521664,1030.1,1.2,1,0,10,0,0,0
2023-12-27 2:00,-0.973975967,0.226651307,-0.994541945,5,0,72.5,971.5,-342.711,129.618,-0.998111284,0,0,11.301,0.7,0.061431791,0.775,0.104337527,1030.3,1.201,1,0,10,0,0,0
2023-12-27 2:10,-0.947210278,0.320612991,-0.994574675,3.8,0,73.4,971.5,-342.729,129.69,-0.994313808,0,0,10.829,0.6,0.106489677,0.653,0.104025077,1030.3,1.202,1,0,10,0,0,0
2023-12-27 2:20,-0.870355696,0.49242356,-0.994657871,4,0,73.5,971.6,-342.775,129.638,-0.998813798,0,0,10.695,0.7,0.048692877,0.475,0.103226548,1030.4,1.202,1,0,10,0,0,0
2023-12-27 2:30,-0.937888935,0.346935652,-0.994583749,2.3,0,73.9,971.7,-342.734,129.662,-0.997194286,0,0,11.275,0.6,0.074856897,0.624,0.103938284,1030.5,1.202,1,0,10,0,0,0
2023-12-27 2:40,-0.878817113,0.47715876,-0.994536481,3.8,0,75.2,971.8,-342.708,129.772,-0.997251478,0,0,9.783,0.4,0.074091085,0.563,0.104389601,1030.7,1.202,1,0,10,0,0,0
2023-12-27 2:50,-0.904827052,0.425779292,-0.994525543,2.4,0,75.3,971.7,-342.702,129.792,-0.995520807,0,0,9.529,0.5,0.0945427,0.392,0.104493748,1030.6,1.203,1,0,10,0,0,0
2023-12-27 3:00,-0.999815712,0.019197442,-0.994525543,3,0,75.8,971.8,-342.702,129.968,-0.999821694,0,0,8.736,0.4,-0.01888334,0.505,0.104493748,1030.7,1.202,1,0,10,0,0,0
2023-12-27 3:10,-0.755853469,0.654740814,-0.994525543,1.7,0,76,972,-342.702,130.231,-0.999959132,0,0,9.284,0.3,0.009040682,0.539,0.104493748,1030.9,1.202,1,0,10,0,0,0
2023-12-27 3:20,-0.977783237,0.209618563,-0.994525543,3.3,0,78.4,971.7,-342.702,130.551,-0.999831123,0,0,8.529,-0.2,0.018377282,0.551,0.104493748,1030.7,1.202,1,0,10,0,0,0
2023-12-27 3:30,-0.907044014,0.421035813,-0.994525543,3.3,0,79.1,971.6,-342.702,130.85,-0.999975264,0,0,9.068,-0.1,0.007033619,0.579,0.104493748,1030.6,1.202,1,0,10,0,0,0
2023-12-27 3:40,-0.964095404,0.265556117,-0.994525543,2.6,0,77.8,971.8,-342.702,131.011,-0.989396903,0,0,9.365,-0.1,0.145236938,0.388,0.104493748,1030.8,1.203,1,0,10,0,0,0
2023-12-27 3:50,-0.994521895,0.104528463,-0.994525543,3,0,78.6,971.7,-342.702,130.934,-0.995689157,0,0,9.399,0,0.092752911,0.587,0.104493748,1030.7,1.202,1,0,10,0,0,0
2023-12-27 4:00,-0.995396198,0.095845753,-0.994525543,3.3,0,78.4,971.8,-342.702,131.07,-0.984591815,0,0,9.395,0,0.174868402,0.817,0.104493748,1030.8,1.201,1,0,10,0,0,0
2023-12-27 4:10,-0.975916762,0.218143241,-0.99458012,3,0,78.4,971.8,-342.732,131.343,-0.990182868,0,0,8.421,0,0.139777995,0.854,0.103973001,1030.8,1.201,1,0,10,0,0,0
2023-12-27 4:20,-0.887010833,0.461748613,-0.994536481,3.9,0,79.5,971.7,-342.708,131.544,-0.973086446,0,0,7.76,-0.3,0.230440378,0.577,0.104389601,1030.8,1.202,1,0,10,0,0,0
2023-12-27 4:30,-0.837718717,0.546101961,-0.974401464,2.9,0,78.1,971.6,-335.709,131.611,-0.954791935,0,0,9.123,0.2,0.29727489,0.793,0.224815004,1030.5,1.201,1,0,10,0,0,0
2023-12-27 4:40,-0.843391446,0.537299608,-0.971623477,3.1,0,78.2,971.6,-335.018,131.829,-0.96815201,0,0,8.861,0,0.250363107,0.928,0.236532913,1030.6,1.2,1,0,10,0,0,0
2023-12-27 4:50,-0.973975967,0.226651307,-0.971623477,2.4,0,78.4,971.7,-335.018,132.04,-0.965613436,0,0,9.002,0.1,0.2599821,0.904,0.236532913,1030.7,1.2,1,0,10,0,0,0
2023-12-27 5:00,-0.981627183,-0.190808995,-0.971623477,3.1,0,79.4,971.6,-335.018,132.127,-0.942734671,0,0,9.261,-0.1,0.333543611,0.692,0.236532913,1030.6,1.201,1,0,10,0,0,0
2023-12-27 5:10,-0.908508178,0.417867074,-0.971623477,2.8,0,78.5,971.7,-335.018,132.065,-0.961449094,0,0,9.041,0.1,0.274982982,0.891,0.236532913,1030.7,1.2,1,0,10,0,0,0
2023-12-27 5:20,-0.748955721,0.662620048,-0.971623477,2.8,0,78.4,971.6,-335.018,132.22,-0.951460204,0,0,8.853,0,0.3077718,1.008,0.236532913,1030.6,1.2,1,0,10,0,0,0
2023-12-27 5:30,-0.877982975,-0.478691858,-0.971623477,0.6,0,77.9,971.6,-335.018,132.425,-0.953063928,0,0,8.782,0.1,0.302769136,1.03,0.236532913,1030.6,1.2,1,0,10,0,0,0
2023-12-27 5:40,-0.709570737,0.70463421,-0.971623477,0.7,0,78.3,971.7,-335.018,132.435,-0.965263173,0,0,7.591,0,0.261279556,0.611,0.236532913,1030.7,1.202,1,0,10,0,0,0
2023-12-27 5:50,-0.764921401,-0.64412363,-0.971623477,0.7,0,77.3,971.8,-335.018,132.49,-0.985434623,0,0,8.363,0.2,0.17005471,0.738,0.236532913,1030.7,1.201,1,0,10,0,0,0
2023-12-27 6:00,-0.999328394,0.036643709,-0.971623477,1.2,0,79.8,971.8,-335.018,132.653,-0.961640834,0,0,7.392,-0.1,0.274311697,0.854,0.236532913,1030.8,1.201,1,0,10,0,0,0
2023-12-27 6:10,-0.997801468,0.0662739,-0.966577733,0.9,0,78.4,971.8,-333.843,132.869,-0.922901388,0,0,6.948,-0.1,0.385036399,1.148,0.256373724,1030.8,1.199,1,0,10,0,0,0
2023-12-27 6:20,0.675590208,-0.737277337,-0.931272174,0.4,0,77.3,971.8,-327.334,133.094,-0.908464414,0,0,6.637,0.1,0.41796221,1.388,0.36432422,1030.8,1.198,1,0,10,0,0,0
2023-12-27 6:30,-0.849892693,-0.526955795,-0.931272174,1.7,0,76.8,972.1,-327.334,133.315,-0.943326963,0,0,6.051,0,0.331864793,1.078,0.36432422,1031.1,1.2,1,0,10,0,0,0
2023-12-27 6:40,-0.994150964,0.107999356,-0.931272174,2,0,77.2,972.2,-327.334,133.555,-0.946463491,0,0,5.542,-0.2,0.322810873,0.875,0.36432422,1031.3,1.201,1,0,10,0,0,0
2023-12-27 6:50,-0.905568799,0.424199423,-0.931272174,1.2,0,77.3,972.2,-327.334,133.792,-0.922591963,0,0,5.724,0.1,0.385777228,0.934,0.36432422,1031.2,1.2,1,0,10,0,0,0
2023-12-27 7:00,-0.884580975,0.46638664,-0.931272174,0.6,0,78.3,972.1,-327.334,134.032,-0.942489917,0,0,4.49,-0.1,0.334234582,1.281,0.36432422,1031.1,1.199,1,0,10,0,0,0
2023-12-27 7:10,-0.712026046,-0.702153053,-0.963583797,1.3,0,76.9,972.2,-333.188,134.239,-0.975350024,0,0,5.364,-0.2,0.220663389,0.753,0.267406557,1031.3,1.201,1,0,10,0,0,0
2023-12-27 7:20,-0.998806137,0.04884977,-0.971928159,1,0,78.9,972.3,-335.092,134.451,-0.952464947,0,0,5.242,-0.4,0.304648199,0.908,0.235277822,1031.4,1.2,1,0,10,0,0,0
2023-12-27 7:30,-0.937281989,-0.348572047,-0.971928159,1.9,0,79.2,972.3,-335.092,134.64,-0.958546658,0,0,5.768,-0.2,0.284935615,0.766,0.235277822,1031.4,1.201,1,0,10,0,0,0
2023-12-27 7:40,-0.99950656,0.031410759,-0.971928159,2.2,0,79.4,972.4,-335.092,134.802,-0.964566629,0,0,5.927,-0.2,0.26383938,0.873,0.235277822,1031.5,1.201,1,0,10,0,0,0
2023-12-27 7:50,-0.999742609,0.022687334,-0.971928159,2.6,0,79.6,972.5,-335.092,134.909,-0.949928432,0,0,6.818,-0.3,0.312467557,0.815,0.235277822,1031.6,1.201,1,0,10,0,0,0
2023-12-27 8:00,-0.964557418,-0.26387305,-0.942069162,1.9,0,78.2,972.7,-329.104,134.997,-0.928576541,0,0,6.883,0,0.371140953,1.069,0.335418686,1031.7,1.2,1,0,10,0,0,0
2023-12-27 8:10,-0.998026728,0.06279052,-0.931272174,1.3,0,77.3,972.8,-327.334,135.086,-0.95639656,0,0,6.723,-0.1,0.292071258,1.192,0.36432422,1031.9,1.199,1,0,10,0,0,0
2023-12-27 8:20,-0.771624583,-0.63607822,-0.954339442,1.2,0,76.3,972.9,-331.319,135.18,-0.991998341,0,0,6.152,0.1,0.12625091,0.82,0.298724338,1031.9,1.201,1,0,10,0,0,0
2023-12-27 8:30,-0.936059536,-0.351841648,-0.971623477,2.2,0,76.5,973,-335.018,135.253,-0.959387858,0,0,6.911,0,0.282090299,0.834,0.236532913,1032.1,1.201,1,0,10,0,0,0
2023-12-27 8:40,-0.826098294,-0.563526049,-0.951540746,1.3,0,76.7,973.1,-330.791,135.317,-0.929280923,0,0,6.524,0.1,0.36937375,1.417,0.307522698,1032.1,1.198,1,0,10,0,0,0
2023-12-27 8:50,-0.909427818,-0.221694605,-0.94140646,1.6,0,76.25,973.15,-329.0625,135.42,-0.910503687,0,0,5.824,0.2,0.410974268,1.552,0.335923459,1032.15,1.1975,1,0,8.7665,0,0,0
2023-12-27 9:00,-0.992757342,0.120136839,-0.931272174,1.9,0,75.8,973.2,-327.334,135.523,-0.89172645,0,0,5.124,0.3,0.452574787,1.687,0.36432422,1032.2,1.197,1,0,7.533,0,0,0
2023-12-27 9:10,-0.698415285,-0.715692734,-0.931272174,0.8,0,75.4,973.1,-327.334,135.662,-0.950135459,0,0,4.853,0.4,0.311837472,1.788,0.36432422,1032.1,1.197,1,0,10,0,0,0
2023-12-27 9:20,-0.985703469,-0.16848938,-0.952719834,1.9,0,76.6,973.2,-331.011,135.787,-0.987639147,0,0,4.583,0.4,0.156744749,1.725,0.303850157,1032.2,1.197,1,0,10,0,0,0
2023-12-27 9:30,-0.993767919,-0.111468932,-0.971623477,2.6,0,74.1,973.3,-335.018,135.958,-0.971730712,0,0,3.882,0.7,0.23609198,2.137,0.236532913,1032.2,1.195,1,0,10,0,0,0
2023-12-27 9:40,-0.901832526,-0.432085749,-0.971623477,0.8,0,73.1,973.2,-335.018,136.128,-0.989259581,0,0,2.896,0.9,0.146169358,2.466,0.236532913,1032,1.194,1,0,10,0,0,0
2023-12-27 9:50,-0.67815967,0.734914595,-0.971623477,0.7,0,70,973.3,-335.018,136.276,-0.758794061,0,0,1.806,1.4,0.651330617,3.342,0.236532913,1032,1.19,1,0,0.033,0,0,0.1
2023-12-27 10:00,-0.931691228,0.36325123,-0.971623477,0.7,0,66.2,973.4,-335.018,136.374,-0.961626469,0,0,2.518,1.8,0.274362048,3.157,0.236532913,1032,1.191,0,0,0,0,0,0
2023-12-27 10:10,-0.981958713,0.189095443,-0.971623477,0.7,0,62.9,973.4,-335.018,136.477,-0.089589643,0,0,1.647,2.2,0.995978763,4.106,0.236532913,1031.9,1.187,0,0,0,0,0,0
2023-12-27 10:20,-0.99897057,-0.045362988,-0.971623477,1,0,61,973.3,-335.018,136.569,0.149794194,0,0,1.885,2.6,0.988717199,4.45,0.236532913,1031.7,1.185,0,0,0,0,0,0
2023-12-27 10:30,-0.86949493,0.493941867,-0.971623477,1.1,0,61.1,973.3,-335.018,136.657,0.071044813,0,0,2.277,3.2,0.997473125,4.509,0.236532913,1031.5,1.185,0,0,0,0,0,0
2023-12-27 10:40,-0.934204474,0.356737999,-0.971623477,0.9,0,59.8,973.3,-335.018,136.728,-0.470611536,0,0,1.845,3.8,0.882340514,4.631,0.236532913,1031.4,1.184,0,0,0,0,0,0
2023-12-27 10:50,-0.728968627,0.684547106,-0.971623477,0.6,0,59.3,973.3,-335.018,136.821,-0.191168768,0,0,2.079,4,0.981557182,4.811,0.236532913,1031.5,1.184,0,0,0,0,0,0
2023-12-27 11:00,-0.892585818,0.450877541,-0.971623477,0.9,0,58.1,973.2,-335.018,136.92,0.374396212,0,0,1.197,4.8,0.927268826,5.32,0.236532913,1031.2,1.181,0,0,0,0,0,0
2023-12-27 11:10,-0.992331938,0.123601477,-0.971623477,0.6,0,58.3,973.1,-335.018,137.028,-0.24799672,0,0,1.132,4.6,0.968760872,5.598,0.236532913,1031.1,1.18,0,0,0,0,0,0
2023-12-27 11:20,-0.973178873,0.230049737,-0.971623477,0.7,0,58.2,973.1,-335.018,137.093,0.069947991,0,0,0.895,5.1,-0.99755064,6.081,0.236532913,1031,1.178,0,0,0,0,0,0
2023-12-27 11:30,0.458649554,0.888617233,-0.971623477,0.2,0,55.6,973,-335.018,137.151,0.977790553,0,0,1.328,5.8,0.209584432,6.022,0.236532913,1030.7,1.178,0,0,0,0,0,0
2023-12-27 11:40,-0.999262916,0.038387809,-0.971623477,0.3,0,57.5,972.9,-335.018,137.171,0.997399438,0,0,1.483,5.5,0.072071917,6.065,0.236532913,1030.7,1.178,0,0,0,0,0,0
2023-12-27 11:50,-0.953190668,0.302369891,-0.971623477,1.3,0,55.9,972.7,-335.018,137.146,0.957233698,0,0,1.654,5.9,0.289315827,5.995,0.236532913,1030.3,1.179,0,0,0,0,0,0
2023-12-27 12:00,0.243615012,0.969872015,-0.971623477,0.4,0,54.4,972.5,-335.018,137.13,0.932336424,0,0,1.651,6.2,0.361592026,5.916,0.236532913,1030.1,1.179,0,0,0,0,0,0
2023-12-27 12:10,-0.943800952,0.330514393,-0.971623477,1.9,0,53.9,972.3,-335.018,137.105,0.590507074,0,0,1.343,6.2,0.807032462,6.179,0.236532913,1029.8,1.178,0,0,0,0,0,0
2023-12-27 12:20,0.403545296,0.914959668,-0.971623477,0.3,0,50.6,972.2,-335.018,137.108,0.880799851,0,0,1.601,6.9,0.473488777,6.415,0.236532913,1029.5,1.177,0,0,0,0,0,0
2023-12-27 12:30,-0.934204474,0.356737999,-0.971623477,1.4,0,50.8,972.1,-335.018,137.133,-0.173613801,0,0,1.228,6.8,-0.984813814,6.51,0.236532913,1029.5,1.176,0,0,0,0,0,0
2023-12-27 12:40,-0.993372766,0.11493715,-0.971300571,0.4,0,51.6,972,-334.94,137.159,0.984500119,0,0,2.691,6.6,0.175383909,6.487,0.23785542,1029.4,1.176,0,0,0,0,0,0
2023-12-27 12:50,-0.992114701,0.125333234,0.080407687,1.5,0,50.3,971.9,-254.728,137.158,0.93757368,0,0,2.767,7.1,-0.34778671,6.24,0.99676206,1029.2,1.177,0,0,0,0,0,0
2023-12-27 13:00,-0.977415894,0.211324796,0.999263586,0.7,0,49.3,971.8,-174.918,137.108,0.903798916,0,0,2.33,7.2,-0.42795738,6.395,0.038370369,1029,1.177,0,0,0,0,0,0
2023-12-27 13:10,0.800731371,-0.599023599,0.872649469,0.4,0,49.7,971.8,-139.475,137.032,0.92903574,0,0,3.012,7.2,-0.369989991,5.884,-0.488347115,1029,1.179,0,0,0,0,0,1.967
2023-12-27 13:20,0.766044443,0.64278761,0.796287152,1.9,0,50.3,971.7,-131.477,136.922,0.982404792,0,0,1.738,7.7,-0.186764088,5.886,-0.604918814,1028.8,1.179,0,0,0,0,0,0
2023-12-27 13:30,0.917060074,-0.398749069,0.864538064,2.3,0,53.2,971.7,-138.735,136.677,0.998488138,0,0,2.584,7.5,0.054967607,5.49,-0.502567344,1028.9,1.181,0,0,0,0,0,0
2023-12-27 13:40,0.959805292,0.280666709,0.999735834,1.1,0,53.9,971.5,-167.383,136.48,0.820251722,0,0,2.364,7.3,-0.572002721,5.903,-0.022983962,1028.7,1.179,0,0,0,0,0,0
2023-12-27 13:50,-0.031410759,-0.99950656,0.999735834,1,0,54.4,971.4,-167.383,136.392,0.927810212,0,0,2.257,7.3,-0.373052557,5.978,-0.022983962,1028.6,1.179,0,0,0,0,0,0
2023-12-27 14:00,-0.275637356,0.961261696,0.999735834,0.5,0,53.4,971.4,-167.383,136.33,0.807393032,0,0,2.177,7,-0.590013976,6.049,-0.022983962,1028.7,1.178,0,0,0,0,0,0
2023-12-27 14:10,0.661311865,-0.75011107,0.999420308,0.4,0,55.2,971.4,-166.743,136.267,0.940602584,0,0,2.698,7,-0.339509615,5.97,-0.034044794,1028.7,1.179,0,0,0,0,0,0
2023-12-27 14:20,0.834847863,0.55048074,0.950580779,0.7,0,54.3,971.4,-150.612,136.211,0.614409142,0,0,2.566,7.1,-0.788987583,5.835,-0.310477347,1028.6,1.179,0,0,0,0,0,0
2023-12-27 14:30,-0.901832526,-0.432085749,0.900052736,0.2,0,57.1,971.4,-142.815,136.141,0.865518815,0,0,3.366,6.8,-0.500876413,5.752,-0.435780992,1028.7,1.18,0,0,0,0,0,1.233
2023-12-27 14:40,0.919821497,-0.392337117,0.814976112,1.6,0,56.1,971.5,-133.346,136.096,0.963420267,0,0,3.309,7,-0.267995127,5.477,-0.579494552,1028.8,1.181,0,0,0,0,0,10
2023-12-27 14:50,0.984195608,-0.17708474,0.933342543,1.7,0,55.4,971.6,-147.636,136.178,0.740089029,0,0,2.871,7.4,-0.672508907,5.533,-0.358987045,1028.8,1.18,1,0,2.767,0,0,5.467
2023-12-27 15:00,0.763796029,-0.645457688,0.84757607,0.7,0,57,971.6,-136.649,136.228,0.873398487,0,0,3.159,7.1,-0.487006246,5.454,-0.530673917,1028.9,1.181,1,0,6.767,0,0,1.433
2023-12-27 15:10,0.549022818,-0.835807361,0.79496553,0.9,0,59,971.6,-131.349,136.207,0.793671978,0,0,2.966,6.4,-0.608345947,5.373,-0.606654602,1029,1.181,1,0,4.667,0,0,2.8
2023-12-27 15:20,0.512042865,0.858959897,0.842405377,1,0,59.6,971.7,-136.091,136.104,0.973841298,0,0,2.972,6.3,-0.227229236,5.336,-0.538844301,1029.2,1.181,0,0,0,0,0,0
2023-12-27 15:30,-0.16848938,-0.985703469,0.929338932,1.5,0,60.4,971.7,-147.028,136.048,0.955654345,0,0,2.733,6.2,-0.294490699,5.363,-0.369227774,1029.2,1.181,0,0,0,0,0,5.333
2023-12-27 15:40,0.919821497,-0.392337117,0.953732694,0.7,0,62.8,971.8,-151.203,136.031,0.983353363,0,0,2.722,5.8,-0.181703507,5.289,-0.300655863,1029.4,1.182,1,0,0.033,0,0,0.433
2023-12-27 15:50,0.260504509,-0.965472631,0.98294177,0.7,0,63,971.7,-158.1,136.017,0.994870121,0,0,3.348,5.8,-0.10116048,5.203,-0.18391704,1029.3,1.182,1,0,2,0,0,3.567
2023-12-27 16:00,0.017452406,-0.999847695,0.985585601,0.7,0,65.7,971.7,-158.961,136.038,0.995819288,0,0,3.793,5.5,-0.091345197,4.95,-0.169177489,1029.4,1.183,1,0,10,0,0,0
2023-12-27 16:10,0.328866647,-0.94437637,0.996714169,0.8,0,67.4,971.7,-164.058,135.999,0.997559178,0,0,4.293,5.2,0.069826117,4.766,-0.080999164,1029.5,1.184,1,0,10,0,0,0
2023-12-27 16:20,0.572145873,-0.820151876,0.999356239,1.1,0,69.4,971.8,-166.644,135.959,0.999756667,0,0,3.291,4.9,0.022059172,4.734,-0.035876269,1029.7,1.184,1,0,10,0,0,0
2023-12-27 16:30,0.501510737,-0.865151421,0.999356239,0.8,0,70.5,971.9,-166.644,135.95,0.999365598,0,0,3.418,4.8,-0.035614637,4.634,-0.035876269,1029.8,1.184,1,0,10,0,0,0
2023-12-27 16:40,0.641449632,-0.767165152,0.999797877,0.7,0,71.3,971.9,-167.55,135.948,0.981981808,0,0,3.123,4.6,0.188975473,4.507,-0.020104838,1029.9,1.185,1,0,9.033,0,0,0
2023-12-27 16:50,0.63742399,-0.770513243,0.992415841,0.9,0,73.6,971.9,-175.764,135.873,0.925771635,0,0,3.29,4.3,0.378083166,4.388,0.122925989,1029.9,1.185,1,0,0.033,0,0,9.167
2023-12-27 17:00,-0.297374874,-0.9547608,0.927477784,0.5,0,74.7,971.8,-190.655,135.811,0.938800007,0,0,2.724,3.8,0.344462693,4.426,0.373878269,1029.8,1.185,1,0,0.033,0,0,4.4
2023-12-27 17:10,-0.06279052,-0.998026728,0.927477784,0.2,0,76.4,971.8,-190.655,135.754,0.874526614,0,0,3.145,3.6,0.484977526,4.26,0.373878269,1029.9,1.186,0,0,0,0,0,0.2
2023-12-27 17:20,-0.083677843,-0.996492859,0.877966265,0.2,0,77.7,971.7,-197.307,135.733,0.814713062,0,0,3.272,2.7,0.579864317,4.096,0.478722505,1030,1.187,1,0,3.867,0,0,6.133
2023-12-27 17:30,0.995396198,-0.095845753,0.869158513,0,0,79.2,971.9,-198.339,135.697,0.78796777,0,0,2.837,3.1,0.615716487,4.057,0.494533599,1030.1,1.187,1,0,3.733,0,0,0.633
2023-12-27 17:40,-0.372987783,-0.927836254,0.869158513,0.2,0,82.5,971.9,-198.339,135.635,0.833538865,0,0,2.678,2.6,0.552460822,4.07,0.494533599,1030.2,1.187,0,0,0,0,0,0
2023-12-27 17:50,-0.343659695,-0.939094252,0.829057092,0.1,0,80.8,972,-202.692,135.576,0.691500448,0,0,2.732,3,0.722376031,4.062,0.559163964,1030.2,1.187,0,0,0,0,0,0
2023-12-27 18:00,0.934825676,-0.355106962,0.737642758,0.3,0,81.8,972,-211.159,135.518,0.66745574,0,0,2.993,2.8,0.744649471,3.967,0.675191203,1030.3,1.187,0,0,0,0,0,0
2023-12-27 18:10,-0.996778878,0.080198924,0.684814241,0,0,82.6,972,-215.479,135.455,0.626168449,0,0,2.613,2.5,0.779687805,4.066,0.728717679,1030.3,1.187,0,0,0,0,0,0
2023-12-27 18:20,0.41310443,-0.910683661,0.684814241,0.4,0,82.5,972.1,-215.479,135.39,0.680413962,0,0,2.349,2.8,0.732827974,4.066,0.728717679,1030.4,1.187,0,0,0,0,0,0
2023-12-27 18:30,0.934825676,0.355106962,0.684814241,0,0,81.9,972.1,-215.479,135.327,0.672870502,0,0,2.126,3,0.73976029,4.056,0.728717679,1030.3,1.187,0,0,0,0,0,0
2023-12-27 18:40,0.994150964,0.107999356,0.684814241,0.8,0,81.4,972.1,-215.479,135.272,0.711547941,0,0,1.698,3.1,0.702637551,4.058,0.728717679,1030.3,1.187,0,0,0,0,0,0
2023-12-27 18:50,0.716910608,0.697165103,0.684814241,0.2,0,80.9,972.1,-215.479,135.207,0.717931934,0,0,1.837,3,0.696113308,4.014,0.728717679,1030.3,1.187,0,0,0,0,0,0
2023-12-27 19:00,0.992757342,0.120136839,0.684814241,0.7,0,80.4,972.1,-215.479,135.146,0.761956686,0,0,1.487,3.3,0.647627986,4.002,0.728717679,1030.2,1.187,0,0,0,0,0,0
2023-12-27 19:10,0.990023658,-0.140901232,0.684814241,0.2,0,80.6,972,-215.479,135.091,0.940851205,0,0,1.03,3.2,0.338820026,4.035,0.728717679,1030.2,1.187,0,0,0,0,0,0
2023-12-27 19:20,0.596224875,0.802817475,0.684814241,0,0,79.1,972,-215.479,135.037,0.981998295,0,0,1.042,3.4,0.188889778,4.072,0.728717679,1030.1,1.187,0,0,0,0,0,0
2023-12-27 19:30,0.925209718,-0.37945616,0.684814241,0.8,0,77.2,971.9,-215.479,134.987,0.999827901,0,0,1.288,3.4,-0.018551786,4.028,0.728717679,1030,1.187,0,0,0,0,0,0
2023-12-27 19:40,0.970295726,-0.241921896,0.684814241,0.5,0,75,971.9,-215.479,134.93,0.9966986,0,0,1.599,3.7,-0.081190518,4.089,0.728717679,1029.9,1.187,0,0,0,0,0,0
2023-12-27 19:50,0.918446381,-0.395545503,0.684814241,0.8,0,74.3,971.8,-215.479,134.867,0.999163281,0,0,1.707,3.8,-0.040899107,4.104,0.728717679,1029.8,1.187,0,0,0,0,0,0
2023-12-27 20:00,0.841510782,-0.54024032,0.684814241,0,0,75.4,971.8,-215.479,134.813,0.998826512,0,0,2.056,3.5,0.048431387,4.143,0.728717679,1029.9,1.186,0,0,0,0,0,0
2023-12-27 20:10,0.699663341,-0.71447268,0.684814241,0.3,0,75.2,971.7,-215.479,134.758,0.999042121,0,0,2.322,3.6,-0.04375888,4.163,0.728717679,1029.7,1.186,0,0,0,0,0,0
2023-12-27 20:20,0.53139858,-0.847121921,0.684814241,0.5,0,75.3,971.6,-215.479,134.696,0.997440783,0,0,2.292,3.5,-0.071497444,4.161,0.728717679,1029.7,1.186,0,0,0,0,0,0
2023-12-27 20:30,0.351841648,-0.936059536,0.696050654,0.6,0,75.7,971.4,-214.562,134.629,0.98874855,0,0,2.673,3.4,-0.149587114,4.226,0.717992679,1029.5,1.186,0,0,0,0,0,0
2023-12-27 20:40,0.660001668,-0.751264134,0.992184546,0.8,0,74.6,971.3,-161.54,134.551,0.995308802,0,0,2.685,3.6,-0.096749106,4.224,-0.124779113,1029.3,1.186,0,0,0,0,0,0
2023-12-27 20:50,0.490903754,-0.871213811,0.991843356,0.7,0,75.2,971.3,-161.371,134.46,0.999790084,0,0,3.086,3.5,0.020488732,4.282,-0.12746277,1029.3,1.186,0,0,0,0,0,0
2023-12-27 21:00,-0.005235964,-0.999986292,0.999999433,1,0,74.3,971.2,-168.639,134.366,0.999254855,0,0,2.518,3.6,-0.038597093,4.289,-0.001064651,1029.2,1.186,0,0,0,0,0,0
2023-12-27 21:10,0.385906042,-0.922538089,0.999999433,0.7,0,75.3,971.2,-168.639,134.291,0.998657705,0,0,2.575,3.5,-0.051795638,4.256,-0.001064651,1029.2,1.186,0,0,0,0,0,0
2023-12-27 21:20,0.589196357,-0.807989884,0.999999433,0.7,0,74.7,971.3,-168.639,134.218,0.998722005,0,0,2.039,3.5,-0.050540647,4.217,-0.001064651,1029.3,1.186,0,0,0,0,0,0
2023-12-27 21:30,0.366501227,-0.930417568,0.999999433,0.7,0,77,971.3,-168.639,134.148,0.994648859,0,0,1.838,3.6,-0.103313348,4.208,-0.001064651,1029.3,1.186,0,0,0,0,0,0
2023-12-27 21:40,0.278991106,-0.960293686,0.999999433,0.5,0,78.3,971.3,-168.639,134.079,0.994848912,0,0,1.744,3.5,-0.101368843,4.212,-0.001064651,1029.3,1.186,0,0,0,0,0,0
2023-12-27 21:50,0.800731371,-0.599023599,0.999999433,0.7,0,80.5,971.3,-168.639,134.009,0.853678078,0,0,1.248,3.5,-0.520801054,4.209,-0.001064651,1029.3,1.186,0,0,0,0,0,0
2023-12-27 22:00,0.41310443,-0.910683661,0.999999433,0.6,0,80.2,971.5,-168.639,133.952,0.493865987,0,0,1.663,3.4,-0.869538031,4.174,-0.001064651,1029.6,1.186,0,0,0,0,0,0
2023-12-27 22:10,-0.043619387,-0.999048222,0.999999433,0.9,0,82.7,971.5,-168.639,133.877,0.356933651,0,0,2.497,3,-0.934129739,4.245,-0.001064651,1029.7,1.186,0,0,0,0,0,0
2023-12-27 22:20,-0.127064609,-0.991894443,0.673928535,0.9,0,82.8,971.5,-122.253,133.772,0.363755271,0,0,2.947,2.8,-0.931494553,4.324,-0.738796541,1029.7,1.186,0,0,0,0,0,0
2023-12-27 22:30,0.012217001,-0.99992537,0.368108325,0.1,0,83.4,971.5,-100.299,133.697,0.338163106,0,0,3.322,3,-0.941087517,4.408,-0.929782911,1029.7,1.185,1,0,0.867,0,0,3.767
2023-12-27 22:40,0.202787295,-0.979222811,0.33642147,0.6,0,81.9,971.4,-98.363,133.686,0.187775615,0,0,3.368,3.3,-0.982211952,4.525,-0.941711524,1029.5,1.185,1,0,10,0,0,0
2023-12-27 22:50,-0.305695305,-0.952129393,0.240499108,0.4,0,81.8,971.4,-92.616,133.668,0.145841299,0,0,3.14,3.3,-0.989307998,4.577,-0.970649359,1029.5,1.185,1,0,10,0,0,0
2023-12-27 23:00,-0.382683432,-0.923879533,0.240499108,0.4,0,80.4,971.2,-92.616,133.67,0.276409017,0,0,3.697,3.3,-0.96104009,4.662,-0.970649359,1029.3,1.184,1,0,10,0,0,0
2023-12-27 23:10,-0.38912395,-0.921185406,0.240499108,0.8,0,78.4,971.1,-92.616,133.646,0.193874799,0,0,3.627,3.2,-0.98102628,4.705,-0.970649359,1029.2,1.184,1,0,10,0,0,0
2023-12-27 23:20,-0.409923034,-0.912120116,0.147377857,1.5,0,79.6,971.1,-87.177,133.631,-0.060508488,0,0,3.462,2.8,-0.998167683,4.738,-0.989080263,1029.3,1.184,1,0,10,0,0,0
2023-12-27 23:30,-0.345298199,-0.938493023,-0.008499651,1.3,0,81.6,971,-78.209,133.638,-0.027241219,0,0,3.83,2.7,-0.999628889,4.685,-0.999963877,1029.2,1.184,1,0,10,0,0,0
2023-12-27 23:40,-0.504527624,-0.863395551,-0.062686006,1.4,0,83.1,970.9,-75.106,133.638,-0.203043648,0,0,3.996,2.8,-0.979169687,4.651,-0.998033298,1029.1,1.184,1,0,10,0,0,0
2023-12-27 23:50,-0.593418887,-0.804893797,-0.195535368,1.5,0,83.3,970.9,-67.421,133.632,-0.377226643,0,0,4.097,3,-0.926120975,4.735,-0.98069665,1029.1,1.184,1,0,10,0,0,0
2023-12-28 0:00,-0.490903754,-0.871213811,-0.356852131,1.3,0,84.2,970.8,-57.795,133.624,-0.171791551,0,0,3.904,2.7,-0.985133322,4.744,-0.934160884,1029,1.184,1,0,10,0,0,0
2023-12-28 0:10,-0.46638664,-0.884580975,-0.188478423,1.5,0,84.8,970.7,-67.832,133.599,-0.091797076,0,0,3.717,2.5,-0.995777735,4.761,-0.982077331,1029,1.184,1,0,10,0,0,0
2023-12-28 0:20,-0.209618563,-0.977783237,-0.175280811,1.4,0,84.1,970.6,-68.605,133.588,-0.068520255,0,0,3.724,2.7,-0.997649725,4.756,-0.98451848,1028.8,1.184,1,0,10,0,0,0
2023-12-28 0:30,-0.223250116,-0.974761194,-0.175280811,1.4,0,82.4,970.5,-68.605,133.6,-0.229302322,0,0,3.175,2.7,-0.973355251,4.751,-0.98451848,1028.7,1.184,1,0,10,0,0,0
2023-12-28 0:40,-0.253757945,-0.967267753,-0.279393328,1.6,0,79.5,970.3,-62.478,133.608,-0.335369358,0,0,2.645,2.9,-0.942086723,4.729,-0.960176738,1028.4,1.184,1,0,4.067,0,0,0
2023-12-28 0:50,-0.346935652,-0.937888935,-0.304116195,1.6,0,82.5,970.3,-60.995,133.636,-0.259594457,0,0,2.732,3.1,-0.965717722,4.673,-0.952634946,1028.4,1.184,0,0,0,0,0,0
2023-12-28 1:00,-0.458649554,-0.888617233,-0.304116195,1.9,0,83.2,970.2,-60.995,133.675,-0.333872667,0,0,2.318,2.9,-0.942618185,4.63,-0.952634946,1028.3,1.184,0,0,0,0,0,0
2023-12-28 1:10,-0.560638995,-0.828060335,-0.349994848,1.3,0,80.5,970.1,-58.214,133.712,-0.511518061,0,0,3.176,2.7,-0.859272526,4.475,-0.936751625,1028.3,1.185,0,0,0,0,0,0.733
2023-12-28 1:20,-0.64278761,-0.766044443,-0.480223497,1.5,0,81,970,-49.99,133.798,-0.619696847,0,0,4.15,2.9,-0.784841269,4.456,-0.877146164,1028.1,1.185,1,0,8.867,0,0,1.133
2023-12-28 1:30,-0.657375246,-0.753563392,-0.604070703,1.9,0,80.9,970,-41.535,133.805,-0.702997608,0,0,3.918,3.1,-0.711192213,4.437,-0.796930728,1028.1,1.185,1,0,10,0,0,0
2023-12-28 1:40,-0.322265695,-0.94664926,-0.680695298,2,0,78.7,969.9,-35.802,133.816,-0.69465837,0,0,3.873,3,-0.7193398,4.476,-0.73256666,1028,1.185,1,0,10,0,0,0
2023-12-28 1:50,-0.443071191,-0.89648643,-0.680695298,1.7,0,75.5,969.9,-35.802,133.814,-0.613389617,0,0,4.225,2.8,-0.789780461,4.483,-0.73256666,1028,1.185,1,0,10,0,0,0
2023-12-28 2:00,-0.63742399,-0.770513243,-0.681423746,2.3,0,68,969.9,-35.745,133.827,-0.767198737,0,0,3.905,3.1,-0.641409462,4.486,-0.731889116,1028,1.185,1,0,10,0,0,0
2023-12-28 2:10,-0.662620048,-0.748955721,-0.772534129,1.6,0,68,970,-28.118,133.827,-0.803971044,0,0,4.285,3.5,-0.594668446,4.547,-0.634973243,1028,1.185,1,0,10,0,0,0
2023-12-28 2:20,-0.563526049,-0.826098294,-0.768674401,2.2,0,69.7,969.9,-28.472,133.839,-0.645817546,0,0,4.459,3.2,-0.763491779,4.511,-0.639640262,1027.9,1.185,1,0,10,0,0,0
2023-12-28 2:30,-0.589196357,-0.807989884,-0.67976139,2.2,0,65.5,969.7,-35.875,133.83,-0.604028975,0,0,4.983,3.2,-0.796962356,4.532,-0.733433332,1027.7,1.185,1,0,10,0,0,0
2023-12-28 2:40,-0.534352349,-0.845261833,-0.67976139,2.9,0,60.8,969.7,-35.875,133.824,-0.696952361,0,0,4.804,3.1,-0.717117429,4.479,-0.733433332,1027.8,1.185,1,0,10,0,0,0
2023-12-28 2:50,-0.493941867,-0.86949493,-0.67976139,2.1,0,60.4,969.6,-35.875,133.811,-0.665073965,0,0,5.394,3.2,-0.746777491,4.488,-0.733433332,1027.6,1.185,1,0,10,0,0,0
2023-12-28 3:00,-0.612907054,-0.790155012,-0.670348916,2.8,0,62.3,969.7,-36.607,133.748,-0.56231432,0,0,6.601,3,-0.826923579,4.493,-0.742046044,1027.8,1.185,1,0,10,0,0,0
2023-12-28 3:10,-0.6142852,-0.789084085,-0.574533936,2.9,0,61.3,969.6,-43.633,133.632,-0.568360825,0,0,6.533,3.2,-0.822779419,4.513,-0.818480761,1027.6,1.185,1,0,10,0,0,0
2023-12-28 3:20,-0.734914595,-0.67815967,-0.574533936,2.9,0,62.3,969.6,-43.633,133.575,-0.661665273,0,0,5.507,3.4,-0.74979935,4.384,-0.818480761,1027.6,1.185,1,0,10,0,0,0
2023-12-28 3:30,-0.898794046,-0.438371147,-0.665451857,1.8,0,62.5,969.6,-36.985,133.563,-0.728311174,0,0,5.852,3.4,-0.68524655,4.456,-0.746440772,1027.6,1.185,1,0,10,0,0,0
2023-12-28 3:40,-0.833885822,-0.551936985,-0.678813562,2.2,0,64.9,969.5,-35.949,133.527,-0.720974552,0,0,6.694,3.2,-0.692961539,4.388,-0.734310662,1027.5,1.185,1,0,10,0,0,0
2023-12-28 3:50,-0.732542899,-0.680720869,-0.678813562,2,0,64.2,969.5,-35.949,133.496,-0.728323133,0,0,6.75,3.3,-0.685233839,4.446,-0.734310662,1027.5,1.185,1,0,10,0,0,0
2023-12-28 4:00,-0.657375246,-0.753563392,-0.684687045,2.4,0,64.2,969.3,-35.494,133.493,-0.780528611,0,0,6.185,3.1,-0.625120059,4.485,-0.72883719,1027.3,1.185,1,0,10,0,0,0
2023-12-28 4:10,-0.901832526,-0.432085749,-0.770891362,1.7,0,68.6,969.2,-28.266,133.503,-0.772201552,0,0,6.297,2.4,-0.635377654,4.384,-0.636966646,1027.4,1.185,1,0,10,0,0,0
2023-12-28 4:20,-0.87630668,-0.481753674,-0.770891362,2.4,0,65.7,969.1,-28.266,133.524,-0.732222035,0,0,5.92,2.6,-0.681065996,4.277,-0.636966646,1027.2,1.186,1,0,10,0,0,0
2023-12-28 4:30,-0.911403277,-0.411514359,-0.770891362,2.1,0,66.1,969,-28.266,133.569,-0.767657524,0,0,5.825,2.3,-0.640860302,4.3,-0.636966646,1027.2,1.186,1,0,10,0,0,0
2023-12-28 4:40,-0.914253955,-0.405141587,-0.770891362,2.7,0,68.6,969,-28.266,133.607,-0.850957816,0,0,6.135,2,-0.525234039,4.482,-0.636966646,1027.3,1.185,1,0,10,0,0,0
2023-12-28 4:50,-0.852640164,-0.522498565,-0.770891362,2.5,0,67.2,968.9,-28.266,133.629,-0.830819376,0,0,6.187,2.3,-0.556542149,4.352,-0.636966646,1027.1,1.185,1,0,10,0,0,0
2023-12-28 5:00,-0.741975841,-0.670426619,-0.808370202,2,0,69.3,968.9,-24.763,133.655,-0.872436304,0,0,5.999,2.1,-0.488727833,4.352,-0.588674457,1027.2,1.185,1,0,10,0,0,0
2023-12-28 5:10,-0.720551112,-0.693401828,-0.880154448,2.6,0,68.6,968.9,-17.031,133.687,-0.943679748,0,0,5.679,2.2,-0.330860292,4.37,-0.474687421,1027.1,1.185,1,0,10,0,0,0
2023-12-28 5:20,-0.858064906,-0.513541252,-0.915795834,2.2,0,70.4,968.9,-12.381,133.73,-0.940484016,0,0,6.012,2,-0.339837927,4.421,-0.401644109,1027.2,1.185,1,0,10,0,0,0
2023-12-28 5:30,-0.970295726,-0.241921896,-0.921721058,1.9,0,66.2,969,-11.52,133.785,-0.965249491,0,0,6.052,2,-0.261330096,4.345,-0.387853441,1027.3,1.186,1,0,10,0,0,0
2023-12-28 5:40,-0.985703469,-0.16848938,-0.961803444,2.1,0,65.9,969,-4.772,133.821,-0.966600102,0,0,6.533,1.8,-0.256289373,4.167,-0.273740999,1027.4,1.186,1,0,10,0,0,0
2023-12-28 5:50,-0.957822495,-0.28736052,-0.960914561,1.9,0,63.1,969,-4.772,133.889,-0.95929919,0,0,6.781,1.8,-0.282391686,4.041,-0.276845095,1027.4,1.187,1,0,10,0,0,0
2023-12-28 6:00,-0.784776371,-0.619779032,-0.960914561,1.9,0,62.1,969,-4.772,133.945,-0.932594935,0,0,6.928,1.7,-0.360924767,4.193,-0.276845095,1027.4,1.186,1,0,10,0,0,0
2023-12-28 6:10,-0.820151876,-0.572145873,-0.960914561,1.5,0,59.4,969,-4.772,133.989,-0.923959661,0,0,6.777,1.9,-0.382489927,4.217,-0.276845095,1027.3,1.186,1,0,10,0,0,0
2023-12-28 6:20,-0.989015863,-0.147809411,-0.960914561,1.9,0,57.5,969,-4.772,134.027,-0.95284173,0,0,6.616,2,-0.303467687,3.908,-0.276845095,1027.3,1.187,1,0,10,0,0,0
2023-12-28 6:30,-0.987136265,-0.159881188,-0.960914561,1.4,0,58.4,969,-4.772,134.077,-0.923505062,0,0,6.54,1.9,-0.383586235,3.99,-0.276845095,1027.3,1.187,1,0,10,0,0,0
2023-12-28 6:40,-0.988756381,-0.149535343,-0.936304939,1.4,0,57.4,969.1,-9.259,134.104,-0.876743545,0,0,7.161,2.2,-0.480958165,4.214,-0.35118807,1027.4,1.186,1,0,10,0,0,0
2023-12-28 6:50,-0.997185134,0.074978727,-0.915276329,2.1,0,56.8,969.2,-12.455,134.102,-0.91368738,0,0,7.123,2.2,-0.406417731,4.025,-0.402826564,1027.5,1.187,1,0,10,0,0,0
2023-12-28 7:00,-0.999780683,0.02094242,-0.915276329,2.2,0,58.4,969.2,-12.455,134.1,-0.885361171,0,0,7.676,1.9,-0.464903857,4.102,-0.402826564,1027.5,1.187,1,0,10,0,0,0
2023-12-28 7:10,-0.979924705,-0.199367934,-0.915276329,2.4,0,58.2,969.2,-12.455,134.053,-0.879041871,0,0,7.67,1.8,-0.476744574,4.137,-0.402826564,1027.6,1.186,1,0,10,0,0,0
2023-12-28 7:20,-0.823136369,-0.567843745,-0.915276329,1.7,0,57.2,969,-12.455,133.989,-0.863043114,0,0,7.693,2.1,-0.505130265,4.271,-0.402826564,1027.3,1.186,1,0,10,0,0,0
2023-12-28 7:30,-0.996492859,0.083677843,-0.915276329,2,0,58.6,969,-12.455,133.961,-0.908981648,0,0,7.507,1.8,-0.416836135,4.029,-0.402826564,1027.4,1.187,1,0,10,0,0,0
2023-12-28 7:40,-0.999390827,-0.034899497,-0.915276329,2.1,0,58.8,969.1,-12.455,133.983,-0.922975292,0,0,6.688,1.8,-0.384859208,4.107,-0.402826564,1027.5,1.187,1,0,10,0,0,0
2023-12-28 7:50,-0.999993908,-0.003490651,-0.915276329,2.4,0,59.7,969.1,-12.455,134.059,-0.913353686,0,0,6.318,1.8,-0.407167096,4.077,-0.402826564,1027.5,1.187,1,0,10,0,0,0
2023-12-28 8:00,-0.960293686,0.278991106,-0.915276329,1.9,0,60,969.1,-12.455,134.156,-0.923826091,0,0,6.107,1.8,-0.382812427,4.263,-0.402826564,1027.5,1.186,1,0,10,0,0,0
2023-12-28 8:10,-0.946085359,-0.323917418,-0.915276329,1.2,0,59.5,969,-12.455,134.246,-0.943471676,0,0,6.592,1.9,-0.331453158,4.404,-0.402826564,1027.3,1.185,1,0,10,0,0,0
2023-12-28 8:20,-0.992757342,-0.120136839,-0.928200363,1.5,0,61.2,969.1,-10.542,134.309,-0.971071799,0,0,6.448,1.7,-0.238787692,4.417,-0.372080752,1027.5,1.185,1,0,10,0,0,0
2023-12-28 8:30,-0.99970149,-0.024432178,-0.960556202,1.6,0,61.1,969,-4.846,134.37,-0.987375132,0,0,6.302,1.7,-0.158399333,4.268,-0.278085927,1027.4,1.186,1,0,10,0,0,0
2023-12-28 8:40,-0.973178873,0.230049737,-0.984155403,1.2,0,62.9,969,1.078,134.429,-0.999605717,0,0,6.311,1.4,-0.028078657,4.198,-0.177308043,1027.5,1.186,1,0,10,0,0,0
2023-12-28 8:50,-0.982612797,0.185666615,-0.997521252,1,0,63.9,969,7.264,134.495,-0.999634573,0,0,6.277,1.3,-0.027031857,4.184,-0.070365838,1027.5,1.186,1,0,10,0,0,0
2023-12-28 9:00,-0.948323655,0.317304656,-0.999907811,2.5,0,62.5,969.1,10.522,134.598,-0.99827382,0,0,6.329,1.7,-0.058731419,4.184,-0.013578244,1027.5,1.186,1,0,10,0,0,0
2023-12-28 9:10,-0.917060074,0.398749069,-0.999907811,2.7,0,62.7,969.1,10.522,134.699,-0.999833998,0,0,6.747,1.8,-0.018220229,3.978,-0.013578244,1027.5,1.187,1,0,10,0,0,0
2023-12-28 9:20,-0.966823389,0.255445758,-0.999907811,3.4,0,61,969.3,10.522,134.761,-0.99840155,0,0,7.854,2.3,-0.056518534,4.286,-0.013578244,1027.5,1.186,1,0,10,0,0,0
2023-12-28 9:30,-0.99992537,0.012217001,-0.999907811,2.6,0,62.3,969.3,10.522,134.76,-0.99660154,0,0,8.067,2.1,-0.082373366,4.238,-0.013578244,1027.6,1.186,1,0,10,0,0,0
2023-12-28 9:40,-0.77384021,0.633380873,-0.999907811,3,0,60.2,969.4,10.522,134.717,-0.999238599,0,0,7.823,2.7,-0.039015657,4.359,-0.013578244,1027.5,1.185,1,0,10,0,0,0
2023-12-28 9:50,-0.77384021,0.633380873,-0.999907811,2.5,0,58.8,969.5,10.522,134.732,-0.997478082,0,0,8.378,3,-0.070975176,4.632,-0.013578244,1027.6,1.184,1,0,10,0,0,0
2023-12-28 10:00,-0.841510782,0.54024032,-0.999907811,3.2,0,57.5,969.5,10.522,134.676,-0.999474817,0,0,9.019,3.1,-0.03240509,4.948,-0.013578244,1027.5,1.183,1,0,10,0,0,0
2023-12-28 10:10,-0.795473481,0.6059884,-0.999907811,3,0,56.9,969.5,10.522,134.503,-0.995969375,0,0,9.825,3.2,-0.089693941,5.044,-0.013578244,1027.5,1.183,1,0,10,0,0,0
2023-12-28 10:20,-0.976672278,0.214735327,-0.999907811,2.5,0,57.2,969.5,10.522,134.297,-0.999525024,0,0,9.566,3.4,-0.030817634,4.837,-0.013578244,1027.5,1.183,1,0,10,0,0,0
2023-12-28 10:30,-0.999961923,0.008726535,-0.999907811,2.4,0,57.8,969.6,10.522,134.17,-0.999995701,0,0,9.311,3.7,-0.002932149,4.516,-0.013578244,1027.5,1.185,1,0,10,0,0,0
2023-12-28 10:40,-0.99950656,0.031410759,-0.999907811,2.2,0,58.1,969.5,10.522,134.099,-0.999819047,0,0,9.64,3.8,-0.019022941,4.484,-0.013578244,1027.4,1.185,1,0,10,0,0,0
2023-12-28 10:50,-0.893371388,0.449318999,-0.999907811,2.7,0,57.3,969.5,10.522,133.996,-0.998266638,0,0,9.998,4,-0.058853381,4.493,-0.013578244,1027.5,1.185,1,0,10,0,0,0
2023-12-28 11:00,-0.771624583,0.63607822,-0.999907811,2.7,0,57.1,969.4,10.522,133.627,-0.994022088,0,0,10.26,4.3,-0.109179161,4.453,-0.013578244,1027.3,1.185,1,0,10,0,0,0
2023-12-28 11:10,-0.830984469,0.556295616,-0.999907811,1.7,0,55.8,969.4,10.522,133.323,-0.996392847,0,0,10.226,5.1,-0.084860446,4.428,-0.013578244,1027.1,1.185,1,0,10,0,0,0
2023-12-28 11:20,-0.878817113,0.47715876,-0.999907811,1.8,0,55.7,969.4,10.522,133.156,-0.996984068,0,0,9.119,4.8,-0.077606492,4.349,-0.013578244,1027.2,1.186,1,0,10,0,0,0
2023-12-28 11:30,-0.956304756,0.292371705,-0.999907811,3,0,55.5,969.3,10.522,133.136,-0.998778699,0,0,9.632,5.2,-0.049407601,4.523,-0.013578244,1026.9,1.185,1,0,10,0,0,0
2023-12-28 11:40,-0.968583161,0.248689887,-0.999907811,1.8,0,57.6,969.3,10.522,133.069,-0.998048586,0,0,9.703,4.9,-0.062442139,4.585,-0.013578244,1027,1.184,1,0,10,0,0,0
2023-12-28 11:50,-0.86162916,0.507538363,-0.999907811,2.9,0,54.9,969,10.522,133.017,-0.999748123,0,0,9.558,5.6,-0.02244305,4.728,-0.013578244,1026.5,1.184,1,0,10,0,0,0
2023-12-28 12:00,-0.898027576,0.43993917,-0.999907811,4,0,53.2,969,10.522,132.918,-0.999999433,0,0,8.445,5.7,0.001064651,4.717,-0.013578244,1026.5,1.184,1,0,10,0,0,0
2023-12-28 12:10,-0.958819735,-0.284015345,-0.999907811,3.1,0,52.1,968.7,10.522,132.861,-0.999307123,0,0,8.875,6.1,-0.037219274,5.035,-0.013578244,1026.1,1.183,1,0,10,0,0,0
2023-12-28 12:20,-0.809016994,0.587785252,-0.999907811,2.9,0,52.3,968.7,10.522,132.881,-0.999233825,0,0,8.992,6.2,-0.039137737,5.264,-0.013578244,1026,1.182,1,0,10,0,0,0
2023-12-28 12:30,-0.983254908,0.182235525,-0.999907811,2.9,0,50.9,968.5,10.522,132.963,-0.999981661,0,0,7.751,6.2,0.006056255,5.502,-0.013578244,1025.8,1.181,1,0,10,0,0,0
2023-12-28 12:40,-0.939692621,0.342020143,-0.999907811,4.7,0,49.6,968.3,10.522,133.11,-0.999892533,0,0,8.158,6.2,-0.014660241,5.778,-0.013578244,1025.6,1.179,1,0,10,0,0,0
2023-12-28 12:50,-0.973578903,0.22835087,-0.999907811,2.6,0,48.7,968.2,10.522,133.221,-0.999992426,0,0,8.592,6.4,-0.003892074,5.787,-0.013578244,1025.4,1.179,1,0,10,0,0,0
2023-12-28 13:00,-0.809016994,0.587785252,-0.999907811,3,0,46.6,967.9,10.522,133.337,-0.999815377,0,0,7.911,6.5,-0.019214892,5.855,-0.013578244,1025.1,1.179,1,0,10,0,0,0
2023-12-28 13:10,-0.79335334,0.608761429,-0.999907811,2.7,0,46.6,967.9,10.522,133.522,-0.999975509,0,0,7.315,6.9,-0.006998713,5.995,-0.013578244,1025,1.179,1,0,10,0,0,0
2023-12-28 13:20,-0.733729865,0.679441304,-0.999907811,2.4,0,46,967.8,10.522,133.723,-0.999521791,0,0,7.335,7,-0.030922304,6.047,-0.013578244,1024.9,1.178,1,0,10,0,0,0
2023-12-28 13:30,-0.807989884,0.589196357,-0.999907811,1.4,0,45,967.7,10.522,133.979,-0.999983514,0,0,6.79,7.1,0.005742102,6.225,-0.013578244,1024.7,1.178,1,0,10,0,0,0
2023-12-28 13:40,-0.952661481,0.304033061,-0.999907811,2.9,0,45.5,967.6,10.522,134.206,-0.997889633,0,0,6.677,6.9,0.064932892,6.359,-0.013578244,1024.7,1.177,1,0,10,0,0,0
2023-12-28 13:50,-0.991671162,0.128795597,-0.997485509,3.1,0,43.4,967.5,15.363,134.445,-0.978154858,0,0,6.398,6.9,0.207877547,6.437,0.07087072,1024.6,1.177,1,0,10,0,0,0
2023-12-28 14:00,-0.856267085,0.516533329,-0.981066864,2.4,0,41.3,967.5,22.467,134.653,-0.955803278,0,0,6.102,6.8,0.294006962,6.624,0.193669329,1024.6,1.176,1,0,10,0,0,0
2023-12-28 14:10,-0.880477354,0.474088209,-0.967757546,3.3,0,41.3,967.4,25.889,134.827,-0.984411223,0,0,6.422,6.9,0.175882187,6.709,0.251883567,1024.5,1.176,1,0,10,0,0,0
2023-12-28 14:20,-0.70463421,0.709570737,-0.967757546,2.4,0,40.2,967.3,25.889,135.013,-0.979931663,0,0,6.243,7,0.199333728,6.787,0.251883567,1024.3,1.175,1,0,10,0,0,0
2023-12-28 14:30,-0.954240329,0.299040792,-0.967757546,2.1,0,39.5,967.4,25.889,135.165,-0.931627814,0,0,6.215,7.2,0.363413836,6.815,0.251883567,1024.4,1.175,1,0,10,0,0,0
2023-12-28 14:40,-0.956304756,0.292371705,-0.967757546,3.8,0,38.4,967.3,25.889,135.324,-0.95095399,0,0,7.58,6.9,0.30933236,6.736,0.251883567,1024.4,1.175,1,0,10,0,0,0
2023-12-28 14:50,-0.973178873,0.230049737,-0.967757546,2.5,0,39.7,967.2,25.889,135.467,-0.945598099,0,0,6.84,7.1,0.325337111,6.691,0.251883567,1024.2,1.176,1,0,10,0,0,0
2023-12-28 15:00,-0.89179753,0.452434709,-0.935801371,2.5,0,39.2,967.3,31.945,135.6,-0.952539358,0,0,7.143,6.9,0.304415459,6.749,0.352527721,1024.4,1.175,1,0,10,0,0,0
2023-12-28 15:10,-0.825113498,0.564967003,-0.924904773,3.8,0,39,967.3,33.646,135.591,-0.95227867,0,0,8.203,6.9,0.30522997,6.711,0.380198843,1024.4,1.175,1,0,10,0,0,0
2023-12-28 15:20,-0.713250449,0.700909264,-0.924904773,4.3,0,39.6,967.4,33.646,135.506,-0.938908177,0,0,8.819,6.7,0.344167743,6.589,0.380198843,1024.5,1.176,1,0,10,0,0,0
2023-12-28 15:30,-0.847121921,0.53139858,-0.924904773,1.5,0,40.8,967.4,33.646,135.349,-0.965408949,0,0,10.249,6.5,0.26074041,6.403,0.380198843,1024.6,1.177,1,0,10,0,0,0
2023-12-28 15:40,-0.982612797,0.185666615,-0.96595744,3.3,0,40.5,967.4,26.288,135.15,-0.974417157,0,0,8.65,6.4,0.224746978,6.404,0.258701033,1024.6,1.177,1,0,10,0,0,0
2023-12-28 15:50,-0.958322574,0.285688367,-0.968082058,4.6,0,41,967.5,25.815,135.124,-0.929048655,0,0,7.009,6.2,0.369957561,6.428,0.250633456,1024.8,1.177,1,0,10,0,0,0
2023-12-28 16:00,-0.994150964,0.107999356,-0.968082058,2.3,0,41.4,967.5,25.815,135.261,-0.95302693,0,0,7.377,6,0.302885572,6.345,0.250633456,1024.8,1.177,1,0,9.967,0,0,0
2023-12-28 16:10,-0.753563392,0.657375246,-0.968082058,2,0,42.5,967.6,25.815,135.438,-0.95502512,0,0,7.057,5.8,0.296524907,6.182,0.250633456,1025,1.178,1,0,10,0,0,0
2023-12-28 16:20,-0.783693457,0.62114778,-0.968082058,1.6,0,43.3,967.7,25.815,135.611,-0.954942277,0,0,7.552,5.7,0.296791588,6.012,0.250633456,1025.1,1.178,1,0,10,0,0,0
2023-12-28 16:30,-0.944948912,0.327217899,-0.968082058,3.4,0,45.7,967.7,25.815,135.749,-0.970033374,0,0,6.922,5.2,0.242971715,5.858,0.250633456,1025.2,1.179,1,0,10,0,0,0
2023-12-28 16:40,-0.886203579,0.463296035,-0.963625789,3,0,46,967.9,26.803,135.877,-0.896903617,0,0,5.602,5.2,0.442226076,5.615,0.267255195,1025.5,1.18,1,0,10,0,0,0
2023-12-28 16:50,-0.865151421,0.501510737,-0.926364384,1.4,0,46.7,967.9,33.425,135.969,-0.953743189,0,0,7.137,5,0.300622571,5.443,0.376628502,1025.5,1.181,1,0,10,0,0,0
2023-12-28 17:00,-0.99121554,0.13225639,-0.926364384,2,0,47.1,967.8,33.425,135.935,-0.965518083,0,0,8.392,4.8,0.260335998,5.208,0.376628502,1025.5,1.182,1,0,10,0,0,0
2023-12-28 17:10,-0.848048096,0.529919264,-0.944622916,2.7,0,47.6,967.7,30.456,135.78,-0.975882484,0,0,9.016,4.7,0.218296535,4.973,0.328157808,1025.4,1.183,1,0,10,0,0,0
2023-12-28 17:20,-0.653420604,0.756995056,-0.96847021,3.5,0,48.5,967.9,25.726,135.677,-0.969565114,0,0,8.196,4.4,0.244833596,4.748,0.249129391,1025.7,1.184,1,0,10,0,0,0
2023-12-28 17:30,-0.713250449,0.700909264,-0.968544085,2.2,0,49.5,968,25.709,135.678,-0.941458777,0,0,7.515,4.1,0.337128122,4.653,0.248842029,1025.9,1.184,1,0,10,0,0,0
2023-12-28 17:40,-0.781520472,0.623879597,-0.968513676,2.6,0,50.4,968.1,25.718,135.731,-0.956376167,0,0,7.671,3.7,0.292138027,4.518,0.248960357,1025.9,1.185,1,0,10,0,0,0
2023-12-28 17:50,-0.830012285,0.557745109,-0.968513676,2,0,50.6,968.1,25.715,135.716,-0.95115355,0,0,7.432,3.6,0.308718196,4.186,0.248960357,1025.9,1.186,1,0,10,0,0,0
2023-12-28 18:00,-0.246999013,0.969015731,-0.958491937,2.8,0,51.4,968.2,27.868,135.536,-0.918598192,0,0,6.551,3.3,0.395192815,3.942,0.285119637,1026.1,1.187,1,0,10,0,0,0
2023-12-28 18:10,-0.966376079,0.257132793,-0.926850043,1.9,0,51.8,968.3,33.351,135.53,-0.942034032,0,0,6.444,3.2,0.335517337,3.862,0.375431748,1026.2,1.188,1,0,10,0,0,0
2023-12-28 18:20,-0.832921241,0.553391549,-0.926850043,2.1,0,52.9,968.3,33.351,135.553,-0.960084035,0,0,6.586,3.1,0.27971172,3.756,0.375431748,1026.3,1.188,1,0,10,0,0,0
2023-12-28 18:30,-0.608761429,0.79335334,-0.936317198,2.4,0,52.7,968.5,31.849,135.568,-0.972876905,0,0,7.091,3.2,0.231323428,3.668,0.351155386,1026.5,1.188,1,0,10,0,0,0
2023-12-28 18:40,-0.952129393,0.305695305,-0.968726236,2.3,0,53.1,968.5,25.667,135.588,-0.981895952,0,0,6.703,3,0.189421062,3.576,0.248131982,1026.5,1.189,1,0,10,0,0,0
2023-12-28 18:50,-0.689619544,0.724171861,-0.969637715,1.9,0,52.6,968.4,25.459,135.63,-0.995892304,0,0,6.862,3.1,0.090545673,3.391,0.24454591,1026.4,1.19,1,0,10,0,0,0
2023-12-28 19:00,-0.964095404,0.265556117,-0.993203191,2.5,0,52.9,968.5,17.983,135.62,-0.998261498,0,0,7.59,3,0.058940496,3.323,0.116393387,1026.5,1.19,1,0,10,0,0,0
2023-12-28 19:10,-0.934204474,0.356737999,-0.993203191,2.9,0,55.3,968.5,17.983,135.558,-0.998276894,0,0,7.823,2.3,0.058679149,3.121,0.116393387,1026.7,1.191,1,0,10,0,0,0
2023-12-28 19:20,-0.669130606,0.743144825,-0.993203191,3.3,0,56.6,968.5,17.983,135.487,-0.998463092,0,0,8.195,2.2,0.055420701,3.051,0.116393387,1026.7,1.191,1,0,10,0,0,0
2023-12-28 19:30,-0.85445883,0.519519112,-0.993203191,4.1,0,56.6,968.5,17.983,135.382,-0.99829528,0,0,9.34,2,0.058365529,2.938,0.116393387,1026.8,1.192,1,0,10,0,0,0
2023-12-28 19:40,-0.870355696,0.49242356,-0.993203191,2.5,0,56.1,968.5,17.983,135.132,-0.999954927,0,0,10.488,2.1,0.009494448,2.655,0.116393387,1026.7,1.193,1,0,10,0,0,0
2023-12-28 19:50,-0.796529918,0.604599115,-0.993203191,3.1,0,57,968.6,17.983,134.639,-0.998636832,0,0,10.495,1.9,0.052196521,2.183,0.116393387,1026.9,1.195,1,0,10,0,0,0
2023-12-28 20:00,-0.940288127,0.34037955,-0.993203191,3.4,0,56.5,968.5,17.983,134.046,-0.999994208,0,0,12.372,2,0.003403385,2.056,0.116393387,1026.8,1.195,1,0,10,0,0,0
2023-12-28 20:10,-0.990023658,-0.140901232,-0.999379814,2.6,0,58,968.3,13.312,133.509,-0.998695405,0,0,12.535,1.5,-0.05106357,1.928,0.035213463,1026.7,1.196,1,0,10,0,0,0
2023-12-28 20:20,-0.965016494,-0.262189179,-0.999799278,2.8,0,59.3,968.4,10.152,133.111,-0.99673675,0,0,11.548,1.3,0.080720826,1.748,-0.020035039,1026.8,1.197,1,0,10,0,0,0
2023-12-28 20:30,-0.865151421,0.501510737,-0.99873871,3.7,0,59,968.6,14.178,132.685,-0.997250185,0,0,11.253,1.4,0.07410849,1.293,0.050209456,1027,1.199,1,0,10,0,0,0
2023-12-28 20:40,-0.907044014,0.421035813,-0.99335269,5.6,0,60.6,968.6,17.91,132.306,-0.994945761,0,0,11.435,1.1,0.10041381,1.145,0.115110525,1027.1,1.199,1,0,10,0,0,0
2023-12-28 20:50,-0.842452397,0.538770785,-0.99335269,4.3,0,60.7,968.6,17.91,131.993,-0.992217179,0,0,11.684,1.1,0.124519355,0.909,0.115110525,1027.1,1.2,1,0,10,0,0,0
2023-12-28 21:00,-0.890212805,0.455544907,-0.99335269,3.6,0,62.4,968.8,17.91,131.709,-0.990740733,0,0,12.336,0.7,0.135767448,0.651,0.115110525,1027.4,1.202,1,0,10,0,0,0
2023-12-28 21:10,-0.99121554,0.13225639,-0.99335269,3.8,0,63.1,968.9,17.91,131.223,-0.993484629,0,0,11.526,0.6,0.113966189,0.371,0.115110525,1027.6,1.203,1,0,10,0,0,0
2023-12-28 21:20,-0.997185134,0.074978727,-0.99335269,2.4,0,64.9,969,17.91,130.981,-0.986914881,0,0,11.29,0.3,0.161242109,0.473,0.115110525,1027.7,1.202,1,0,10,0,0,0
2023-12-28 21:30,-0.800731371,-0.599023599,-0.99335269,3,0,66.9,969.1,17.91,130.951,-0.982993091,0,0,10.401,0,0.183642543,0.519,0.115110525,1027.9,1.202,1,0,10,0,0,0
2023-12-28 21:40,-0.91636273,-0.400349033,-0.99335269,3.6,0,68.3,969.1,17.91,130.899,-0.990231599,0,0,10.986,0,0.139432348,0.109,0.115110525,1027.9,1.204,1,0,10,0,0,0
2023-12-28 21:50,-0.866896749,0.49848774,-0.992965508,3.4,0,69.8,969.1,17.91,130.481,-0.999266931,0,0,15.211,-0.2,0.038283166,0.018,0.118403968,1028,1.204,1,0,10,0,0,0
2023-12-28 22:00,-0.867765453,0.496973961,-0.99335269,4.6,0,71.9,968.9,17.91,130.071,-0.99756405,0,0,14.275,-0.2,0.069756474,-0.16,0.115110525,1027.8,1.205,1,0,10,0,0,0
2023-12-28 22:10,-0.783693457,0.62114778,-0.99335269,7.4,0,72,969,17.91,129.771,-0.999719544,0,0,13.939,-0.1,0.023681904,-0.201,0.115110525,1027.8,1.205,1,0,10,0,0,0
2023-12-28 22:20,-0.988756381,0.149535343,-0.994583749,6.9,0,72.6,968.8,17.257,129.481,-0.999262246,0,0,15.382,-0.3,-0.03840525,-0.231,0.103938284,1027.7,1.205,1,0,10,0,0,0
2023-12-28 22:30,-0.996917334,0.078459096,-0.999577796,6.6,0,72.2,968.7,9.635,129.136,-0.992715346,0,0,15.919,-0.2,-0.120483369,-0.34,-0.029055642,1027.6,1.206,1,0,10,0,0,0
2023-12-28 22:40,-0.901077021,0.433659085,-0.999577796,5.9,0,73.6,969,9.635,128.91,-0.997510187,0,0,15.435,-0.4,-0.070522527,-0.181,-0.029055642,1027.9,1.205,1,0,10,0,0,0
2023-12-28 22:50,-0.829037573,0.559192903,-0.999577796,5.3,0,73.6,969,9.635,128.8,-0.997849782,0,0,16.015,-0.4,-0.065542456,-0.172,-0.029055642,1027.9,1.205,1,0,10,0,0,0
2023-12-28 23:00,-0.928485827,0.371367836,-0.999577796,4.4,0,74.3,968.9,9.635,128.528,-0.998209682,0,0,16.044,-0.5,-0.059811621,-0.392,-0.029055642,1027.8,1.206,1,0,10,0,0,0
2023-12-28 23:10,-0.942057453,0.33545157,-0.999577796,6.3,0,74,969.1,9.635,128.463,-0.999809632,0,0,16.433,-0.4,-0.019511543,-0.16,-0.029055642,1028,1.205,1,0,10,0,0,0
2023-12-28 23:20,-0.940880769,0.33873792,-0.999577796,3.1,0,73.6,969.2,9.635,128.562,-0.999844326,0,0,16.227,-0.5,0.017644363,-0.062,-0.029055642,1028.2,1.205,1,0,10,0,0,0
2023-12-28 23:30,-0.999657325,0.026176948,-0.999577796,4.1,0,74.9,969.2,9.635,128.514,-0.999309719,0,0,14.544,-0.6,0.03714951,-0.575,-0.029055642,1028.2,1.207,1,0,10,0,0,0
2023-12-28 23:40,-0.962217994,0.272280247,-0.999577796,7,0,74.9,969.1,9.635,128.411,-0.999033702,0,0,12.848,-0.8,0.043950682,-0.439,-0.029055642,1028.1,1.206,1,0,10,0,0,0
2023-12-28 23:50,-0.836764313,0.547563223,-0.999577796,4.4,0,75.6,969.1,9.635,128.497,-0.999510936,0,0,12.82,-1,0.031271201,-0.448,-0.029055642,1028.2,1.206,1,0,10,0,0,0
2023-12-29 0:00,-0.817144898,0.576432316,-0.999577796,3.8,0,76.7,969.2,9.635,128.582,-0.999060363,0,0,12.715,-1.1,0.043340399,-0.5,-0.029055642,1028.3,1.207,1,0,10,0,0,0
2023-12-29 0:10,-0.771624583,0.63607822,-0.999025246,3.4,0,76.2,969.2,13.823,128.499,-0.982845336,0,0,10.249,-1,0.184431681,-0.814,0.044142482,1028.3,1.208,1,0,10,0,0,0
2023-12-29 0:20,0.957319498,0.289031797,-0.985232104,3.9,0,76.7,969.4,21.156,128.64,-0.944330443,0,0,11.301,-1.2,0.328998503,-0.307,0.171224127,1028.5,1.206,1,0,10,0,0,0
2023-12-29 0:30,-0.977415894,0.211324796,-0.971845972,4.3,0,75.7,969.1,24.928,128.865,-0.976533405,0,0,10.678,-1,0.21536599,-0.277,0.235617075,1028.2,1.206,1,0,10,0,0,0
2023-12-29 0:40,-0.999847695,0.017452406,-0.971075966,3,0,74.2,969.2,24.928,129.024,-0.970863047,0,0,10.57,-0.8,0.239635021,-0.534,0.238770743,1028.2,1.207,1,0,10,0,0,0
2023-12-29 0:50,-0.989272333,0.146083029,-0.971845972,5.2,0,74.7,968.9,24.928,128.914,-0.972157652,0,0,10.255,-0.9,0.234327763,-0.758,0.235617075,1028,1.208,1,0,10,0,0,0
2023-12-29 1:00,-0.884580975,0.46638664,-0.971845972,4.2,0,74.6,969.1,24.928,128.941,-0.98161386,0,0,10.965,-1.1,0.190877525,-0.623,0.235617075,1028.2,1.207,1,0,10,0,0,0
2023-12-29 1:10,-0.867765453,0.496973961,-0.971845972,6.1,0,74.7,969.1,24.928,128.958,-0.98258362,0,0,10.975,-1.1,0.185820962,-0.693,0.235617075,1028.2,1.207,1,0,10,0,0,0
2023-12-29 1:20,-0.913545458,0.406736643,-0.971845972,3.6,0,74.2,969.2,24.928,128.885,-0.98505827,0,0,11.259,-1.1,0.172221381,-0.902,0.235617075,1028.3,1.208,1,0,10,0,0,0
2023-12-29 1:30,-0.836764313,0.547563223,-0.971845972,4.3,0,75,969.3,24.928,128.605,-0.990688529,0,0,13.456,-1.3,0.136147855,-0.806,0.235617075,1028.4,1.208,1,0,10,0,0,0
2023-12-29 1:40,-0.98450318,-0.175366726,-0.971845972,2.8,0,74.6,969.4,24.928,128.373,-0.990621876,0,0,14.13,-1.4,0.13663198,-0.833,0.235617075,1028.5,1.208,1,0,10,0,0,0
2023-12-29 1:50,-0.988228381,0.152985836,-0.971845972,4.5,0,74.3,969.4,24.928,128.197,-0.992565283,0,0,12.367,-1.3,0.121713433,-0.837,0.235617075,1028.5,1.208,1,0,10,0,0,0
2023-12-29 2:00,-0.947210278,0.320612991,-0.971845972,5.6,0,75,969.5,24.928,128.137,-0.989305453,0,0,11.3,-1.3,0.145858566,-0.826,0.235617075,1028.6,1.208,1,0,10,0,0,0
2023-12-29 2:10,-0.872922077,0.487859659,-0.971845972,4,0,73.4,969.7,24.928,128.037,-0.978165741,0,0,11.285,-1.2,0.207826331,-1.078,0.235617075,1028.8,1.209,1,0,10,0,0,0
2023-12-29 2:20,-0.866896749,0.49848774,-0.971845972,3.6,0,72.5,969.5,24.928,128.023,-0.977493283,0,0,10.938,-1.2,0.210966541,-0.953,0.235617075,1028.6,1.209,1,0,10,0,0,0
2023-12-29 2:30,-0.88376563,0.467929814,-0.971845972,3.3,0,72.4,969.6,24.928,128.067,-0.979872477,0,0,11.34,-1.2,0.199624471,-0.869,0.235617075,1028.7,1.208,1,0,10,0,0,0
2023-12-29 2:40,-0.870355696,0.49242356,-0.971845972,3.9,0,72.1,969.6,24.928,128.09,-0.986725655,0,0,11.033,-1.2,0.162396067,-1.036,0.235617075,1028.7,1.209,1,0,10,0,0,0
2023-12-29 2:50,-0.982287251,0.187381315,-0.971845972,3.2,0,72.3,969.7,24.928,127.973,-0.984928742,0,0,9.109,-1.2,0.17296061,-1.095,0.235617075,1028.8,1.209,1,0,10,0,0,0
2023-12-29 3:00,-0.978508985,0.206204185,-0.971845972,4.6,0,72.5,969.7,24.928,128.105,-0.98570641,0,0,10.997,-1.4,0.168472176,-0.953,0.235617075,1028.8,1.209,1,0,10,0,0,0
2023-12-29 3:10,-0.857167301,0.515038075,-0.971845972,3.2,0,72.8,969.5,24.928,128.145,-0.984435771,0,0,10.932,-1.4,0.175744735,-0.966,0.235617075,1028.6,1.209,1,0,10,0,0,0
2023-12-29 3:20,-0.824126189,0.566406237,-0.971845972,3.3,0,72.7,969.5,24.928,128.292,-0.971887081,0,0,9.188,-1.5,0.235447452,-0.978,0.235617075,1028.7,1.209,1,0,10,0,0,0
2023-12-29 3:30,-0.977783237,0.209618563,-0.971845972,2.5,0,73.4,969.4,24.928,128.347,-0.978738707,0,0,9.774,-1.6,0.205111052,-1.151,0.235617075,1028.6,1.209,1,0,10,0,0,0
2023-12-29 3:40,-0.744311546,0.667832555,-0.971845972,3.7,0,72.9,969.5,24.928,128.366,-0.96701038,0,0,9.876,-1.5,0.254736971,-0.942,0.235617075,1028.7,1.209,1,0,10,0,0,0
2023-12-29 3:50,-0.999328394,0.036643709,-0.971845972,2.6,0,72.4,969.6,24.928,128.55,-0.958844516,0,0,9.707,-1.6,0.283931671,-0.92,0.235617075,1028.8,1.208,1,0,10,0,0,0
2023-12-29 4:00,-0.953716951,0.3007058,-0.971845972,2,0,70.8,969.4,24.928,128.755,-0.97045175,0,0,8.422,-1.4,0.241295256,-1.123,0.235617075,1028.5,1.209,1,0,10,0,0,0
2023-12-29 4:10,-0.999876632,-0.015707317,-0.971845972,3.2,0,70.9,969.5,24.928,128.742,-0.98505827,0,0,9.432,-1.5,0.172221381,-1.076,0.235617075,1028.7,1.209,1,0,10,0,0,0
2023-12-29 4:20,-0.988493887,0.15126082,-0.971845972,2.4,0,72.2,969.6,24.928,128.834,-0.989793649,0,0,10.273,-1.6,0.142508009,-0.967,0.235617075,1028.8,1.209,1,0,10,0,0,0
2023-12-29 4:30,-0.947210278,0.320612991,-0.971845972,3.2,0,72.8,969.5,24.928,128.885,-0.980319442,0,0,10.253,-1.7,0.197417809,-0.942,0.235617075,1028.7,1.209,1,0,10,0,0,0
2023-12-29 4:40,-0.812083527,-0.583541211,-0.971845972,1,0,72.7,969.5,24.928,128.973,-0.98527988,0,0,9.913,-2,0.170948991,-1.053,0.235617075,1028.8,1.209,1,0,10,0,0,0
2023-12-29 4:50,-0.948876012,0.315649037,-0.971845972,2,0,73.4,969.3,24.928,128.785,-0.986821849,0,0,9.64,-1.8,0.161810504,-1.131,0.235617075,1028.5,1.209,1,0,10,0,0,0
2023-12-29 5:00,-0.850811109,-0.525471651,-0.971845972,0.9,0,73.5,969.2,24.928,128.727,-0.989673914,0,0,9.866,-2,0.143337166,-1.144,0.235617075,1028.5,1.209,1,0,10,0,0,0
2023-12-29 5:10,-0.9952274,-0.0975829,-0.973206971,1.3,0,72.4,969.1,24.585,128.81,-0.996781677,0,0,9.018,-1.9,0.08016413,-1.295,0.229930839,1028.3,1.21,1,0,10,0,0,0
2023-12-29 5:20,-0.987413807,-0.158158067,-0.994621777,2.6,0,71.7,969.1,17.245,128.979,-0.992415841,0,0,9.132,-1.9,0.122925989,-1.056,0.103573743,1028.3,1.209,1,0,10,0,0,0
2023-12-29 5:30,-0.594822787,0.803856861,-0.994621777,1.3,0,71.3,969,17.245,129.145,-0.993949459,0,0,9.46,-1.7,0.109838398,-0.978,0.103573743,1028.2,1.209,1,0,10,0,0,0
2023-12-29 5:40,-0.873772223,-0.48633538,-0.994621777,1.2,0,71.3,969,17.245,128.999,-0.994474359,0,0,8.923,-1.7,0.104979752,-1.342,0.103573743,1028.2,1.21,1,0,10,0,0,0
2023-12-29 5:50,-0.969015731,-0.246999013,-0.994621777,1.8,0,71.6,968.9,17.245,128.993,-0.997532293,0,0,9.124,-1.8,0.070209147,-1.223,0.103573743,1028.1,1.21,1,0,10,0,0,0
2023-12-29 6:00,-0.829037573,-0.559192903,-0.994621777,1,0,73.2,968.9,17.245,129.136,-0.994192359,0,0,9.269,-2,0.107617621,-1.048,0.103573743,1028.1,1.209,1,0,10,0,0,0
2023-12-29 6:10,-0.888617233,-0.458649554,-0.994621777,2.4,0,72.5,968.8,17.245,129.287,-0.999816382,0,0,8.277,-2.1,0.019162542,-1.25,0.103573743,1028.1,1.21,1,0,10,0,0,0
2023-12-29 6:20,-0.597625147,-0.801775644,-0.994621777,1.5,0,71.7,968.8,17.245,129.494,-0.999720783,0,0,7.751,-1.8,-0.023629559,-1.357,0.103573743,1028,1.21,1,0,10,0,0,0
2023-12-29 6:30,-0.877146164,-0.480223497,-0.997949271,1.9,0,71.9,968.8,14.969,129.742,-0.998285078,0,0,6.861,-2.1,-0.058539763,-1.526,0.064009792,1028.1,1.211,1,0,10,0,0,0
2023-12-29 6:40,-0.778243149,0.627963058,-0.999622683,1.3,0,72.8,968.9,9.733,129.939,-0.992936547,0,0,7.96,-2.1,0.118646592,-0.999,-0.027468027,1028.2,1.209,1,0,10,0,0,0
2023-12-29 6:50,-0.976296007,0.216439614,-0.994754718,1.7,0,72.7,968.8,17.171,130.11,-0.993583705,0,0,7.908,-2,0.113099167,-0.769,0.102289059,1028,1.208,1,0,10,0,0,0
2023-12-29 7:00,-0.928485827,0.371367836,-0.994754718,1.4,0,70.6,968.9,17.171,130.296,-0.999920385,0,0,7.687,-1.8,0.012618396,-1.082,0.102289059,1028.1,1.209,1,0,10,0,0,0
2023-12-29 7:10,-0.807989884,-0.589196357,-0.997040689,2.3,0,72.1,969,15.706,130.494,-0.998200275,0,0,6.679,-1.9,-0.059968418,-1.333,0.076875644,1028.2,1.21,1,0,10,0,0,0
2023-12-29 7:20,-0.794414621,-0.60737584,-0.999457713,1,0,71.4,969.1,9.413,130.69,-0.982993091,0,0,6.499,-1.9,-0.183642543,-1.506,-0.032928409,1028.3,1.211,1,0,10,0,0,0
2023-12-29 7:30,-0.789084085,-0.6142852,-0.986360396,1.3,0,73.6,969.1,1.819,130.874,-0.988886499,0,0,6.602,-2.2,-0.148672434,-1.262,-0.164600027,1028.4,1.21,1,0,10,0,0,0
2023-12-29 7:40,-0.848048096,-0.529919264,-0.985867677,1.5,0,72.6,969.1,1.656,131.04,-0.98612961,0,0,6.375,-2.1,-0.165977085,-1.115,-0.167525888,1028.4,1.209,1,0,10,0,0,0
2023-12-29 7:50,-0.991894443,-0.127064609,-0.985867677,2.3,0,73.6,969,1.656,131.183,-0.987205932,0,0,6.568,-2.3,-0.159450453,-0.957,-0.167525888,1028.3,1.209,1,0,10,0,0,0
2023-12-29 8:00,-0.963162567,-0.268919821,-0.985867677,2.3,0,71.1,969.1,1.656,131.332,-0.988228381,0,0,6.491,-1.7,-0.152985836,-0.806,-0.167525888,1028.3,1.208,1,0,10,0,0,0
2023-12-29 8:10,-0.907044014,-0.421035813,-0.985867677,2.7,0,71.8,969.1,1.656,131.448,-0.988953862,0,0,6.833,-1.9,-0.148223676,-0.679,-0.167525888,1028.3,1.207,1,0,10,0,0,0
2023-12-29 8:20,-0.633380873,-0.77384021,-0.985867677,2.1,0,72.5,969.2,1.656,131.544,-0.99629143,0,0,7.266,-1.8,-0.086042928,-0.411,-0.167525888,1028.4,1.206,1,0,10,0,0,0
2023-12-29 8:30,-0.6142852,-0.789084085,-0.985867677,1,0,71.4,969.1,1.656,131.657,-0.998137994,0,0,6.565,-1.7,-0.060996277,-0.224,-0.167525888,1028.3,1.205,1,0,10,0,0,0
2023-12-29 8:40,-0.969015731,-0.246999013,-0.985867677,1.5,0,71.9,969.1,1.656,131.788,-0.994806363,0,0,6.179,-1.7,-0.101785556,0.098,-0.167525888,1028.3,1.204,1,0,10,0,0,0
2023-12-29 8:50,-0.913545458,-0.406736643,-0.985867677,2,0,72.5,969.1,1.656,131.938,-0.998297316,0,0,6.212,-1.8,-0.058330681,0.386,-0.167525888,1028.3,1.203,1,0,10,0,0,0
2023-12-29 9:00,-0.996492859,-0.083677843,-0.985867677,3.1,0,71.8,969.2,1.656,132.086,-0.998473714,0,0,6.456,-1.5,-0.055229009,0.131,-0.167525888,1028.3,1.204,1,0,10,0,0,0
2023-12-29 9:10,-0.996778878,-0.080198924,-0.993949459,2.4,0,70.9,969.3,5.002,132.218,-0.999860511,0,0,7.223,-1.4,-0.016702024,0.117,-0.109838398,1028.4,1.204,1,0,10,0,0,0
2023-12-29 9:20,-0.977045574,-0.213030386,-0.999457713,2.6,0,70.6,969.4,9.413,132.312,-0.998721123,0,0,6.901,-1.3,-0.050558078,0.036,-0.032928409,1028.5,1.204,1,0,10,0,0,0
2023-12-29 9:30,-0.9547608,-0.297374874,-0.999457713,0.6,0,69.7,969.5,9.413,132.428,-0.998069237,0,0,6.298,-1.1,-0.06211117,0.165,-0.032928409,1028.6,1.204,1,0,10,0,0,0
2023-12-29 9:40,-0.893371388,-0.449318999,-0.999457713,2.1,0,69.8,969.3,9.413,132.566,-0.998850897,0,0,5.772,-1,-0.047925829,0.322,-0.032928409,1028.4,1.203,1,0,10,0,0,0
2023-12-29 9:50,-0.968583161,-0.248689887,-0.999457713,1.5,0,66.8,969.4,9.413,132.715,-0.989059676,0,0,6.421,-0.5,-0.147515958,0.438,-0.032928409,1028.4,1.202,1,0,10,0,0,0
2023-12-29 10:00,-0.914253955,-0.405141587,-0.999457713,0.8,0,65.2,969.6,9.413,132.845,-0.99483652,0,0,6.36,-0.1,-0.101490386,0.513,-0.032928409,1028.5,1.202,1,0,10,0,0,0
2023-12-29 10:10,-0.914253955,-0.405141587,-0.999457713,2.2,0,65,969.5,9.413,132.981,-0.995942719,0,0,6.219,0,-0.089989447,0.742,-0.032928409,1028.4,1.201,1,0,10,0,0,0
2023-12-29 10:20,-0.99970149,0.024432178,-0.999457713,1.8,0,63.2,969.5,9.413,133.124,-0.998625879,0,0,5.699,0.4,-0.052405674,0.933,-0.032928409,1028.2,1.2,1,0,10,0,0,0
2023-12-29 10:30,-0.948323655,-0.317304656,-0.999457713,2,0,62,969.4,9.413,133.283,-0.99996902,0,0,5.492,0.8,-0.007871354,1.127,-0.032928409,1028,1.199,1,0,10,0,0,0
2023-12-29 10:40,-0.991894443,0.127064609,-0.999457713,1.5,0,61.8,969.5,9.413,133.449,-0.999973261,0,0,5.3,1.3,-0.007312864,1.208,-0.032928409,1028,1.199,1,0,10,0,0,0
2023-12-29 10:50,-0.900318771,-0.435231099,-0.999457713,1.4,0,60.9,969.3,9.413,133.6,-0.997005701,0,0,5.476,1.8,-0.077328079,1.373,-0.032928409,1027.7,1.198,1,0,10,0,0,0
2023-12-29 11:00,-0.990509463,-0.137444546,-0.999457713,2.1,0,59.8,969.1,9.413,133.759,-0.999173245,0,0,5.113,2.2,-0.040654964,1.734,-0.032928409,1027.4,1.197,1,0,10,0,0,0
2023-12-29 11:10,-0.663926213,0.74779809,-0.999457713,2,0,59.5,968.9,9.413,133.932,-0.997581065,0,0,4.621,2.1,-0.069512721,1.981,-0.032928409,1027.2,1.196,1,0,10,0,0,0
2023-12-29 11:20,-0.871213811,0.490903754,-0.999562445,1.4,0,58.9,968.9,9.413,134.089,-0.985312682,0,0,4.474,2.6,-0.170759828,2.301,-0.029579016,1027,1.194,1,0,10,0,0,0
2023-12-29 11:30,-0.949425478,0.313992456,-0.999457713,1.5,0,55.9,968.7,9.413,134.265,-0.993452765,0,0,3.525,3,-0.114243618,2.733,-0.032928409,1026.7,1.192,1,0,10,0,0,0
2023-12-29 11:40,-0.999986292,0.005235964,-0.999457713,0.7,0,54.4,968.5,9.413,134.461,-0.996112113,0,0,3.675,3.1,-0.088094595,3.054,-0.032928409,1026.5,1.191,1,0,10,0,0,0
2023-12-29 11:50,-0.986855716,-0.161603821,-0.999457713,2.6,0,54,968.4,9.413,134.66,-0.994572859,0,0,3.461,3.2,-0.104042436,3.422,-0.032928409,1026.4,1.189,1,0,10,0,0,0
2023-12-29 12:00,-0.918446381,-0.395545503,-0.999457713,2.6,0,53,968.2,9.413,134.822,-0.998269718,0,0,3.506,3.6,-0.058801111,3.636,-0.032928409,1026,1.189,1,0,10,0,0,0
2023-12-29 12:10,-0.999657325,0.026176948,-0.999457713,2.8,0,53.5,968.2,9.413,134.983,-0.999746947,0,0,3.517,3.7,-0.022495396,3.863,-0.032928409,1026,1.188,1,0,10,0,0,0
2023-12-29 12:20,-0.950515732,-0.31067643,-0.999457713,1.6,0,52.2,968,9.413,135.134,-0.998174014,0,0,3.947,4.1,0.06040396,3.91,-0.032928409,1025.9,1.187,1,0,10,0,0,0
2023-12-29 12:30,-0.860742027,0.509041416,-0.999457713,3.1,0,50.7,967.9,9.413,135.282,-0.998146501,0,0,4.532,4.4,-0.06085691,4.014,-0.032928409,1025.7,1.187,1,0,10,0,0,0
2023-12-29 12:40,-0.999815712,0.019197442,-0.999457713,2.4,0,50.8,967.7,9.413,135.385,-0.997225555,0,0,4.588,4.5,-0.074439187,4.074,-0.032928409,1025.4,1.187,1,0,10,0,0,0
2023-12-29 12:50,-0.994521895,0.104528463,-0.998056207,2.2,0,49.8,967.5,7.73,135.455,-0.97998729,0,0,4.939,4.7,-0.199060072,4.251,-0.062320204,1025.2,1.186,1,0,10,0,0,0
2023-12-29 13:00,-0.919821497,0.392337117,-0.985867677,2,0,50.6,967.2,1.656,135.536,-0.98606871,0,0,4.523,4.7,-0.166338509,4.432,-0.167525888,1024.8,1.185,1,0,10,0,0,0
2023-12-29 13:10,-0.949425478,0.313992456,-0.985867677,2.7,0,48.5,967,1.656,135.658,-0.991097424,0,0,4.283,5.1,-0.133138636,4.737,-0.167525888,1024.5,1.184,1,0,10,0,0,0
2023-12-29 13:20,-0.996194698,0.087155743,-0.985867677,2.4,0,47.4,966.8,1.656,135.791,-0.984925723,0,0,4.541,5.4,-0.1729778,4.825,-0.167525888,1024.2,1.183,1,0,10,0,0,0
2023-12-29 13:30,-0.89179753,0.452434709,-0.985867677,3,0,48.2,966.6,1.656,135.905,-0.980143329,0,0,4.549,5.5,-0.198290331,4.985,-0.167525888,1024,1.183,1,0,10,0,0,0
2023-12-29 13:40,-0.978867389,-0.204496052,-0.985867677,3.2,0,46,966.6,1.656,135.978,-0.976769622,0,0,5.318,5.6,-0.214292105,5.046,-0.167525888,1024,1.183,1,0,10,0,0,0
2023-12-29 13:50,-0.962217994,0.272280247,-0.985867677,2.8,0,45.2,966.5,1.656,136.033,-0.973622725,0,0,5.36,6.1,-0.228163952,5.246,-0.167525888,1023.7,1.182,1,0,10,0,0,0
2023-12-29 14:00,-0.981627183,0.190808995,-0.985867677,2.1,0,45.3,966.5,1.656,136.089,-0.96380748,0,0,5.207,6.1,-0.266599213,5.546,-0.167525888,1023.7,1.18,1,0,10,0,0,0
2023-12-29 14:10,-0.984807753,-0.173648178,-0.985867677,2.1,0,45.6,966.5,1.656,136.142,-0.993174722,0,0,4.865,5.9,-0.116636069,5.663,-0.167525888,1023.8,1.18,1,0,10,0,0,0
2023-12-29 14:20,-0.952129393,0.305695305,-0.985867677,3.2,0,45.5,966.3,1.656,136.186,-0.994861289,0,0,4.744,6.3,-0.101247299,5.841,-0.167525888,1023.5,1.179,1,0,10,0,0,0
2023-12-29 14:30,-0.894154237,0.447759088,-0.985867677,2,0,45.1,966.2,1.656,136.235,-0.989616295,0,0,5.224,6.4,-0.143734435,5.926,-0.167525888,1023.3,1.179,1,0,10,0,0,0
2023-12-29 14:40,-0.958322574,0.285688367,-0.989907743,3.1,0,45.7,966.3,3.155,136.299,-0.999783235,0,0,4.389,6.3,-0.020820273,6.118,-0.141713306,1023.5,1.178,1,0,10,0,0,0
2023-12-29 14:50,-0.993767919,-0.111468932,-0.999369941,2.7,0,44.8,966.3,9.266,136.36,-0.996067397,0,0,4.266,6.2,-0.088598762,6.232,-0.035492541,1023.5,1.178,1,0,10,0,0,0
2023-12-29 15:00,-0.949972052,-0.312334919,-0.995407901,1.1,0,44.2,966.2,5.806,136.407,-0.980426112,0,0,4.38,6.6,-0.196887376,6.256,-0.095724141,1023.3,1.177,1,0,10,0,0,0
2023-12-29 15:10,-0.852640164,0.522498565,-0.985211177,2.4,0,44.3,966.2,1.434,136.467,-0.990990214,0,0,4.166,6.5,-0.133934297,6.257,-0.171344494,1023.3,1.177,1,0,10,0,0,0
2023-12-29 15:20,-0.99897057,-0.045362988,-0.985211177,2.3,0,44.8,966.2,1.434,136.542,-0.990811685,0,0,4.629,6.5,-0.135248678,6.278,-0.171344494,1023.3,1.177,1,0,10,0,0,0
2023-12-29 15:30,-0.983254908,0.182235525,-0.985211177,1.3,0,45.6,966.2,1.434,136.576,-0.995296974,0,0,5.129,6.4,-0.096870705,6.212,-0.171344494,1023.3,1.178,1,0,10,0,0,0
2023-12-29 15:40,-0.952129393,0.305695305,-0.985211177,1.8,0,46,966.3,1.434,136.575,-0.997942562,0,0,5.211,6.1,-0.064114297,6.292,-0.171344494,1023.5,1.177,1,0,10,0,0,0
2023-12-29 15:50,-0.917060074,-0.398749069,-0.985211177,3.5,0,45.9,966.3,1.434,136.552,-0.997342525,0,0,5.401,6,-0.07285525,6.276,-0.171344494,1023.5,1.177,1,0,10,0,0,0
2023-12-29 16:00,-0.986285602,-0.165047606,-0.996101343,2.7,0,47.1,966.3,6.245,136.523,-0.999242,0,0,5.388,5.8,-0.038928457,6.205,-0.088216293,1023.6,1.178,1,0,10,0,0,0
2023-12-29 16:10,-0.96174131,0.273959219,-0.999274927,2.4,0,47.1,966.1,9.118,136.494,-0.998952279,0,0,5.4,5.7,0.045763997,6.15,-0.038073879,1023.4,1.178,1,0,10,0,0,0
2023-12-29 16:20,-0.705871571,0.708339838,-0.999133032,2.2,0,46.7,966.2,13.691,136.455,-0.991632904,0,0,6.139,5.7,0.129089826,6.085,0.041631521,1023.5,1.178,1,0,10,0,0,0
2023-12-29 16:30,-0.811063819,0.584957675,-0.995515856,2.6,0,48.3,966,16.728,136.419,-0.997631753,0,0,5.48,5.2,0.068781437,5.959,0.094594825,1023.4,1.179,1,0,10,0,0,0
2023-12-29 16:40,-0.99317065,0.116670737,-0.995515856,2,0,49.9,966,16.728,136.375,-0.990006436,0,0,6.349,4.6,0.141022185,5.85,0.094594825,1023.6,1.179,1,0,10,0,0,0
2023-12-29 16:50,-0.886203579,0.463296035,-0.995515856,2.9,0,51.5,966.1,16.728,136.3,-0.995835216,0,0,7.289,4.1,0.091171392,5.671,0.094594825,1023.8,1.18,1,0,10,0,0,0
2023-12-29 17:00,-1,-1.84E-16,-0.995515856,2.1,0,51.3,966.2,16.728,136.182,-0.996145866,0,0,7.812,4,0.087712109,5.497,0.094594825,1024,1.181,1,0,10,0,0,0
2023-12-29 17:10,-0.998026728,0.06279052,-0.995515856,2.6,0,51.9,966.2,16.728,135.944,-0.999672236,0,0,9.013,3.9,0.025601183,5.493,0.094594825,1024,1.181,1,0,10,0,0,0
2023-12-29 17:20,-0.996041065,0.088894297,-0.995515856,1.9,0,54.5,966.2,16.728,135.5,-0.999582852,0,0,9.664,3.1,0.028881183,5.385,0.094594825,1024,1.181,1,0,10,0,0,0
2023-12-29 17:30,-0.94776841,0.318959309,-0.995515856,2,0,54.5,966.2,16.728,135.046,-0.997774784,0,0,9.76,3.1,0.066674438,5.164,0.094594825,1024,1.182,1,0,10,0,0,0
2023-12-29 17:40,-0.94437637,0.328866647,-0.995515856,1.9,0,52.2,966.2,16.728,134.584,-0.999890476,0,0,10.776,3.6,0.014799852,5.177,0.094594825,1023.9,1.182,1,0,10,0,0,0
2023-12-29 17:50,-0.978147601,0.207911691,-0.995515856,1.5,0,53.1,966.3,16.728,134.039,-0.999552581,0,0,11.815,3.5,-0.029910482,5.148,0.094594825,1024.1,1.182,1,0,10,0,0,0
2023-12-29 18:00,-0.984807753,0.173648178,-0.995515856,2.5,0,52.7,966.4,16.728,133.479,-0.999952236,0,0,12.325,3.8,0.009773688,5.191,0.094594825,1024.1,1.182,1,0,10,0,0,0
2023-12-29 18:10,-0.956304756,-0.292371705,-0.995515856,2,0,54.9,966.5,16.728,132.974,-0.999999993,0,0,12.136,3.1,0.000122173,5.028,0.094594825,1024.4,1.183,1,0,10,0,0,0
2023-12-29 18:20,-0.99897057,-0.045362988,-0.995515856,2.6,0,56.1,966.3,16.728,132.499,-0.999574238,0,0,12.45,3,-0.029177763,5.151,0.094594825,1024.2,1.182,1,0,10,0,0,0
2023-12-29 18:30,-0.951056516,0.309016994,-0.995515856,3,0,56.5,966.2,16.728,132.025,-0.998725531,0,0,12.249,2.9,-0.050470923,5.119,0.094594825,1024.1,1.182,1,0,10,0,0,0
2023-12-29 18:40,-0.977415894,0.211324796,-0.999708695,3.7,0,55.3,966,9.915,131.61,-0.997566485,0,0,11.665,3.2,-0.069721652,4.85,-0.02413556,1023.8,1.183,1,0,10,0,0,0
2023-12-29 18:50,-0.960293686,0.278991106,-0.999173245,3.6,0,55.3,966.2,8.97,131.212,-0.999772196,0,0,11.03,3.2,-0.021343756,4.467,-0.040654964,1024,1.185,1,0,10,0,0,0
2023-12-29 19:00,-0.96770917,0.252069358,-0.999173245,2.4,0,56.3,966.3,8.97,130.861,-0.999146062,0,0,11.033,3.1,-0.041317632,4.49,-0.040654964,1024.2,1.185,1,0,10,0,0,0
2023-12-29 19:10,-0.996917334,-0.078459096,-0.999173245,2.4,0,58,966.3,8.97,130.598,-0.999916145,0,0,10.763,2.8,-0.012949981,4.436,-0.040654964,1024.2,1.185,1,0,10,0,0,0
2023-12-29 19:20,-0.999194395,-0.040131793,-0.999173245,3.1,0,58.7,966.2,8.97,130.365,-0.999280895,0,0,10.728,2.7,0.037916913,4.323,-0.040654964,1024.1,1.186,1,0,10,0,0,0
2023-12-29 19:30,-0.921185406,0.38912395,-0.999173245,2,0,59.6,966.2,8.97,130.047,-0.999999791,0,0,10.732,2.6,0.000645772,4.136,-0.040654964,1024.2,1.186,1,0,10,0,0,0
2023-12-29 19:40,-0.885393626,0.464842046,-0.999173245,3.3,0,60.3,966.1,8.97,129.831,-0.997810712,0,0,11.215,2.6,-0.06613458,3.93,-0.040654964,1024.1,1.187,1,0,10,0,0,0
2023-12-29 19:50,-0.831954122,0.554844427,-0.999173245,3,0,59.7,966,8.97,129.624,-0.999209037,0,0,10.822,2.6,-0.039765566,3.719,-0.040654964,1024,1.188,1,0,10,0,0,0
2023-12-29 20:00,-0.882947593,0.469471563,-0.999173245,2.7,0,61.1,965.9,8.97,129.36,-0.999408963,0,0,10.732,2.4,-0.034376212,3.477,-0.040654964,1023.9,1.189,1,0,10,0,0,0
2023-12-29 20:10,-0.982287251,0.187381315,-0.999173245,2.4,0,60.6,965.9,8.97,129.214,-0.999598332,0,0,10.093,2.5,-0.028340352,3.841,-0.040654964,1023.9,1.188,1,0,10,0,0,0
2023-12-29 20:20,-0.79335334,0.608761429,-0.999173245,1.9,0,60.6,965.7,8.97,129.252,-0.999143175,0,0,9.031,2.5,0.041387385,3.686,-0.040654964,1023.7,1.188,1,0,10,0,0,0
2023-12-29 20:30,-0.987136265,0.159881188,-0.999173245,2.3,0,60.8,965.8,8.97,129.38,-0.998377788,0,0,8.697,2.5,0.056936739,3.41,-0.040654964,1023.8,1.19,1,0,10,0,0,0
2023-12-29 20:40,-0.852640164,0.522498565,-0.999173245,2.9,0,62.6,965.8,8.97,129.358,-0.999023704,0,0,8.932,2.1,0.044177354,3.278,-0.040654964,1023.9,1.19,1,0,10,0,0,0
2023-12-29 20:50,-0.907777479,0.419452082,-0.999173245,2,0,62.9,965.8,8.97,129.485,-0.999656411,0,0,8.927,2.1,0.026211843,3.455,-0.040654964,1023.9,1.189,1,0,10,0,0,0
2023-12-29 21:00,-0.917754626,0.397147891,-0.999173245,1.7,0,63.9,965.9,8.97,129.707,-0.997757294,0,0,9.061,2.1,0.066935653,3.558,-0.040654964,1024,1.189,1,0,10,0,0,0
2023-12-29 21:10,-0.941470545,0.337095258,-0.999173245,2,0,65.2,965.7,8.97,129.749,-0.996966434,0,0,8.564,1.5,0.077832699,3.008,-0.040654964,1023.9,1.191,1,0,10,0,0,0
2023-12-29 21:20,-0.911403277,0.411514359,-0.999173245,1.7,0,65.1,965.8,8.97,129.662,-0.999384721,0,0,9.853,1.8,0.035073923,3.014,-0.040654964,1024,1.191,1,0,10,0,0,0
2023-12-29 21:30,-0.949425478,0.313992456,-0.999173245,2.7,0,64.9,965.8,8.97,129.606,-0.999843092,0,0,10.257,1.9,-0.017714165,2.952,-0.040654964,1023.9,1.192,1,0,10,0,0,0
2023-12-29 21:40,-0.817144898,0.576432316,-0.999173245,2.7,0,64.7,965.8,8.97,129.454,-0.999589879,0,0,10.697,2,-0.028636938,3.134,-0.040654964,1023.9,1.191,1,0,10,0,0,0
2023-12-29 21:50,-0.849892693,0.526955795,-0.999173245,3.5,0,64.1,965.7,8.97,129.143,-0.999991517,0,0,10.618,2.1,0.004118965,2.863,-0.040654964,1023.8,1.192,1,0,10,0,0,0
2023-12-29 22:00,-0.728968627,0.684547106,-0.999173245,3.2,0,63.9,965.7,8.97,128.955,-0.999998874,0,0,10.641,2.1,0.001500983,2.864,-0.040654964,1023.8,1.192,1,0,10,0,0,0
2023-12-29 22:10,-0.67815967,0.734914595,-0.999173245,3.1,0,64.1,965.7,8.97,128.835,-0.999997843,0,0,10.702,2.1,-0.00207694,2.898,-0.040654964,1023.8,1.192,1,0,10,0,0,0
2023-12-29 22:20,-0.904827052,0.425779292,-0.999173245,3.1,0,64.7,965.6,8.97,128.569,-0.999124291,0,0,11.001,1.9,-0.041840778,2.901,-0.040654964,1023.7,1.192,1,0,10,0,0,0
2023-12-29 22:30,-0.993767919,0.111468932,-0.999173245,2.2,0,66,965.6,8.97,128.395,-0.998384737,0,0,11.649,1.7,-0.056814764,3.468,-0.040654964,1023.8,1.189,1,0,10,0,0,0
2023-12-29 22:40,-0.977415894,0.211324796,-0.999173245,2.2,0,64.7,965.6,8.97,128.271,-0.99821177,0,0,11.989,1.9,-0.059776776,3.496,-0.040654964,1023.7,1.189,1,0,10,0,0,0
2023-12-29 22:50,-0.712026046,0.702153053,-0.999173245,2.3,0,65,965.7,8.97,128.11,-0.999742609,0,0,12.097,1.9,-0.022687334,3.692,-0.040654964,1023.8,1.188,1,0,10,0,0,0
2023-12-29 23:00,-0.788010754,0.615661475,-0.999173245,2.4,0,65.7,965.7,8.97,127.916,-0.999856105,0,0,11.487,1.7,-0.016963787,3.376,-0.040654964,1023.9,1.19,1,0,10,0,0,0
2023-12-29 23:10,-0.947210278,0.320612991,-0.999173245,1.4,0,66.1,965.7,8.97,127.864,-0.99994894,0,0,11.191,1.6,-0.010105284,3.461,-0.040654964,1023.9,1.189,1,0,10,0,0,0
2023-12-29 23:20,-0.937281989,0.348572047,-0.999173245,2.6,0,67.5,965.6,8.97,127.78,-0.998799307,0,0,11.3,1.3,-0.048989229,3.091,-0.040654964,1023.9,1.191,1,0,10,0,0,0
2023-12-29 23:30,-0.992114701,-0.125333234,-0.999173245,2.5,0,68.9,965.6,8.97,127.602,-0.99622809,0,0,11.788,1.1,-0.086773225,3.141,-0.040654964,1023.9,1.191,1,0,10,0,0,0
2023-12-29 23:40,-0.982612797,-0.185666615,-0.999173245,3.3,0,68.3,965.4,8.97,127.491,-0.994702817,0,0,11.712,1.3,-0.102792537,2.963,-0.040654964,1023.7,1.191,1,0,10,0,0,0
2023-12-29 23:50,-0.982935349,0.183951351,-0.999173245,2.8,0,68.4,965.3,8.97,127.388,-0.993470698,0,0,11.752,1.5,-0.114087565,3.042,-0.040654964,1023.5,1.191,1,0,10,0,0,0
2023-12-30 0:00,-0.789084085,0.6142852,-0.999173245,3,0,67.5,965.3,8.97,127.219,-0.994877181,0,0,11.486,1.5,-0.101091025,2.813,-0.040654964,1023.5,1.192,1,0,10,0,0,0
2023-12-30 0:10,-0.85536426,0.518027009,-0.999032167,1.9,0,66.3,965.2,8.779,127.085,-0.981005972,0,0,11.884,1.7,-0.193977531,3.094,-0.043985555,1023.3,1.191,1,0,10,0,0,0
2023-12-30 0:20,-0.932323801,0.36162457,-0.984542944,3.1,0,68,965.1,1.213,126.997,-0.973594842,0,0,11.599,1.4,-0.228282901,3.09,-0.175143345,1023.3,1.191,1,0,10,0,0,0
2023-12-30 0:30,-0.948323655,0.317304656,-0.984542944,2.7,0,70.5,965.1,1.213,126.971,-0.976892883,0,0,11.844,0.9,-0.213729491,3.517,-0.175143345,1023.4,1.189,1,0,10,0,0,0
2023-12-30 0:40,-0.987688341,-0.156434465,-0.984542944,2.6,0,70.9,965,1.213,126.932,-0.986973913,0,0,11.801,0.9,-0.160880375,4.037,-0.175143345,1023.3,1.187,1,0,10,0,0,0
2023-12-30 0:50,-0.985996037,-0.166768747,-0.984542944,1.8,0,71.9,965,1.213,126.869,-0.988672711,0,0,12.014,0.5,-0.150087546,4.284,-0.175143345,1023.4,1.186,1,0,10,0,0,0
2023-12-30 1:00,-0.97113428,-0.238533458,-0.984542944,2,0,71.5,965,1.213,126.866,-0.990420499,0,0,11.695,0.7,-0.13808416,4.293,-0.175143345,1023.4,1.186,1,0,10,0,0,0
2023-12-30 1:10,-0.987959866,0.154710386,-0.984542944,2.7,0,69.7,964.9,1.213,126.863,-0.991733985,0,0,11.099,1,-0.128310959,4.18,-0.175143345,1023.2,1.186,1,0,10,0,0,0
2023-12-30 1:20,-0.999993908,-0.003490651,-0.984542944,1.9,0,69,964.8,1.213,126.838,-0.986062903,0,0,11.631,0.9,-0.166372929,4.323,-0.175143345,1023.1,1.186,1,0,10,0,0,0
2023-12-30 1:30,-0.980271175,0.19765734,-0.984542944,2.3,0,69.1,964.8,1.213,126.865,-0.987258754,0,0,11.884,0.9,-0.159123074,4.397,-0.175143345,1023.1,1.185,1,0,10,0,0,0
2023-12-30 1:40,-0.991894443,0.127064609,-0.984542944,2.1,0,69.2,964.8,1.213,126.848,-0.986227929,0,0,11.945,0.8,-0.165391874,4.17,-0.175143345,1023.2,1.186,1,0,10,0,0,0
2023-12-30 1:50,-0.98450318,-0.175366726,-0.984542944,2.4,0,70.9,964.9,1.213,126.796,-0.984722775,0,0,11.976,0.7,-0.174129425,4.258,-0.175143345,1023.3,1.186,1,0,10,0,0,0
2023-12-30 2:00,-0.994337944,-0.106264071,-0.984542944,2.2,0,71,964.9,1.213,126.802,-0.984744041,0,0,11.618,0.7,-0.174009117,4.339,-0.175143345,1023.3,1.186,1,0,10,0,0,0
2023-12-30 2:10,-0.99955986,0.029666244,-0.984542944,1.7,0,70.4,964.8,1.213,126.841,-0.998864242,0,0,10.211,0.7,-0.047646895,4.493,-0.175143345,1023.2,1.185,1,0,10,0,0,0
2023-12-30 2:20,-0.965925826,0.258819045,-0.998072488,1.3,0,68.4,964.8,7.74,126.876,-0.999304522,0,0,11.115,0.9,-0.037289039,4.26,-0.062058911,1023.1,1.186,1,0,10,0,0,0
2023-12-30 2:30,-0.890212805,0.455544907,-0.999119904,2,0,69.1,965,8.896,126.924,-0.999453105,0,0,10.911,0.9,-0.03306796,4.175,-0.041945406,1023.3,1.186,1,0,10,0,0,0
2023-12-30 2:40,-0.981627183,0.190808995,-0.999119904,2.6,0,67.8,964.9,8.896,127.028,-0.99777362,0,0,9.82,1.1,-0.066691853,4.122,-0.041945406,1023.2,1.186,1,0,10,0,0,0
2023-12-30 2:50,-0.858959897,-0.512042865,-0.999119904,0.3,0,67.5,964.6,8.896,127.158,-0.999358742,0,0,8.381,1.1,-0.035806501,5.269,-0.041945406,1022.9,1.182,1,0,10,0,0,0
2023-12-30 3:00,-0.671720589,-0.740804596,-0.999119904,1.5,0,63.3,964.4,8.896,127.502,-0.995854289,0,0,8.23,1.5,-0.090962823,5.159,-0.041945406,1022.6,1.182,1,0,10,0,0,0
2023-12-30 3:10,-0.918446381,-0.395545503,-0.999119904,1.7,0,57.8,964.5,8.896,127.879,-0.993410826,0,0,8.554,1.9,-0.114607729,4.902,-0.041945406,1022.6,1.183,1,0,10,0,0,0
2023-12-30 3:20,-0.990509463,0.137444546,-0.999119904,2.1,0,61.2,964.6,8.896,128.146,-0.991515338,0,0,9.21,1.3,-0.12998975,4.904,-0.041945406,1022.8,1.183,1,0,10,0,0,0
2023-12-30 3:30,-0.996492859,0.083677843,-0.99769021,1.4,0,61.4,964.5,7.396,128.362,-0.976106756,0,0,7.863,1.8,-0.21729151,4.877,-0.067928226,1022.6,1.183,1,0,10,0,0,0
2023-12-30 3:40,-0.887815385,0.460199785,-0.984315918,0.7,0,62.5,964.5,1.139,128.664,-0.983009113,0,0,7.685,1.4,-0.18355676,6.105,-0.176414779,1022.7,1.178,1,0,10,0,0,0
2023-12-30 3:50,-0.920504853,-0.390731128,-0.984315918,1.7,0,61.6,964.5,1.139,129.024,-0.987411046,0,0,7.473,1.6,-0.158175301,5.984,-0.176414779,1022.6,1.179,1,0,10,0,0,0
2023-12-30 4:00,-0.905568799,-0.424199423,-0.984315918,1.7,0,58.1,964.3,1.139,129.384,-0.990302046,0,0,7.73,1.9,-0.138931129,6.285,-0.176414779,1022.3,1.177,1,0,10,0,0,0
2023-12-30 4:10,-0.934825676,-0.355106962,-0.985496885,2.1,0,58.8,964.3,1.538,129.733,-0.999652741,0,0,7.787,1.7,-0.026351421,5.528,-0.169693517,1022.4,1.18,1,0,10,0,0,0
2023-12-30 4:20,-0.918446381,-0.395545503,-0.999008222,1,0,55.8,964.3,8.748,130.067,-0.99994752,0,0,7.409,1.9,0.010244903,6.009,-0.044526077,1022.3,1.178,1,0,10,0,0,0
2023-12-30 4:30,-0.989272333,0.146083029,-0.999008222,1.1,0,56.1,964.2,8.748,130.364,-0.999838734,0,0,7.791,2.1,0.017958473,5.395,-0.044526077,1022.2,1.181,1,0,10,0,0,0
2023-12-30 4:40,-0.995884399,0.09063258,-0.999008222,2.2,0,57.2,964.2,8.748,130.614,-0.999224232,0,0,8.2,2.5,0.039381894,5.073,-0.044526077,1022.1,1.182,1,0,10,0,0,0
2023-12-30 4:50,-0.996492859,-0.083677843,-0.999844326,2.1,0,57.5,964.1,10.291,130.776,-0.993795126,0,0,8.548,2.2,0.111226106,4.123,-0.017644363,1022.1,1.186,1,0,10,0,0,0
2023-12-30 5:00,-0.865151421,-0.501510737,-0.995991262,1.4,0,53.5,963.9,16.432,130.717,-0.996716996,0,0,8.142,2.3,0.080964372,4.253,0.089450577,1021.8,1.186,1,0,10,0,0,0
2023-12-30 5:10,-0.583541211,-0.812083527,-0.995991262,0.8,0,54.6,963.8,16.432,130.836,-0.999001216,0,0,7.731,2.2,0.044683,5.354,0.089450577,1021.7,1.181,1,0,10,0,0,0
2023-12-30 5:20,0.722967146,-0.690882411,-0.995991262,0.3,0,54.5,963.6,16.432,130.959,-0.999353105,0,0,7.684,2.2,-0.035963479,5.875,0.089450577,1021.5,1.179,1,0,10,0,0,0
2023-12-30 5:30,-0.956304756,0.292371705,-0.995991262,3.1,0,54.6,963.6,16.432,131.074,-0.99923928,0,0,7.254,2.2,-0.038998217,5.706,0.089450577,1021.5,1.18,1,0,10,0,0,0
2023-12-30 5:40,-0.923879533,0.382683432,-0.995991262,2,0,54.7,963.4,16.432,131.25,-0.999808609,0,0,6.673,2.1,0.019563893,6.061,0.089450577,1021.3,1.178,1,0,10,0,0,0
2023-12-30 5:50,-0.791223533,0.61152704,-0.995991262,1.3,0,46.5,963.2,16.432,131.483,-0.999470851,0,0,6.208,2.8,-0.032527199,6.553,0.089450577,1020.9,1.176,1,0,10,0,0,0
2023-12-30 6:00,-0.998134798,-0.06104854,-0.999787933,1.3,0,44.1,963,12.48,131.702,-0.996722646,0,0,5.772,2.9,-0.080894788,6.551,0.020593429,1020.7,1.176,1,0,10,0,0,0
2023-12-30 6:10,-0.173648178,-0.984807753,-0.998950681,0.2,0,49,962.8,8.675,131.924,-0.985794486,0,0,4.787,2.3,-0.167956038,6.694,-0.045798867,1020.6,1.176,1,0,10,0,0,0
2023-12-30 6:20,-0.674302388,-0.738455341,-0.991041568,1,0,51.9,962.7,3.622,132.144,-0.991194753,0,0,4.565,1.8,-0.132412088,6.754,-0.133553775,1020.7,1.175,1,0,10,0,0,0
2023-12-30 6:30,-0.653420604,-0.756995056,-0.98385694,0.6,0,54,962.6,0.991,132.349,-0.983302583,0,0,5.103,1.9,-0.181978104,6.621,-0.178956761,1020.5,1.176,1,0,10,0,0,0
2023-12-30 6:40,-0.934825676,-0.355106962,-0.982887157,0.8,0,53.9,962.8,0.69,132.541,-0.940495878,0,0,4.323,1.7,-0.339805097,6.512,-0.184208676,1020.8,1.176,1,0,10,0,0,0
2023-12-30 6:50,-0.832921241,-0.553391549,-0.951094263,1.2,0,51.5,962.8,-6.693,132.71,-0.958477006,0,0,4.446,1.7,-0.285169823,6.332,-0.308900799,1020.8,1.177,1,0,10,0,0,0
2023-12-30 7:00,-0.700909264,-0.713250449,-0.951094263,1,0,48.8,962.9,-6.693,132.865,-0.950672857,0,0,4.592,1.9,-0.310195291,6.359,-0.308900799,1020.9,1.177,1,0,10,0,0,0
2023-12-30 7:10,-0.660001668,-0.751264134,-0.951094263,0.6,0,48.2,962.8,-6.693,133.012,-0.90752108,0,0,4,2.1,-0.420006534,6.563,-0.308900799,1020.7,1.176,1,0,10,0,0,0
2023-12-30 7:20,-0.309016994,-0.951056516,-0.925566936,0.5,0,48.8,962.7,-10.945,133.158,-0.873457979,0,0,3.304,1.8,-0.486899536,6.478,-0.378584002,1020.7,1.176,1,0,10,0,0,0
2023-12-30 7:30,-0.755853469,-0.654740814,-0.901258593,1.4,0,49.7,962.7,-14.376,133.31,-0.942577387,0,0,4.178,1.5,-0.333987827,5.734,-0.433281604,1020.7,1.18,1,0,10,0,0,0
2023-12-30 7:40,-0.842452397,-0.538770785,-0.946997431,1.8,0,52.9,962.9,-7.439,133.436,-0.976604769,0,0,4.79,1.4,-0.215042147,5.065,-0.321241134,1021,1.182,1,0,10,0,0,0
2023-12-30 7:50,-0.563526049,-0.826098294,-0.951094263,1.6,0,52.7,962.9,-6.693,133.569,-0.971046788,0,0,4.238,1.5,-0.238889381,5.372,-0.308900799,1021,1.181,1,0,10,0,0,0
2023-12-30 8:00,-0.569279523,-0.822144041,-0.961203946,1.5,0,47.5,962.7,-4.704,133.681,-0.981144528,0,0,3.798,2.2,-0.193275488,5.749,-0.275838676,1020.6,1.18,1,0,10,0,0,0
2023-12-30 8:10,-0.838670568,-0.544639035,-0.976627283,0.9,0,40.4,962.5,-1.109,133.762,-0.943864388,0,0,3.786,2.8,-0.33033319,6.365,-0.214939876,1020.2,1.177,1,0,10,0,0,0
2023-12-30 8:20,-0.94664926,-0.322265695,-0.944094774,0.8,0,38.2,962.5,-7.949,133.852,-0.980768252,0,0,4.047,2.8,-0.195175911,6.642,-0.329674168,1020.2,1.176,1,0,10,0,0,0
2023-12-30 8:30,-0.183951351,-0.982935349,-0.978530573,0.7,0,33.2,962.4,-0.599,133.963,-0.97354701,0,0,3.97,3.6,-0.228486805,6.599,-0.206101715,1019.9,1.176,1,0,10,0,0,0
2023-12-30 8:40,-0.653420604,-0.756995056,-0.959668018,1.6,0,34.4,962.3,-5.027,134.052,-0.929358264,0,0,3.939,3.4,-0.369179114,6.787,-0.281135725,1019.8,1.175,1,0,10,0,0,0
2023-12-30 8:50,-0.932323801,-0.36162457,-0.944519775,0.7,0,33.3,962.4,-7.875,134.135,-0.922302181,0,0,4.616,3.8,-0.386469517,7.03,-0.328454554,1019.8,1.174,1,0,10,0,0,0
2023-12-30 9:00,-0.39394191,-0.919135339,-0.926101222,1.5,0,31.9,962.3,-10.866,134.222,-0.85117775,0,0,4.919,4,-0.524877545,7.264,-0.377275134,1019.8,1.173,1,0,10,0,0,0
2023-12-30 9:10,-0.690882411,-0.722967146,-0.892128942,0.3,0,30.8,962,-15.558,134.306,-0.869942859,0,0,4.355,4.1,-0.493152535,7.154,-0.451780866,1019.5,1.174,1,0,10,0,0,0
2023-12-30 9:20,0.472550765,-0.881303452,-0.869512171,0,0,29.9,962,-18.3,134.391,-0.620600508,0,0,3.129,4.4,-0.784126909,7.668,-0.493911515,1019.4,1.171,1,0,8.033,0,0,0.133
2023-12-30 9:30,0.535826795,-0.844327926,-0.7016931,0,0,28.9,962,-34.298,134.406,-0.351563898,0,0,2.977,4.9,-0.936163888,8.228,-0.712479328,1019.3,1.169,0,0,0,0,0,0
2023-12-30 9:40,-0.258819045,-0.965925826,-0.292622055,1,0,30.2,962,-61.681,134.482,-0.049634215,0,0,2.501,5.1,-0.998767463,8.314,-0.95622818,1019.2,1.169,0,0,0,0,0,0
2023-12-30 9:50,-0.67815967,-0.734914595,-0.194302834,0.6,0,30.2,961.9,-67.496,134.643,0.22438982,0,0,2.522,5.4,-0.974499466,8.637,-0.980941593,1019,1.167,0,0,0,0,0,0
2023-12-30 10:00,-0.866025404,-0.5,-0.194302834,1,0,32.8,961.9,-67.496,134.857,0.3301355,0,0,2.606,5.5,-0.943933553,8.784,-0.980941593,1019,1.167,0,0,0,0,0,0
2023-12-30 10:10,-0.66653247,-0.745476,0.19041493,1.5,0,30.3,961.7,-89.582,135.074,0.53059995,0,0,2.594,6.1,-0.847622376,8.722,-0.9817037,1018.6,1.167,0,0,0,0,0,0
2023-12-30 10:20,-0.837718717,-0.546101961,0.331716612,1.5,0,29.4,961.6,-98.009,135.265,-0.052527678,0,0,1.766,7.1,-0.998619469,8.575,-0.94337908,1018.3,1.168,0,0,0,0,0,0
2023-12-30 10:30,-0.841510782,-0.54024032,0.330662641,1.7,0,29.4,961.6,-98.009,135.438,-0.691790373,0,0,2.127,7.7,-0.722098387,8.576,-0.943749023,1018.1,1.168,0,0,0,0,0,0
2023-12-30 10:40,-0.675590208,-0.737277337,-0.450114026,2.8,0,30.2,961.5,-52.778,135.576,-0.520964939,0,0,4.565,8.1,-0.853578076,8.491,-0.892971088,1017.9,1.168,1,0,3.833,0,0,2.567
2023-12-30 10:50,-0.741975841,-0.670426619,-0.625065566,1.3,0,34.2,961.4,-40.013,135.648,-0.615166232,0,0,5.458,7.7,-0.78839743,8.37,-0.78057225,1017.9,1.169,1,0,10,0,0,0
2023-12-30 11:00,-0.909961271,-0.414693243,-0.669752947,3.7,0,36.9,961.5,-36.658,135.691,-0.802713402,0,0,5.629,6.9,-0.596364984,7.708,-0.742583995,1018.2,1.171,1,0,10,0,0,0
2023-12-30 11:10,-0.999450216,-0.033155178,-0.79944357,1.5,0,41.7,961.6,-25.613,135.716,-0.947990855,0,0,5.818,6.9,-0.318297564,6.827,-0.600741191,1018.3,1.175,1,0,10,0,0,0
2023-12-30 11:20,-0.848048096,0.529919264,-0.909939556,1.8,0,35.3,961.7,-13.207,135.699,-0.949513124,0,0,4.954,6.1,-0.313727314,6.721,-0.414740888,1018.6,1.175,1,0,10,0,0,0
2023-12-30 11:30,-0.817144898,0.576432316,-0.960846886,2,0,35.9,961.6,-4.785,135.736,-0.994594628,0,0,4.983,6.8,-0.103834131,6.784,-0.277079882,1018.3,1.175,1,0,10,0,0,0
2023-12-30 11:40,-0.984807753,-0.173648178,-0.987946361,1.2,0,36.6,961.4,2.395,135.763,-0.992998534,0,0,5.123,6.9,-0.118126675,7.169,-0.154796601,1018.1,1.174,1,0,10,0,0,0
2023-12-30 11:50,-0.817144898,-0.576432316,-0.987946361,0.9,0,35.9,961.2,2.395,135.781,-0.999678462,0,0,4.262,8.2,-0.025356916,7.327,-0.154796601,1017.5,1.173,1,0,10,0,0,0
2023-12-30 12:00,-0.778243149,-0.627963058,-0.986276958,2.6,0,33.4,960.9,1.796,135.798,-0.937779895,0,0,4.003,7.8,-0.347230281,7.354,-0.165099247,1017.3,1.173,1,0,10,0,0,0
2023-12-30 12:10,-0.931691228,-0.36325123,-0.954334228,2.8,0,32.3,960.4,-6.093,135.782,-0.798740534,0,0,4.106,8.2,-0.601675626,8.336,-0.298740994,1016.7,1.169,1,0,10,0,0,0
2023-12-30 12:20,-0.922538089,-0.385906042,-0.811839022,2.6,0,30.7,960,-24.424,135.814,-0.883291496,0,0,4.232,8.8,-0.468824202,8.777,-0.583881325,1016.1,1.167,1,0,10,0,0,0
2023-12-30 12:30,-0.968583161,-0.248689887,-0.879955534,1.7,0,29.9,959.8,-17.058,135.895,-0.959712167,0,0,4.649,9.2,-0.280984977,8.643,-0.475056058,1016,1.167,1,0,10,0,0,0
2023-12-30 12:40,-0.999390827,0.034899497,-0.959002944,2.5,0,32,959.8,-5.168,135.968,-0.994708198,0,0,4.488,9.4,-0.102740454,8.461,-0.283396107,1016,1.168,1,0,10,0,0,0
2023-12-30 12:50,-0.990509463,-0.137444546,-0.989434892,2.8,0,35.2,959.7,2.963,136.013,-0.978429736,0,0,4.667,8.7,-0.206579891,8.218,-0.14497791,1015.8,1.169,1,0,10,0,0,0
2023-12-30 13:00,-0.940880769,0.33873792,-0.991273154,2.4,0,33.7,959.4,3.725,136.05,-0.971705983,0,0,4.699,9,-0.236193738,8.212,-0.131823878,1015.7,1.169,1,0,10,0,0,0
2023-12-30 13:10,-0.847121921,0.53139858,-0.991273154,2.3,0,34.3,959.4,3.725,136.06,-0.994949265,0,0,4.465,9,-0.10037908,8.084,-0.131823878,1015.7,1.17,1,0,10,0,0,0
2023-12-30 13:20,-0.994150964,-0.107999356,-0.991273154,1.9,0,34.7,959.3,3.725,136.09,-0.992201959,0,0,3.429,9.1,-0.124640576,8.363,-0.131823878,1015.5,1.169,1,0,10,0,0,0
2023-12-30 13:30,-0.931055816,0.364876784,-0.991273154,2,0,32.7,959.3,3.725,136.17,-0.991339749,0,0,3.278,9,-0.131322133,8.663,-0.131823878,1015.6,1.167,1,0,10,0,0,0
2023-12-30 13:40,-0.99074784,0.135715572,-0.995849525,1.6,0,30.7,959.4,6.08,136.27,-0.997246303,0,0,3.796,8.9,0.074160706,8.363,-0.091014966,1015.7,1.169,1,0,10,0,0,0
2023-12-30 13:50,-0.999961923,-0.008726535,-0.999999824,1.6,0,34,959.2,11.334,136.311,-0.99993781,0,0,3.406,8.2,-0.011152423,7.926,0.000593412,1015.4,1.17,1,0,10,0,0,0
2023-12-30 14:00,-0.28736052,0.957822495,-0.999999824,1.1,0,35.2,959.1,11.334,136.318,-0.999361863,0,0,3.229,7.9,-0.03571929,7.725,0.000593412,1015.4,1.171,1,0,8.7,0,0,0
2023-12-30 14:10,-0.469471563,0.882947593,-0.997761965,0.7,0,36.4,959.2,7.46,136.28,-0.992334095,0,0,3.647,7.9,-0.123584157,7.552,-0.066865996,1015.5,1.172,1,0,4.7,0,0,4.833
2023-12-30 14:20,-0.603207988,0.797583929,-0.991102071,0.9,0,36.6,959.2,3.651,136.257,-0.998764863,0,0,3.757,8,-0.04968651,7.519,-0.133104041,1015.5,1.172,1,0,10,0,0,0
2023-12-30 14:30,-0.905568799,-0.424199423,-0.997849782,0.7,0,36.4,959,7.542,136.209,-0.999822681,0,0,1.899,8.3,0.01883099,7.856,-0.065542456,1015.2,1.171,1,0,5.567,0,0,0
2023-12-30 14:40,0.984195608,0.17708474,-0.999999756,0.1,0,36.7,958.8,11.26,136.164,-0.994086701,0,0,1.331,8.1,-0.108589278,8.156,-0.000698132,1015,1.169,0,0,0,0,0,0
2023-12-30 14:50,0.559192903,0.829037573,-0.999999756,0.4,0,36.4,958.8,11.26,136.144,-0.946062743,0,0,2.329,8.1,-0.323983467,8.427,-0.000698132,1015,1.168,0,0,0,0,0,0
2023-12-30 15:00,-0.768283524,0.640109699,-0.999692468,1.4,0,35.3,958.9,9.875,136.138,-0.994067733,0,0,2.522,8.6,-0.108762777,8.2,-0.024798586,1015,1.169,0,0,0,0,0,0
2023-12-30 15:10,-0.382683432,0.923879533,-0.986926135,0.3,0,36.8,958.8,2.025,136.126,-0.999290788,0,0,2.104,8.4,-0.037655301,8.177,-0.161173209,1015,1.169,0,0,0,0,0,0
2023-12-30 15:20,-0.76266833,0.64678978,-0.986926135,1.5,0,37.2,959,2.025,136.091,-0.99436943,0,0,2.045,8.2,-0.105969041,8.091,-0.161173209,1015.2,1.17,0,0,0,0,0,0
2023-12-30 15:30,-0.81613759,0.577857624,-0.986926135,0.2,0,37.8,959,2.025,136.028,-0.962941647,0,0,2.386,7.9,-0.269709817,7.969,-0.161173209,1015.3,1.17,0,0,0,0,0,0
2023-12-30 15:40,-0.767165152,0.641449632,-0.986926135,1.7,0,37.3,959.2,2.025,135.956,-0.917511851,0,0,2.458,7.8,-0.397708441,7.886,-0.161173209,1015.5,1.171,0,0,0,0,0,0
2023-12-30 15:50,-0.328866647,0.94437637,-0.986926135,0.5,0,37.3,959.2,2.025,135.863,-0.527563831,0,0,2.445,7.6,-0.849515394,7.971,-0.161173209,1015.6,1.17,0,0,0,0,0,0
2023-12-30 16:00,0.146083029,0.989272333,-0.986926135,0.2,0,38.6,959.2,2.025,135.699,0.20123179,0,0,2.475,7.4,-0.979543652,8.054,-0.161173209,1015.6,1.17,0,0,0,0,0,0
2023-12-30 16:10,0,1,-0.410145895,0,0,39.6,959.4,-52.57,135.598,-0.054113668,0,0,2.534,7.2,-0.998534782,8.146,-0.912019926,1015.9,1.17,0,0,0,0,0,0
2023-12-30 16:20,0,1,0.120899186,0,0,39.4,959.3,-85.649,135.504,-0.264176062,0,0,2.634,7.2,-0.964474473,8.158,-0.992664791,1015.8,1.169,0,0,0,0,0,0
2023-12-30 16:30,-0.914959668,0.403545296,-0.090250181,0,0,39.4,959.5,-72.825,135.425,-0.938769943,0,0,2.923,7,-0.344544617,7.567,-0.995919126,1016.1,1.172,0,0,0,0,0,0
2023-12-30 16:40,-0.958819735,-0.284015345,-0.944846067,0.2,0,40.5,959.6,-7.822,135.328,-0.99994314,0,0,2.857,6.8,-0.01066376,7.349,-0.327514747,1016.2,1.173,0,0,0,0,0,0
2023-12-30 16:50,-0.865151421,-0.501510737,-0.99970149,0.6,0,42.5,959.7,9.896,135.246,-0.993268043,0,0,2.863,6.8,-0.11583866,7.185,-0.024432178,1016.3,1.174,0,0,0,0,0,0
2023-12-30 17:00,-0.913545458,0.406736643,-0.999744191,1.1,0,44.1,959.7,10.004,135.156,-0.998660416,0,0,2.678,6.5,-0.051743348,7.025,-0.022617538,1016.4,1.174,0,0,0,0,0,0
2023-12-30 17:10,-0.991444861,0.130526192,-0.999744191,1.1,0,44.2,959.8,10.004,135.07,-0.995671331,0,0,2.417,6.4,-0.092944068,7.062,-0.022617538,1016.5,1.174,0,0,0,0,0,0
2023-12-30 17:20,-0.99317065,0.116670737,-0.999744191,0.9,0,45.7,959.8,10.004,134.977,-0.999051264,0,0,3.223,6.1,0.043549641,6.772,-0.022617538,1016.6,1.175,0,0,0,0,0,2
2023-12-30 17:30,-0.962217994,0.272280247,-0.999999993,0.8,0,45.4,959.9,11.295,134.923,-0.987186445,0,0,4.412,6,0.159571062,6.29,-0.000122173,1016.8,1.177,1,0,9.267,0,0,0.733
2023-12-30 17:40,-0.989272333,-0.146083029,-0.993646716,1.4,0,44.4,959.9,17.762,134.83,-0.986030943,0,0,4.823,6,0.166562237,6.063,0.112544227,1016.8,1.178,1,0,10,0,0,0
2023-12-30 17:50,-0.967267753,-0.253757945,-0.985829641,0.6,0,43.6,959.9,20.958,134.738,-0.91368738,0,0,3.963,5.9,0.406417731,6.32,0.16774957,1016.8,1.177,1,0,10,0,0,0
2023-12-30 18:00,-0.842452397,-0.538770785,-0.933141901,0.9,0,44.1,959.8,32.37,134.659,-0.776541499,0,0,2.001,5.8,0.630066108,7.351,0.359508265,1016.7,1.173,1,0,7.433,0,0,0
2023-12-30 18:10,0.829037573,-0.559192903,-0.84714047,0.7,0,42.5,959.6,43.398,134.573,-0.664774135,0,0,1.145,5.9,0.747044409,7.51,0.531369009,1016.5,1.172,0,0,0,0,0,0
2023-12-30 18:20,-0.384295323,-0.923210217,-0.84714047,1.1,0,42.8,959.5,43.398,134.529,-0.150950268,0,0,1.305,6,0.988541358,7.77,0.531369009,1016.3,1.171,0,0,0,0,0,0
2023-12-30 18:30,-0.752414909,-0.65868946,-0.84714047,1.1,0,42.2,959.3,43.398,134.517,-0.989830924,0,0,0.637,6.5,0.142248876,7.754,0.531369009,1016,1.171,0,0,0,0,0,0
2023-12-30 18:40,-0.430511097,-0.902585284,-0.84714047,1.1,0,46.9,959.2,43.398,134.512,-0.638297699,0,0,0.644,6.7,-0.769789613,7.778,0.531369009,1015.8,1.171,0,0,0,0,0,0
2023-12-30 18:50,0,1,-0.84714047,0,0,44.1,959.1,43.398,134.5,0.229862896,0,0,1.429,7.2,-0.973223021,7.794,0.531369009,1015.6,1.171,0,0,0,0,0,0
2023-12-30 19:00,-0.461748613,-0.887010833,-0.857293123,1.2,0,46.8,959,42.258,134.526,0.651436559,0,0,2.781,7,-0.758703111,7.782,0.514828614,1015.5,1.171,0,0,0,0,0,0
2023-12-30 19:10,-0.159881188,-0.987136265,-0.854631062,1.7,0,46.7,959,-19.962,134.508,0.643268803,0,0,3.742,7.2,-0.765640417,7.592,-0.519235734,1015.5,1.172,0,0,0,0,0,6.367
2023-12-30 19:20,-0.43993917,-0.898027576,0.439014198,0.5,0,48.3,958.9,-101.903,134.333,0.719969956,0,0,3.317,6.9,-0.694005232,7.464,-0.898480124,1015.5,1.172,1,0,0.033,0,0,8.2
2023-12-30 19:30,-0.318959309,-0.94776841,0.708536927,0.7,0,50.5,958.9,-123.814,134.259,0.800992668,0,0,2.846,6.6,-0.598674157,7.415,-0.705673737,1015.5,1.173,1,0,0.033,0,0,7.533
2023-12-30 19:40,0.245307386,-0.96944535,0.736781905,0.6,0,51.2,958.9,-126.158,134.182,0.769499883,0,0,2.925,6.4,-0.638646953,7.144,-0.676130479,1015.6,1.174,0,0,0,0,0,0
2023-12-30 19:50,0.104528463,-0.994521895,0.691210412,0.5,0,64.3,959,-122.426,134.155,0.583016669,0,0,3.355,5.4,-0.812460192,6.801,-0.722653559,1016,1.175,1,0,4.033,0,0,2.533
2023-12-30 20:00,0.085416923,-0.996345296,0.639760998,1.3,0,63.6,959,-118.474,134.099,0.74123822,0,0,3.087,5.1,-0.671242059,6.399,-0.768573917,1016.1,1.177,1,0,9.433,0,0,0
2023-12-30 20:10,0.608761429,-0.79335334,0.73065103,1.7,0,62.5,958.9,-125.646,133.955,0.810266732,0,0,2.691,5.2,-0.58606128,6.164,-0.682751106,1015.9,1.178,1,0,0.033,0,0,0
2023-12-30 20:20,0.5,-0.866025404,0.736781905,1.9,0,67.2,958.8,-126.158,133.873,0.582449323,0,0,2.505,4.7,-0.812867016,6.198,-0.676130479,1015.9,1.178,0,0,0,0,0,0
2023-12-30 20:30,0.46638664,-0.884580975,0.736781905,1.9,0,71.3,958.7,-126.158,133.797,-0.19091179,0.5,0,2.389,4.2,-0.981607197,6.241,-0.676130479,1016,1.177,0,0,0,0,0,0
2023-12-30 20:40,0.262189179,-0.965016494,0.19811926,1.9,0,72.5,958.6,-90.487,133.698,-0.360420132,0,0,2.669,4,-0.932790077,6.176,-0.980177922,1015.9,1.178,0,0,0,0,0,0
2023-12-30 20:50,0.305695305,-0.952129393,-0.28934924,1.4,0,78.9,958.6,-61.881,133.596,-0.435262526,0.5,0,2.357,3.8,-0.900303578,6.026,-0.957223598,1015.8,1.178,0,0,0,0,0,0
2023-12-30 21:00,-0.457097927,-0.889416373,-0.349635135,1.1,0,86,958.6,-58.208,133.5,-0.610725779,0,0,3.011,3.3,-0.791842171,5.782,-0.936885944,1015.9,1.179,0,0,0,0,0,0
2023-12-30 21:10,-0.376224263,-0.926528631,-0.570254862,1.5,0,87.3,958.7,-43.917,133.396,-0.735328722,0,0,4.084,3.4,-0.67771061,5.46,-0.821467828,1016,1.181,1,0,0.3,0,0,8.7
2023-12-30 21:20,-0.428935133,-0.903335293,-0.725602598,1.4,0,84.1,958.7,-32.181,133.341,-0.772401123,0,0,5.442,3.5,-0.635135029,5.469,-0.688113995,1016,1.181,1,0,10,0,0,0
2023-12-30 21:30,-0.443071191,-0.89648643,-0.725602598,1.5,0,75.1,958.6,-32.181,133.205,-0.778462302,0,0,5.608,4,-0.627691361,5.594,-0.688113995,1015.9,1.18,1,0,10,0,0,0
2023-12-30 21:40,-0.888617233,-0.458649554,-0.776079428,0.8,0,70.3,958.6,-27.802,133.035,-0.863087191,0,0,5.547,4.3,-0.505054948,5.63,-0.630635173,1015.8,1.18,1,0,10,0,0,0
2023-12-30 21:50,-0.767165152,-0.641449632,-0.867696054,1.5,0,71.2,958.5,-18.509,132.889,-0.932140647,0,0,6.158,4.2,-0.362096415,6.051,-0.497095119,1015.8,1.178,1,0,10,0,0,0
2023-12-30 22:00,-0.997052752,-0.076719028,-0.907315718,0.5,0,78.3,958.4,-13.564,132.757,-0.923665658,0,0,6.888,3.7,-0.383199364,6.226,-0.420449982,1015.6,1.178,1,0,10,0,0,0
2023-12-30 22:10,-0.697165103,-0.716910608,-0.893496827,1.6,0,80.4,958.2,-15.386,132.598,-0.797668145,0,0,7.774,3.6,-0.603096618,6.298,-0.449069505,1015.4,1.177,1,0,10,0,0,0
2023-12-30 22:20,-0.219846204,-0.975534544,-0.843644549,1.7,0,80.1,958,-21.173,132.35,-0.766907596,0,0,8.974,5,-0.64175754,6.603,-0.53690211,1015,1.176,1,0,10,0,0,0
2023-12-30 22:30,-0.622514637,-0.782608157,-0.843644549,1,0,77.8,957.9,-21.173,132.056,-0.765965906,0,0,8.007,5.3,-0.642881195,6.721,-0.53690211,1014.8,1.175,1,0,10,0,0,0
2023-12-30 22:40,-0.478691858,-0.877982975,-0.843644549,1,0,74.9,957.8,-21.173,131.835,-0.820291653,0,0,8.345,5.6,-0.571945455,6.413,-0.53690211,1014.6,1.177,1,0,10,0,0,0
2023-12-30 22:50,-0.786935022,-0.617035875,-0.843644549,2.3,0,72.3,957.5,-21.173,131.663,-0.825960574,0,0,8.62,5.7,-0.563727886,6.456,-0.53690211,1014.3,1.177,1,0,10,0,0,0
2023-12-30 23:00,-0.740804596,-0.671720589,-0.843644549,2.2,0,71.9,957.4,-21.173,131.523,-0.862124809,0,0,8.735,6,-0.506695978,6.673,-0.53690211,1014.1,1.176,1,0,10,0,0,0
2023-12-30 23:10,-0.700909264,-0.713250449,-0.843644549,2.1,0,73.1,957.4,-21.173,131.377,-0.867105479,0,0,8.798,6.3,-0.498124571,6.786,-0.53690211,1014,1.175,1,0,10,0,0,0
2023-12-30 23:20,-0.447759088,-0.894154237,-0.843644549,1.7,0,72.8,957.1,-21.173,131.196,-0.843991089,0,0,10.215,6.4,-0.536357196,7.252,-0.53690211,1013.7,1.173,1,0,10,0,0,0
2023-12-30 23:30,-0.474088209,-0.880477354,-0.843644549,3.3,0,72.6,957,-21.173,130.994,-0.86872662,0,0,8.328,6.6,-0.495291894,7.319,-0.53690211,1013.5,1.173,1,0,10,0,0,0
2023-12-30 23:40,-0.313992456,-0.949425478,-0.843644549,2.2,0,73,956.7,-21.173,130.99,-0.839306879,0,0,7.167,7,-0.543657946,7.367,-0.53690211,1013.1,1.173,1,0,10,0,0,0
2023-12-30 23:50,-0.302369891,-0.953190668,-0.843644549,0.6,0,75.2,956.6,-21.173,131.074,-0.838680074,0,0,6.161,6.8,-0.544624397,7.535,-0.53690211,1013.1,1.172,1,0,10,0,0,0
2023-12-31 0:00,-0.673012514,-0.739631095,-0.81307028,2.2,0,71,956.4,-24.311,131.209,-0.65896519,0,0,4.545,7.3,-0.752173436,7.595,-0.582165543,1012.7,1.172,1,0,10,0,0,0
2023-12-31 0:10,-0.400349033,-0.91636273,-0.704522742,2.2,0,70.3,956.2,-33.926,131.299,-0.518713573,0,0,5.82,7.4,-0.854948086,7.701,-0.709681411,1012.5,1.171,1,0,10,0,0,0
2023-12-31 0:20,-0.270600446,-0.962691746,-0.549839461,2.4,0,70.9,956,-45.347,131.316,-0.4312356,0,0,7.284,7.5,-0.902239357,7.882,-0.835270356,1012.2,1.171,1,0,10,0,0,0
2023-12-31 0:30,0.267238376,-0.963630453,-0.414788531,0.9,0,72.4,955.9,-54.197,131.315,-0.229642073,0,0,6.436,7.4,-0.97327515,7.787,-0.909917839,1012.1,1.171,1,0,10,0,0,0
2023-12-31 0:40,0.346935652,-0.937888935,-0.315152163,2.5,0,73.1,955.6,-60.33,131.396,-0.341478863,0,0,6.006,7.3,-0.939889454,7.819,-0.949041155,1011.9,1.171,1,0,10,0,0,0
2023-12-31 0:50,-0.06104854,-0.998134798,-0.315152163,2.7,0,72.5,955.5,-60.33,131.543,-0.314936825,0,0,6.769,7.4,-0.949112636,7.793,-0.949041155,1011.7,1.171,1,0,10,0,0,0
2023-12-31 1:00,0.102792537,-0.994702817,-0.316162382,1.9,0,72.7,955.1,-60.33,131.625,-0.214275057,0,0,7.201,7.2,-0.976773362,7.936,-0.94870509,1011.4,1.17,1,0,10,0,0,0
2023-12-31 1:10,0.113203214,-0.993571856,-0.315152163,1.9,0,71.5,954.8,-60.33,131.601,-0.227331216,0,0,7.326,7.3,-0.973817497,8.064,-0.949041155,1011,1.17,1,0,10,0,0,0
2023-12-31 1:20,-0.791223533,-0.61152704,-0.315152163,1.1,0,73.2,954.9,-60.33,131.642,-0.346002433,0,0,7.12,7.1,-0.938233615,7.972,-0.949041155,1011.2,1.17,1,0,10,0,0,0
2023-12-31 1:30,-0.461748613,-0.887010833,-0.315152163,1,0,74,954.8,-60.33,131.718,-0.329970748,0,0,8.155,6.9,-0.943991158,7.887,-0.949041155,1011.1,1.171,1,0,10,0,0,0
2023-12-31 1:40,0.019197442,-0.999815712,-0.315152163,2.7,0,75,954.5,-60.33,131.756,-0.35275637,0,0,7.264,6.8,-0.935715204,7.799,-0.949041155,1010.8,1.171,1,0,10,0,0,0
2023-12-31 1:50,-0.170209499,-0.985407898,-0.315152163,1.8,0,71.7,954.6,-60.33,131.813,-0.373910644,0,0,7.734,7.3,-0.927464733,7.464,-0.949041155,1010.8,1.172,1,0,10,0,0,0
2023-12-31 2:00,-0.001745328,-0.999998477,-0.315152163,2.8,0,72.1,954.6,-60.33,131.783,-0.308801199,0,0,8.073,7.4,-0.951126606,7.287,-0.949041155,1010.8,1.173,1,0,10,0,0,0
2023-12-31 2:10,-0.139173101,-0.990268069,-0.315152163,4,0,76.5,954.3,-60.33,131.783,-0.439907823,0,0,6.586,7.1,-0.898042932,7.425,-0.949041155,1010.5,1.173,1,0,10,0,0,0
2023-12-31 2:20,-0.427357863,-0.90408255,-0.43601661,2.6,0,79.1,954.4,-52.844,131.921,-0.634042438,0,0,5.743,7,-0.773298252,7.664,-0.899938618,1010.7,1.172,1,0,10,0,0,0
2023-12-31 2:30,-0.554844427,-0.831954122,-0.617351721,2.1,0,80.8,954.3,-40.572,132.092,-0.807279742,0,0,6.17,6.7,-0.590168974,8.046,-0.786687264,1010.6,1.17,1,0,10,0,0,0
2023-12-31 2:40,0.071497444,-0.997440783,-0.791970064,2,0,82,954.2,-26.34,132.215,-0.627106955,0,0,6.157,6.5,-0.778933159,7.863,-0.610559922,1010.6,1.171,1,0,10,0,0,0
2023-12-31 2:50,0.092370587,-0.995724698,-0.624138724,3.5,0,80.9,954.1,-40.075,132.016,-0.523525001,0,0,7.693,7.1,-0.852010313,7.445,-0.781313543,1010.3,1.172,1,0,10,0,0,0
2023-12-31 3:00,0.187381315,-0.982287251,-0.592336651,2.3,0,79.7,954.1,-42.377,131.909,-0.567973036,0,0,6.559,7.3,-0.823047162,7.452,-0.805690568,1010.3,1.172,1,0,10,0,0,0
2023-12-31 3:10,-0.289031797,-0.957319498,-0.581555177,2.4,0,84.6,953.9,-43.141,131.845,-0.466093277,0,0,8.731,6.9,-0.884735586,7.468,-0.813506961,1010.2,1.172,1,0,10,0,0,0
2023-12-31 3:20,-0.233445364,-0.97236992,-0.478170768,1.8,0,86,953.8,-50.134,131.756,-0.571200747,0,0,7.532,6.9,-0.820810396,7.354,-0.878266882,1010.1,1.173,1,0,10,0,0,0
2023-12-31 3:30,-0.523985906,-0.851726934,-0.478170768,3.4,0,84.4,953.9,-50.134,131.694,-0.435419652,0,0,8.684,7.1,-0.900227597,7.186,-0.878266882,1010.1,1.174,1,0,10,0,0,0
2023-12-31 3:40,-0.146083029,-0.989272333,-0.519355058,1.2,0,87.8,953.5,-47.409,131.681,-0.714924353,0.5,0,6.084,6.5,-0.699201808,7.251,-0.854558555,1009.8,1.173,1,0,10,0,0,0
2023-12-31 3:50,-0.01396218,-0.999902524,-0.648080026,1.5,0,89.4,953.4,-38.295,131.84,-0.787225706,0,0,5.701,6.6,-0.616664972,7.532,-0.761572242,1009.7,1.172,1,0,10,0,0,0
2023-12-31 4:00,-0.332161132,-0.943222658,-0.753368312,1.9,0,90.4,953.1,-29.817,132.011,-0.78044132,0,0,5.433,6.3,-0.625229035,7.72,-0.657598804,1009.5,1.171,1,0,10,0,0,0
2023-12-31 4:10,0.346935652,-0.937888935,-0.753368312,1.2,0,91.5,952.9,-29.817,132.174,-0.810338326,0,0,5.854,6.3,-0.585962283,7.744,-0.657598804,1009.3,1.171,1,0,10,0,0,0
2023-12-31 4:20,-0.345298199,-0.938493023,-0.753368312,1.9,0,92.5,952.9,-29.817,132.274,-0.798551473,0,0,6.069,6.3,-0.601926528,7.634,-0.657598804,1009.3,1.172,1,0,10,0,0,0
2023-12-31 4:30,-0.584957675,-0.811063819,-0.753368312,3.2,0,91.4,952.8,-29.817,132.362,-0.781455136,0,0,5.03,6.6,-0.623961434,7.487,-0.657598804,1009.1,1.172,1,0,10,0,0,0
2023-12-31 4:40,-0.811063819,-0.584957675,-0.753368312,2.6,0,92.2,952.8,-29.817,132.469,-0.731460821,0,0,4.83,6.2,-0.681883471,7.008,-0.657598804,1009.2,1.174,1,0,10,0,0,0
2023-12-31 4:50,-0.512042865,-0.858959897,-0.753368312,2.8,0,93.1,952.8,-29.817,132.583,-0.803960665,0,0,5.218,6.1,-0.594682478,6.713,-0.657598804,1009.2,1.175,1,0,10,0,0,0
2023-12-31 5:00,-0.928485827,-0.371367836,-0.801462619,1.9,0,93.1,953,-25.424,132.687,-0.836104289,0,0,6.374,5.6,-0.548570522,6.568,-0.598044874,1009.6,1.176,1,0,10,0,0,0
2023-12-31 5:10,-0.355106962,-0.934825676,-0.834521054,2.4,0,93.4,952.6,-22.134,132.759,-0.778210267,0,0,5.751,5.7,-0.628003806,6.884,-0.550976052,1009.1,1.175,1,0,10,0,0,0
2023-12-31 5:20,-0.993767919,-0.111468932,-0.876020647,0.8,0,92.3,952.8,-17.535,132.834,-0.906293034,0,0,6.73,6,-0.422649898,6.845,-0.4822736,1009.2,1.175,1,0,10,0,0,0
2023-12-31 5:30,-0.54024032,0.841510782,-0.900698239,1.2,0,92.5,952.8,-14.45,132.862,-0.926692701,0,0,7.029,5.2,-0.375819953,6.845,-0.434445257,1009.5,1.175,1,0,10,0,0,0
2023-12-31 5:40,-0.999975631,-0.00698126,-0.900698239,1.1,0,93.5,952.7,-14.45,132.926,-0.94598355,0,0,7.561,5.4,-0.324214624,7.193,-0.434445257,1009.3,1.173,1,0,10,0,0,0
2023-12-31 5:50,-0.920504853,-0.390731128,-0.900698239,1.2,0,93.5,952.7,-14.45,132.982,-0.946299981,0,0,7.614,5.3,-0.323289879,7.048,-0.434445257,1009.3,1.174,1,0,10,0,0,0
2023-12-31 6:00,-0.9547608,-0.297374874,-0.93825173,1.4,0,94.2,952.7,-8.942,133.015,-0.975172549,0,0,7.649,5.2,-0.221446379,7.048,-0.345953307,1009.3,1.174,1,0,10,0,0,0
2023-12-31 6:10,-0.879648573,-0.475624209,-0.950298607,1,0,92.1,952.6,-6.84,132.955,-0.98204442,0,0,8.409,5.3,-0.188649825,6.817,-0.311339939,1009.2,1.175,1,0,10,0,0,0
2023-12-31 6:20,-0.903335293,0.428935133,-0.970464383,1.8,0,91,952.6,-2.66,132.624,-0.979785281,0,0,8.012,5.3,-0.200052002,6.382,-0.241244442,1009.2,1.177,1,0,10,0,0,0
2023-12-31 6:30,-0.789084085,0.6142852,-0.983156165,2,1,89.9,952.6,0.769,132.437,-0.988790284,0,0,8.079,4.2,-0.149310998,6.401,-0.182767491,1009.5,1.177,1,0,10,0,0,0
2023-12-31 6:40,-0.936672189,0.350207381,-0.983156165,2.8,0,91.1,952.6,0.769,132.348,-0.994914166,0,0,8.486,3.8,-0.100726377,6.264,-0.182767491,1009.5,1.177,1,0,10,0,0,0
2023-12-31 6:50,-0.751264134,0.660001668,-0.991801033,3.3,0,92,952.7,3.966,132.316,-0.999944436,0,0,8.7,3.7,0.010541593,5.586,-0.127791671,1009.6,1.18,1,0,10,0,0,0
2023-12-31 7:00,-0.864274802,0.503019947,-0.999962831,2.3,3,92.5,952.9,11.795,131.979,-0.99201816,0,0,9.775,3.6,0.126095086,4.492,0.00862182,1009.8,1.185,1,0,10,0,0,0
2023-12-31 7:10,-0.958819735,0.284015345,-0.995143582,3,6,93,952.9,16.949,131.63,-0.993140071,0,0,10.717,3.3,0.116930745,4.333,0.098433994,1009.9,1.186,1,0,10,0,0,0
2023-12-31 7:20,-0.959805292,0.280666709,-0.995143582,2.6,0,92.8,953,16.949,131.247,-0.999823993,0,0,11.916,3.4,0.018761189,4.74,0.098433994,1010,1.184,1,0,10,0,0,0
2023-12-31 7:30,-0.712026046,0.702153053,-0.995143582,1.6,0,92,953.1,16.949,130.767,-0.989656395,0,0,11.573,3.6,0.143458077,4.331,0.098433994,1010,1.186,1,0,10,0,0,0
2023-12-31 7:40,-0.76266833,0.64678978,-0.995143582,3.3,0,91.3,953.3,16.949,130.26,-0.983822564,0,0,11.216,3.9,0.179145645,4.128,0.098433994,1010.3,1.186,1,0,10,0,0,0
2023-12-31 7:50,-0.858959897,0.512042865,-0.995143582,3.4,0,90.3,953.5,16.949,129.998,-0.982450398,0,0,11.162,3.8,0.186524036,4.129,0.098433994,1010.4,1.186,1,0,10,0,0,0
2023-12-31 8:00,-0.597625147,0.801775644,-0.995143582,3.1,0,90.1,953.5,16.949,129.828,-0.984719736,0,0,10.655,3.7,0.174146611,4.116,0.098433994,1010.4,1.187,1,0,10,0,0,0
2023-12-31 8:10,-0.989272333,0.146083029,-0.995143582,2.8,0,89.9,953.5,16.949,129.512,-0.977008379,0,0,10.399,3.7,0.21320091,4.147,0.098433994,1010.4,1.186,1,0,10,0,0,0
2023-12-31 8:20,-0.937888935,0.346935652,-0.995143582,2.7,0,90.5,953.6,16.949,129.377,-0.97073325,0,0,9.561,3.7,0.240160273,4.108,0.098433994,1010.5,1.187,1,0,10,0,0,0
2023-12-31 8:30,-0.964557418,0.26387305,-0.973904715,3,0,91.3,953.8,24.418,129.41,-0.960822703,0,0,8.825,3.6,0.277163731,3.873,0.22695728,1010.8,1.188,1,0,10,0,0,0
2023-12-31 8:40,-0.503019947,0.864274802,-0.973343244,3.5,0,92.3,953.9,24.559,129.492,-0.944617188,0,0,7.746,3.4,0.328174294,3.65,0.229353286,1010.9,1.188,1,0,10,0,0,0
2023-12-31 8:50,-0.736097087,0.67687597,-0.973343244,3.4,0,93.6,954.1,24.559,129.525,-0.994745787,0,0,10.219,3.4,0.102375868,3.829,0.229353286,1011.1,1.188,1,0,10,0,0,0
2023-12-31 9:00,-0.463296035,0.886203579,-0.992704828,1.1,0,93.9,954,18.228,129.285,-0.998283034,0,0,10.345,3.5,-0.05857461,4.288,0.120569999,1011,1.186,1,0,10,0,0,0
2023-12-31 9:10,-0.780430407,0.625242656,-0.999904222,2.9,0,92.7,954.5,10.509,129.065,-0.999970513,0,0,9.27,3.8,0.007679373,4.08,-0.013840019,1011.5,1.187,1,0,10,0,0,0
2023-12-31 9:20,-0.949425478,0.313992456,-0.999064897,2,0,90.8,954.5,8.822,128.904,-0.997718577,0,0,9.051,4.1,-0.067510309,3.998,-0.043235777,1011.6,1.187,1,0,10,0,0,0
2023-12-31 9:30,-0.999975631,-0.00698126,-0.999064897,1.9,0,90.2,954.6,8.822,128.878,-0.999999588,0,0,8.742,4,0.000907571,4.045,-0.043235777,1011.7,1.187,1,0,10,0,0,0
2023-12-31 9:40,-0.996041065,-0.088894297,-0.999064897,1.9,0,90.1,954.7,8.822,128.81,-0.998608445,0,0,10.335,4.1,-0.052736828,4.155,-0.043235777,1011.8,1.186,1,0,10,0,0,0
2023-12-31 9:50,-0.85445883,0.519519112,-0.999064897,2.7,0,89.2,955,8.822,128.798,-0.999962227,0,0,9.17,4.2,-0.00869163,4.523,-0.043235777,1012.1,1.185,1,0,10,0,0,0
2023-12-31 10:00,-0.915662593,0.401947777,-0.999064897,1.3,0,88.5,955.1,8.822,128.774,-0.999183854,0,0,8.645,4.1,0.04039338,4.46,-0.043235777,1012.2,1.185,1,0,10,0,0,0
2023-12-31 10:10,-0.989015863,-0.147809411,-0.999064897,1.8,0,86.9,955.1,8.822,128.805,-0.998167683,0,0,7.008,4.1,0.060508488,4.644,-0.043235777,1012.2,1.184,1,0,10,0,0,0
2023-12-31 10:20,-0.991671162,0.128795597,-0.999064897,2.3,0,85.8,955,8.822,128.988,-0.999274262,0,0,9.11,4.3,-0.03809132,4.627,-0.043235777,1012,1.184,1,0,10,0,0,0
2023-12-31 10:30,-0.999780683,-0.02094242,-0.999064897,2.9,0,83.1,955.1,8.822,129.089,-0.999825953,0,0,9.575,4.6,-0.018656487,4.882,-0.043235777,1012.1,1.183,1,0,10,0,0,0
2023-12-31 10:40,-0.978147601,0.207911691,-0.999064897,3.7,0,78.5,955,8.822,129.128,-0.999699782,0,0,8.959,5.1,-0.02450197,5.001,-0.043235777,1011.8,1.183,1,0,10,0,0,0
2023-12-31 10:50,-0.718126298,0.695912797,-0.999999993,3.9,0,76.4,954.9,11.309,129.114,-0.996062757,0,0,9.217,5.1,0.088650915,4.766,0.000122173,1011.7,1.184,1,0,10,0,0,0
2023-12-31 11:00,-0.998629535,0.052335956,-0.999143897,5.7,0,74,954.9,13.668,128.834,-0.992732159,0,0,15.195,5.3,-0.120344759,5.065,0.041369947,1011.7,1.182,1,0,10,0,0,0
2023-12-31 11:10,-0.849892693,0.526955795,-0.997437038,3.2,0,70.7,955,7.197,128.536,-0.993654571,0,0,15.52,5.5,-0.112474857,5.168,-0.07154967,1011.7,1.182,1,0,10,0,0,0
2023-12-31 11:20,-0.912834177,0.40833046,-0.997437038,3.2,0,69.1,955.1,7.197,128.333,-0.998803578,0,0,14.941,5.4,-0.048902067,4.953,-0.07154967,1011.8,1.183,1,0,10,0,0,0
2023-12-31 11:30,-0.962217994,0.272280247,-0.999046698,5.6,0,69,955.1,8.8,128.161,-0.997566485,0,0,12.416,5,0.069721652,4.74,-0.043654261,1011.9,1.184,1,0,10,0,0,0
2023-12-31 11:40,-0.956304756,0.292371705,-0.997883963,5,0,70.7,955.1,15.028,127.921,-0.998749204,0,0,11.051,4.8,0.050000279,4.525,0.065019974,1012,1.185,1,0,10,0,0,0
2023-12-31 11:50,-0.820151876,0.572145873,-0.997883963,7,0,71.3,955.2,15.028,127.816,-0.997960427,0,0,11.278,4.7,0.063835616,4.512,0.065019974,1012.1,1.185,1,0,10,0,0,0
2023-12-31 12:00,-0.838670568,0.544639035,-0.997883963,3.7,0,73.2,955.1,15.028,127.739,-0.994708198,0,0,10.366,4.6,0.102740454,4.495,0.065019974,1012.1,1.185,1,0,10,0,0,0
2023-12-31 12:10,-0.998629535,0.052335956,-0.997883963,3.6,0,74.2,955.1,15.028,127.725,-0.996813777,0,0,10.993,4.6,0.07976399,4.509,0.065019974,1012.1,1.185,1,0,10,0,0,0
2023-12-31 12:20,-0.892585818,0.450877541,-0.997883963,5.6,0,73.4,955,15.028,127.663,-0.991157738,0,0,11.848,4.6,0.132688877,4.259,0.065019974,1011.9,1.186,1,0,10,0,0,0
2023-12-31 12:30,-0.975916762,0.218143241,-0.988271065,5.7,0,73.6,955,20.089,127.482,-0.978465776,0,0,11.826,4.6,0.206409119,4.192,0.152709865,1011.9,1.186,1,0,10,0,0,0
2023-12-31 12:40,-0.99950656,-0.031410759,-0.979194487,2.6,0,74.7,955.2,23.008,127.382,-0.963723678,0,0,10.308,4.4,0.266901989,4.228,0.202924019,1012.2,1.186,1,0,10,0,0,0
2023-12-31 12:50,-0.982287251,0.187381315,-0.979198028,3.1,0,76.8,955.5,23.007,127.361,-0.949720987,0,0,9.804,4.3,0.313097504,4.034,0.202906928,1012.6,1.187,1,0,10,0,0,0
2023-12-31 13:00,-0.600420225,0.799684658,-0.966689505,3.3,0,77.4,955.7,25.942,127.39,-0.940880769,0,0,10.522,4,0.33873792,3.848,0.25595195,1012.9,1.188,1,0,10,0,0,0
2023-12-31 13:10,-0.406736643,0.913545458,-0.943633542,4.1,0,80.6,956,30.629,127.39,-0.972658455,0,0,11.713,3.9,0.23224024,3.524,0.330992051,1013.2,1.189,1,0,10,0,0,0
2023-12-31 13:20,-0.917060074,0.398749069,-0.943702844,5.4,0,78.3,956.3,30.617,127.411,-0.924997646,0,0,10.151,3.9,0.379972835,3.451,0.33079441,1013.5,1.189,1,0,10,0,0,0
2023-12-31 13:30,-0.774944489,0.632029303,-0.943656648,4.7,0,77.2,956.4,30.625,127.388,-0.961324211,0,0,11.217,3.8,0.275419245,3.247,0.330926172,1013.5,1.19,1,0,10,0,0,0
2023-12-31 13:40,-0.982612797,0.185666615,-0.943668199,4.1,0,76.4,956.4,30.623,127.278,-0.966524017,0,0,11.737,3.8,0.256576158,3.317,0.330893232,1013.5,1.19,1,0,10,0,0,0
2023-12-31 13:50,-0.937281989,0.348572047,-0.943645096,4.9,0,74.1,956.5,30.627,127.212,-0.963125009,0,0,13.552,3.9,0.269054301,3.421,0.330959112,1013.7,1.189,1,0,10,0,0,0
2023-12-31 14:00,-0.813100761,0.58212297,-0.965645192,4.2,0,72.7,956.7,26.363,127.12,-0.977607284,0,0,14.601,3.8,0.210437635,3.535,0.259864126,1013.8,1.189,1,0,10,0,0,0
2023-12-31 14:10,-0.77384021,0.633380873,-0.979903821,5.1,0,71.6,957,22.806,127.125,-0.971453969,0,0,15.126,3.7,0.237228132,3.547,0.199470551,1014.1,1.189,1,0,10,0,0,0
2023-12-31 14:20,-0.872069272,0.489382452,-0.979809714,6.1,0,74,957.4,22.834,127.008,-0.989477864,0,0,17.235,3.6,0.144684332,3.248,0.199932297,1014.6,1.19,1,0,10,0,0,0
2023-12-31 14:30,-0.858959897,0.512042865,-0.979966439,5.7,0,74.7,957.5,22.788,126.838,-0.992290896,0,0,17.006,3.5,0.12393054,3.251,0.199162695,1014.7,1.19,1,0,10,0,0,0
2023-12-31 14:40,-0.982935349,0.183951351,-0.97997339,4.7,0,76.5,957.5,22.786,126.705,-0.99480814,0,0,15.781,3.4,0.101768193,3.118,0.199128488,1014.7,1.191,1,0,10,0,0,0
2023-12-31 14:50,-0.904827052,0.425779292,-0.979969915,4.9,0,76.4,958,22.787,126.628,-0.990619492,0,0,15.409,3.4,0.13664927,3.05,0.199145591,1015.3,1.191,1,0,10,0,0,0
2023-12-31 15:00,-0.977415894,0.211324796,-0.979938621,5.3,0,76.8,958.2,22.796,126.511,-0.98530374,0,0,14.651,3.4,0.170811419,2.821,0.199299522,1015.5,1.192,1,0,10,0,0,0
2023-12-31 15:10,-0.877982975,0.478691858,-0.97997339,4.4,0,78.4,958.2,22.786,126.296,-0.993889885,0,0,13.652,3.2,0.11037616,2.729,0.199128488,1015.5,1.192,1,0,10,0,0,0
2023-12-31 15:20,-0.851726934,0.523985906,-0.97997339,4.4,0,78.6,958.4,22.786,126.15,-0.998069237,0,0,13.891,3.1,0.06211117,2.751,0.199128488,1015.8,1.192,1,0,10,0,0,0
2023-12-31 15:30,-0.759271307,0.650774217,-0.97997339,6.5,0,78.6,958.7,22.786,126.053,-0.991238608,0,0,12.431,3.1,0.132083388,2.784,0.199128488,1016.1,1.192,1,0,10,0,0,0
2023-12-31 15:40,-0.963630453,0.267238376,-0.97997339,4.5,0,78.7,959.1,22.786,126.032,-0.984689326,0,0,11.012,3.2,0.174318475,2.823,0.199128488,1016.5,1.192,1,0,10,0,0,0
2023-12-31 15:50,-0.970716482,0.240228042,-0.97997339,5.4,0,78.6,959.3,22.786,126.008,-0.994809916,0,0,11.069,3.1,0.10175083,2.677,0.199128488,1016.7,1.193,1,0,10,0,0,0
2023-12-31 16:00,-0.999450216,-0.033155178,-0.982528443,3.1,0,79.1,959.5,22.03,125.901,-0.998507265,0,0,11.935,3,0.054619065,2.645,0.186112492,1017,1.193,1,0,10,0,0,0
2023-12-31 16:10,-0.817144898,0.576432316,-0.997799154,4.1,0,79.4,959.8,15.102,125.888,-0.997649725,0,0,11.44,3,0.068520255,2.633,0.06630873,1017.3,1.193,1,0,10,0,0,0
2023-12-31 16:20,-0.943800952,0.330514393,-0.997799154,4.1,0,78.9,959.9,15.102,125.945,-0.992402963,0,0,11.462,2.9,0.123029914,2.55,0.06630873,1017.4,1.193,1,0,10,0,0,0
2023-12-31 16:30,-0.812083527,0.583541211,-0.997799154,2.9,0,79.9,960.2,15.102,125.915,-0.982944979,0,0,11.789,2.8,0.183899884,2.338,0.06630873,1017.8,1.194,1,0,10,0,0,0
2023-12-31 16:40,-0.822144041,0.569279523,-0.997799154,4.8,0,79.7,960.5,15.102,125.905,-0.983637568,0,0,14.024,2.7,0.180158635,2.693,0.06630873,1018.1,1.193,1,0,10,0,0,0
2023-12-31 16:50,-0.890212805,0.455544907,-0.989892897,2.5,0,79.5,960.9,19.452,126.105,-0.972788011,0,0,13.975,2.7,0.231696969,2.655,0.141816968,1018.5,1.193,1,0,10,0,0,0
2023-12-31 17:00,-0.990268069,0.139173101,-0.980229756,2.9,0,80.3,961,22.712,126.185,-0.973287173,0,0,14.054,2.5,0.229591112,2.377,0.197862644,1018.7,1.194,1,0,10,0,0,0
2023-12-31 17:10,-0.996778878,-0.080198924,-0.980229756,3.8,0,81.3,961,22.712,126.024,-0.98097549,0,0,14.349,2.3,0.194131625,2.054,0.197862644,1018.7,1.195,1,0,10,0,0,0
2023-12-31 17:20,-0.832921241,0.553391549,-0.980229756,4.2,0,81.8,961.1,22.712,125.866,-0.985124326,0,0,14.719,2.2,0.171843133,2.171,0.197862644,1018.9,1.195,1,0,10,0,0,0
2023-12-31 17:30,-0.599023599,0.800731371,-0.980229756,5.1,0,82.4,961.3,22.712,125.874,-0.965295087,0,0,12.81,2.1,0.261161625,2.115,0.197862644,1019.1,1.195,1,0,10,0,0,0
2023-12-31 17:40,-0.713250449,0.700909264,-0.980229756,4.7,0,83.5,961.5,22.712,125.887,-0.94345432,0,0,12.165,1.9,0.331502557,1.794,0.197862644,1019.4,1.197,1,0,10,0,0,0
2023-12-31 17:50,-0.766044443,0.64278761,-0.949337757,4.3,0,84,961.7,29.614,125.872,-0.923076016,0,0,11.878,1.8,0.38461756,1.967,0.314257573,1019.6,1.196,1,0,10,0,0,0
2023-12-31 18:00,-0.958322574,0.285688367,-0.945393497,4.5,0,85.1,962.1,30.322,125.99,-0.911115763,0,0,12.244,1.8,0.412150538,2.102,0.325931184,1020,1.195,1,0,10,0,0,0
2023-12-31 18:10,-0.923879533,0.382683432,-0.945393497,4.2,0,85.9,962.3,30.322,126.072,-0.889049105,0,0,11.77,1.6,0.457811849,1.879,0.325931184,1020.3,1.196,1,0,10,0,0,0
2023-12-31 18:20,-0.941470545,0.337095258,-0.894036983,5.3,0,86,962.5,37.914,125.916,-0.852722228,0,0,12.844,1.6,0.522364626,1.81,0.447993162,1020.5,1.196,1,0,10,0,0,0
2023-12-31 18:30,-0.763796029,0.645457688,-0.892751014,3.9,0,86.1,962.8,38.079,125.941,-0.83514558,0,0,11.612,1.8,0.550028963,1.901,0.450550361,1020.8,1.196,1,0,10,0,0,0
2023-12-31 18:40,-0.847121921,0.53139858,-0.892751014,5.1,0,84.9,962.9,38.079,126.06,-0.881113687,0,0,10.931,1.9,0.472904505,1.85,0.450550361,1020.9,1.196,1,0,10,0,0,0
2023-12-31 18:50,-0.872069272,0.489382452,-0.892751014,3,0,84.8,963.2,38.079,125.953,-0.877665302,0,0,11.474,1.9,0.479274053,1.633,0.450550361,1021.2,1.197,1,0,10,0,0,0
2023-12-31 19:00,-0.903335293,0.428935133,-0.892751014,3,0,86,963.4,38.079,125.953,-0.868259432,0,0,10.702,1.7,0.496110429,1.68,0.450550361,1021.4,1.197,1,0,10,0,0,0
2023-12-31 19:10,-0.988756381,0.149535343,-0.892751014,4,0,86.3,963.6,38.079,126.037,-0.861451944,0,0,10.183,1.7,0.507839097,1.619,0.450550361,1021.7,1.197,1,0,10,0,0,0
2023-12-31 19:20,-0.977045574,0.213030386,-0.892751014,2.9,0,86.8,963.8,38.079,125.984,-0.909432176,0,0,9.981,1.6,0.415852279,1.323,0.450550361,1021.9,1.199,1,0,10,0,0,0
2023-12-31 19:30,-0.974370065,0.224951054,-0.892751014,3.2,0,87.9,964,38.079,126.037,-0.918742976,0,0,10.241,1.4,0.394856105,1.361,0.450550361,1022.2,1.198,1,0,10,0,0,0
2023-12-31 19:40,-0.956813584,0.290702194,-0.892751014,2.7,0,88.1,964.1,38.079,126.115,-0.926967943,0,0,10.051,1.4,0.375140551,1.344,0.450550361,1022.3,1.198,1,0,10,0,0,0
2023-12-31 19:50,-0.89179753,0.452434709,-0.891402366,3.5,0,89.3,964.2,38.079,126.206,-0.924486164,0,0,10.441,1,0.381215599,1.217,0.453212777,1022.5,1.199,1,0,10,0,0,0
2023-12-31 20:00,-0.921863152,0.387515586,-0.892751014,2.4,0,89.9,964.5,38.079,126.107,-0.923216924,0,0,10.356,0.9,0.38427921,1.028,0.450550361,1022.8,1.2,1,0,10,0,0,0
2023-12-31 20:10,-0.985109326,0.1719291,-0.892751014,2.6,0,89.9,964.7,38.079,126.047,-0.935320588,0,0,10.319,1.1,0.353801354,1.158,0.450550361,1023,1.199,1,0,10,0,0,0
2023-12-31 20:20,-0.999610115,-0.027921639,-0.892751014,3.7,0,89.2,964.8,38.079,126.178,-0.893261572,0,0,9.581,1.2,0.449537277,1.351,0.450550361,1023.1,1.198,1,0,10,0,0,0
2023-12-31 20:30,-0.967267753,0.253757945,-0.892751014,3.8,0,88.9,964.9,38.079,126.409,-0.889240795,0,0,9.537,1.2,0.457439405,1.391,0.450550361,1023.2,1.198,1,0,10,0,0,0
2023-12-31 20:40,-0.917060074,0.398749069,-0.892751014,2.8,0,88.9,965,38.079,126.407,-0.890045779,0,0,9.229,1.2,0.455871157,1.061,0.450550361,1023.3,1.2,1,0,10,0,0,0
2023-12-31 20:50,-0.81004164,0.586372357,-0.892751014,3.4,0,88.7,965,38.079,126.561,-0.871025253,0,0,8.574,1.2,0.49123824,1.495,0.450550361,1023.3,1.198,1,0,10,0,0,0
2023-12-31 21:00,-0.994150964,-0.107999356,-0.892751014,2.4,0,87.8,965.1,38.079,126.89,-0.832234848,0,0,7.88,1.3,0.554423267,1.743,0.450550361,1023.3,1.197,1,0,10,0,0,0
2023-12-31 21:10,-0.987136265,0.159881188,-0.837423124,1.6,0,86.9,965.2,44.429,127.239,-0.770691215,0,0,7.994,1.3,0.637208797,1.923,0.546555131,1023.5,1.196,1,0,10,0,0,0
2023-12-31 21:20,0.998719357,0.05059294,-0.777607069,2.9,0,87.3,965.3,50.257,127.55,-0.736958891,0,0,6.787,1.1,0.675937566,1.922,0.628750544,1023.6,1.196,1,0,10,0,0,0
2023-12-31 21:30,0.743144825,0.669130606,-0.739701569,4.7,0,85.1,965.4,53.594,127.84,-0.803368654,0,0,7.104,1.5,0.595481994,1.749,0.672935056,1023.6,1.197,1,0,10,0,0,0
2023-12-31 21:40,0.377840787,0.925870585,-0.739701569,2.3,0,84.6,965.5,53.594,128.104,-0.728586191,0,0,7.431,1.4,0.684954132,1.752,0.672935056,1023.7,1.197,1,0,10,0,0,0
2023-12-31 21:50,0.939692621,0.342020143,-0.724027412,3.2,0,85.7,965.7,54.907,128.334,-0.617996837,0,0,7.822,1.2,0.786180583,1.951,0.689771199,1024,1.196,1,0,10,0,0,0
2023-12-31 22:00,0.727772758,0.685818353,-0.634690052,3.2,0,85.8,965.8,61.909,128.492,-0.510753004,0,0,8.13,1.1,0.859727497,1.853,0.772766807,1024.1,1.196,1,0,10,0,0,0
2023-12-31 22:10,0.702153053,0.712026046,-0.533835909,3,0,85.1,966,69.035,128.472,-0.49175503,0,0,7.518,1.2,0.870733593,1.712,0.845588093,1024.3,1.197,1,0,10,0,0,0
2023-12-31 22:20,0.731353702,0.68199836,-0.533835909,2.3,0,85.6,966.1,69.035,128.58,-0.432101489,0,0,8.275,1.3,0.901824985,2.016,0.845588093,1024.4,1.196,1,0,10,0,0,0
2023-12-31 22:30,0.911403277,0.411514359,-0.430243275,2.4,0,84.8,966.2,75.815,128.737,-0.263687863,0,0,9.44,1.4,0.964608061,2.122,0.90271298,1024.5,1.195,1,0,10,0,0,0
2023-12-31 22:40,0.905568799,0.424199423,-0.29800803,3.7,0,84.5,966.2,83.96,128.815,-0.192641853,0,0,9.283,1.5,0.981269136,2.017,0.954563363,1024.5,1.196,1,0,10,0,0,0
2023-12-31 22:50,0.619779032,0.784776371,-0.278303863,3.6,0,85,966.4,85.141,128.6,-0.19491914,0,0,10.766,1.5,0.980819315,1.934,0.960493082,1024.7,1.196,1,0,10,0,0,0
2023-12-31 23:00,0.518027009,0.85536426,-0.215025102,4.3,0,85.2,966.5,88.883,128.605,-0.064392972,0,0,8.023,1.7,0.997924619,2.14,0.976608522,1024.7,1.195,1,0,10,0,0,0
2023-12-31 23:10,0.618408395,0.785856893,-0.147377857,4.7,0,84.3,966.6,92.825,128.743,-0.055542686,0,0,8.58,2,0.998456314,2.154,0.989080263,1024.8,1.195,1,0,10,0,0,0
2023-12-31 23:20,0.832921241,0.553391549,-0.08466915,4.7,0,84.9,966.8,96.444,128.869,-0.011972673,0,0,8.8,2.1,0.999928325,2.212,0.99640912,1024.9,1.195,1,0,10,0,0,0
2023-12-31 23:30,0.67687597,0.736097087,0.002949602,5.8,0,85.3,966.9,101.469,128.803,0.02122161,0,0,9.615,2,0.999774796,1.977,0.99999565,1025.1,1.196,1,0,10,0,0,0
2023-12-31 23:40,0.556295616,0.830984469,0.002949602,7.3,0,83.3,967,101.469,128.507,0.032335314,0,0,9.938,2.2,0.999477077,2.09,0.99999565,1025.1,1.195,1,0,10,0,0,0
2023-12-31 23:50,0.54170821,0.840566603,0.002949602,5.3,0,82.3,967,101.469,128.45,-0.017068491,0,0,9.868,2.1,0.999854323,2.167,0.99999565,1025.2,1.195,1,0,10,0,0,0
